2025-04-22 17:14:16,943 Worker rq:worker:b99fb031a67f4059bd281cd79e47e8d4 started with PID 18628, version 2.3.2
2025-04-22 17:14:16,943 Subscribing to channel rq:pubsub:b99fb031a67f4059bd281cd79e47e8d4
2025-04-22 17:14:16,944 *** Listening on home-rohy-evalaivr-evaluation:short, home-rohy-evalaivr-evaluation:default, home-rohy-evalaivr-evaluation:long...
2025-04-22 17:14:16,945 Cleaning registries for queue: home-rohy-evalaivr-evaluation:short
2025-04-22 17:14:16,947 Cleaning registries for queue: home-rohy-evalaivr-evaluation:default
2025-04-22 17:14:16,948 Cleaning registries for queue: home-rohy-evalaivr-evaluation:long
2025-04-22 17:19:20,629 home-rohy-evalaivr-evaluation:default: frappe.utils.background_jobs.execute_job(event=None, is_async=True, job_name='frappe.model.delete_doc.delete_dynamic_links', kwargs={'doctype': 'Property Setter', 'name': 'Sales Order-tax_id-hidden'}, method='frappe.model.delete_doc.delete_dynamic_links', site='erpnext.localhost', user='Administrator') (erpnext.localhost||767aa590-1191-4f37-aaf9-e3dded64306a)
2025-04-22 17:19:20,669 home-rohy-evalaivr-evaluation:default: frappe.utils.background_jobs.execute_job(event=None, is_async=True, job_name='frappe.model.delete_doc.delete_dynamic_links', kwargs={'doctype': 'Property Setter', 'name': 'Sales Order-tax_id-print_hide'}, method='frappe.model.delete_doc.delete_dynamic_links', site='erpnext.localhost', user='Administrator') (erpnext.localhost||e402e877-a2ef-4c38-9230-d7cc3a4a9a82)
2025-04-22 17:19:20,687 home-rohy-evalaivr-evaluation:default: frappe.utils.background_jobs.execute_job(event=None, is_async=True, job_name='frappe.model.delete_doc.delete_dynamic_links', kwargs={'doctype': 'Property Setter', 'name': 'Sales Invoice-tax_id-hidden'}, method='frappe.model.delete_doc.delete_dynamic_links', site='erpnext.localhost', user='Administrator') (erpnext.localhost||f5e49e64-d3e9-4a76-890d-3f722ac9ae77)
2025-04-22 17:19:20,703 home-rohy-evalaivr-evaluation:default: frappe.utils.background_jobs.execute_job(event=None, is_async=True, job_name='frappe.model.delete_doc.delete_dynamic_links', kwargs={'doctype': 'Property Setter', 'name': 'Sales Invoice-tax_id-print_hide'}, method='frappe.model.delete_doc.delete_dynamic_links', site='erpnext.localhost', user='Administrator') (erpnext.localhost||6865dfba-d82b-4f2d-b5c5-ba7f2da2067d)
2025-04-22 17:19:20,720 home-rohy-evalaivr-evaluation:default: frappe.utils.background_jobs.execute_job(event=None, is_async=True, job_name='frappe.model.delete_doc.delete_dynamic_links', kwargs={'doctype': 'Property Setter', 'name': 'Delivery Note-tax_id-hidden'}, method='frappe.model.delete_doc.delete_dynamic_links', site='erpnext.localhost', user='Administrator') (erpnext.localhost||5ae61417-7656-479f-b3b1-da8b46ab727b)
2025-04-22 17:19:20,739 home-rohy-evalaivr-evaluation:default: frappe.utils.background_jobs.execute_job(event=None, is_async=True, job_name='frappe.model.delete_doc.delete_dynamic_links', kwargs={'doctype': 'Property Setter', 'name': 'Delivery Note-tax_id-print_hide'}, method='frappe.model.delete_doc.delete_dynamic_links', site='erpnext.localhost', user='Administrator') (erpnext.localhost||0ed10511-a2ee-41f8-83bd-3ec203808953)
2025-04-22 17:19:20,753 home-rohy-evalaivr-evaluation:default: frappe.utils.background_jobs.execute_job(event=None, is_async=True, job_name='frappe.model.delete_doc.delete_dynamic_links', kwargs={'doctype': 'Property Setter', 'name': 'Packed Item-rate-read_only'}, method='frappe.model.delete_doc.delete_dynamic_links', site='erpnext.localhost', user='Administrator') (erpnext.localhost||cf4b33cb-a148-44f2-ade1-8384abcaad2a)
2025-04-22 17:19:20,766 home-rohy-evalaivr-evaluation:default: frappe.utils.background_jobs.execute_job(event=None, is_async=True, job_name='frappe.model.delete_doc.delete_dynamic_links', kwargs={'doctype': 'Property Setter', 'name': 'Sales Invoice Item-discount_account..., method='frappe.model.delete_doc.delete_dynamic_links', site='erpnext.localhost', user='Administrator') (erpnext.localhost||e859c5d1-0d00-4a8f-b843-c4487210b055)
2025-04-22 17:19:20,780 home-rohy-evalaivr-evaluation:default: frappe.utils.background_jobs.execute_job(event=None, is_async=True, job_name='frappe.model.delete_doc.delete_dynamic_links', kwargs={'doctype': 'Property Setter', 'name': 'Sales Invoice Item-discount_account..., method='frappe.model.delete_doc.delete_dynamic_links', site='erpnext.localhost', user='Administrator') (erpnext.localhost||743482b6-8fd6-45fa-8a2d-f413f1518d3d)
2025-04-22 17:19:20,793 home-rohy-evalaivr-evaluation:default: frappe.utils.background_jobs.execute_job(event=None, is_async=True, job_name='frappe.model.delete_doc.delete_dynamic_links', kwargs={'doctype': 'Property Setter', 'name': 'Sales Invoice-additional_discount_a..., method='frappe.model.delete_doc.delete_dynamic_links', site='erpnext.localhost', user='Administrator') (erpnext.localhost||0302e43b-12a5-458c-955f-f59653d4417b)
2025-04-22 17:19:20,808 home-rohy-evalaivr-evaluation:default: frappe.utils.background_jobs.execute_job(event=None, is_async=True, job_name='frappe.model.delete_doc.delete_dynamic_links', kwargs={'doctype': 'Property Setter', 'name': 'Sales Invoice-additional_discount_a..., method='frappe.model.delete_doc.delete_dynamic_links', site='erpnext.localhost', user='Administrator') (erpnext.localhost||04e7c533-007d-4012-854b-3fe8c659d346)
2025-04-22 17:20:00,375 Worker b99fb031a67f4059bd281cd79e47e8d4 [PID 18628]: warm shut down requested
2025-04-22 17:20:00,378 Unsubscribing from channel rq:pubsub:b99fb031a67f4059bd281cd79e47e8d4
2025-04-22 17:20:10,272 Worker rq:worker:2f75e35b61954161aceace73e1b5b1e0 started with PID 19170, version 2.3.2
2025-04-22 17:20:10,273 Subscribing to channel rq:pubsub:2f75e35b61954161aceace73e1b5b1e0
2025-04-22 17:20:10,274 *** Listening on home-rohy-evalaivr-evaluation:short, home-rohy-evalaivr-evaluation:default, home-rohy-evalaivr-evaluation:long...
2025-04-22 17:20:10,274 Cleaning registries for queue: home-rohy-evalaivr-evaluation:short
2025-04-22 17:20:10,276 Cleaning registries for queue: home-rohy-evalaivr-evaluation:default
2025-04-22 17:20:10,277 Cleaning registries for queue: home-rohy-evalaivr-evaluation:long
2025-04-22 17:21:02,015 Worker 2f75e35b61954161aceace73e1b5b1e0 [PID 19170]: warm shut down requested
2025-04-22 17:21:02,017 Unsubscribing from channel rq:pubsub:2f75e35b61954161aceace73e1b5b1e0
2025-04-22 17:21:05,013 Worker rq:worker:788fcd017c71498f9ef65546fcf28348 started with PID 19369, version 2.3.2
2025-04-22 17:21:05,013 Subscribing to channel rq:pubsub:788fcd017c71498f9ef65546fcf28348
2025-04-22 17:21:05,014 *** Listening on home-rohy-evalaivr-evaluation:short, home-rohy-evalaivr-evaluation:default, home-rohy-evalaivr-evaluation:long...
2025-04-22 17:21:05,015 Cleaning registries for queue: home-rohy-evalaivr-evaluation:short
2025-04-22 17:21:05,016 Cleaning registries for queue: home-rohy-evalaivr-evaluation:default
2025-04-22 17:21:05,017 Cleaning registries for queue: home-rohy-evalaivr-evaluation:long
2025-04-22 17:23:29,887 home-rohy-evalaivr-evaluation:default: frappe.utils.background_jobs.execute_job(event=None, is_async=True, job_name='frappe.core.doctype.user.user.create_contact', kwargs={'user': <User: doctype=User rohyrajoelina@gmail.com>, 'ignore_mandatory': ..., method='frappe.core.doctype.user.user.create_contact', site='erpnext.localhost', user='Administrator') (erpnext.localhost||f1e3993f-29a2-4bd8-bf15-af5d22430a1a)
2025-04-22 17:23:30,794 Successfully completed frappe.utils.background_jobs.execute_job(event=None, is_async=True, job_name='frappe.core.doctype.user.user.create_contact', kwargs={'user': <User: doctype=User rohyrajoelina@gmail.com>, 'ignore_mandatory': ..., method='frappe.core.doctype.user.user.create_contact', site='erpnext.localhost', user='Administrator') job in 0:00:00.821239s on worker 788fcd017c71498f9ef65546fcf28348
2025-04-22 17:23:30,794 home-rohy-evalaivr-evaluation:default: Job OK (erpnext.localhost||f1e3993f-29a2-4bd8-bf15-af5d22430a1a)
2025-04-22 17:23:30,794 Result is kept for 600 seconds
2025-04-22 17:23:30,802 home-rohy-evalaivr-evaluation:default: frappe.utils.background_jobs.execute_job(event=None, is_async=True, job_name='frappe.core.doctype.user.user.update_gravatar', kwargs={'name': 'rohyrajoelina@gmail.com'}, method='frappe.core.doctype.user.user.update_gravatar', site='erpnext.localhost', user='Administrator') (erpnext.localhost||07947184-37e6-4c12-b04e-c59ef6bbe34d)
2025-04-22 17:23:31,136 Successfully completed frappe.utils.background_jobs.execute_job(event=None, is_async=True, job_name='frappe.core.doctype.user.user.update_gravatar', kwargs={'name': 'rohyrajoelina@gmail.com'}, method='frappe.core.doctype.user.user.update_gravatar', site='erpnext.localhost', user='Administrator') job in 0:00:00.327241s on worker 788fcd017c71498f9ef65546fcf28348
2025-04-22 17:23:31,137 home-rohy-evalaivr-evaluation:default: Job OK (erpnext.localhost||07947184-37e6-4c12-b04e-c59ef6bbe34d)
2025-04-22 17:23:31,137 Result is kept for 600 seconds
2025-04-22 17:23:31,141 home-rohy-evalaivr-evaluation:default: frappe.utils.background_jobs.execute_job(event=None, is_async=True, job_name='frappe.model.delete_doc.delete_dynamic_links', kwargs={'doctype': 'Property Setter', 'name': 'Customer-naming_series-reqd'}, method='frappe.model.delete_doc.delete_dynamic_links', site='erpnext.localhost', user='Administrator') (erpnext.localhost||e22ff2d2-2aaf-44d3-8cfb-dc36fd703051)
2025-04-22 17:23:31,187 Successfully completed frappe.utils.background_jobs.execute_job(event=None, is_async=True, job_name='frappe.model.delete_doc.delete_dynamic_links', kwargs={'doctype': 'Property Setter', 'name': 'Customer-naming_series-reqd'}, method='frappe.model.delete_doc.delete_dynamic_links', site='erpnext.localhost', user='Administrator') job in 0:00:00.039706s on worker 788fcd017c71498f9ef65546fcf28348
2025-04-22 17:23:31,187 home-rohy-evalaivr-evaluation:default: Job OK (erpnext.localhost||e22ff2d2-2aaf-44d3-8cfb-dc36fd703051)
2025-04-22 17:23:31,187 Result is kept for 600 seconds
2025-04-22 17:23:31,193 home-rohy-evalaivr-evaluation:default: frappe.utils.background_jobs.execute_job(event=None, is_async=True, job_name='frappe.model.delete_doc.delete_dynamic_links', kwargs={'doctype': 'Property Setter', 'name': 'Customer-naming_series-hidden'}, method='frappe.model.delete_doc.delete_dynamic_links', site='erpnext.localhost', user='Administrator') (erpnext.localhost||712d50c3-6520-4e8e-9b82-acdb365784e3)
2025-04-22 17:23:31,234 Successfully completed frappe.utils.background_jobs.execute_job(event=None, is_async=True, job_name='frappe.model.delete_doc.delete_dynamic_links', kwargs={'doctype': 'Property Setter', 'name': 'Customer-naming_series-hidden'}, method='frappe.model.delete_doc.delete_dynamic_links', site='erpnext.localhost', user='Administrator') job in 0:00:00.035319s on worker 788fcd017c71498f9ef65546fcf28348
2025-04-22 17:23:31,234 home-rohy-evalaivr-evaluation:default: Job OK (erpnext.localhost||712d50c3-6520-4e8e-9b82-acdb365784e3)
2025-04-22 17:23:31,234 Result is kept for 600 seconds
2025-04-22 17:23:31,238 home-rohy-evalaivr-evaluation:default: frappe.utils.background_jobs.execute_job(event=None, is_async=True, job_name='frappe.model.delete_doc.delete_dynamic_links', kwargs={'doctype': 'Property Setter', 'name': 'Sales Order-tax_id-hidden'}, method='frappe.model.delete_doc.delete_dynamic_links', site='erpnext.localhost', user='Administrator') (erpnext.localhost||0559afe8-ec43-4182-be51-463305aab302)
2025-04-22 17:23:31,291 Successfully completed frappe.utils.background_jobs.execute_job(event=None, is_async=True, job_name='frappe.model.delete_doc.delete_dynamic_links', kwargs={'doctype': 'Property Setter', 'name': 'Sales Order-tax_id-hidden'}, method='frappe.model.delete_doc.delete_dynamic_links', site='erpnext.localhost', user='Administrator') job in 0:00:00.047600s on worker 788fcd017c71498f9ef65546fcf28348
2025-04-22 17:23:31,291 home-rohy-evalaivr-evaluation:default: Job OK (erpnext.localhost||0559afe8-ec43-4182-be51-463305aab302)
2025-04-22 17:23:31,292 Result is kept for 600 seconds
2025-04-22 17:23:31,297 home-rohy-evalaivr-evaluation:default: frappe.utils.background_jobs.execute_job(event=None, is_async=True, job_name='frappe.model.delete_doc.delete_dynamic_links', kwargs={'doctype': 'Property Setter', 'name': 'Sales Order-tax_id-print_hide'}, method='frappe.model.delete_doc.delete_dynamic_links', site='erpnext.localhost', user='Administrator') (erpnext.localhost||835e2f86-a052-461a-aca2-6061727b9baa)
2025-04-22 17:23:31,337 Successfully completed frappe.utils.background_jobs.execute_job(event=None, is_async=True, job_name='frappe.model.delete_doc.delete_dynamic_links', kwargs={'doctype': 'Property Setter', 'name': 'Sales Order-tax_id-print_hide'}, method='frappe.model.delete_doc.delete_dynamic_links', site='erpnext.localhost', user='Administrator') job in 0:00:00.033344s on worker 788fcd017c71498f9ef65546fcf28348
2025-04-22 17:23:31,337 home-rohy-evalaivr-evaluation:default: Job OK (erpnext.localhost||835e2f86-a052-461a-aca2-6061727b9baa)
2025-04-22 17:23:31,337 Result is kept for 600 seconds
2025-04-22 17:23:31,341 home-rohy-evalaivr-evaluation:default: frappe.utils.background_jobs.execute_job(event=None, is_async=True, job_name='frappe.model.delete_doc.delete_dynamic_links', kwargs={'doctype': 'Property Setter', 'name': 'Sales Invoice-tax_id-hidden'}, method='frappe.model.delete_doc.delete_dynamic_links', site='erpnext.localhost', user='Administrator') (erpnext.localhost||c91cf52c-52b2-4749-951c-c6dfd19564d7)
2025-04-22 17:23:31,379 Successfully completed frappe.utils.background_jobs.execute_job(event=None, is_async=True, job_name='frappe.model.delete_doc.delete_dynamic_links', kwargs={'doctype': 'Property Setter', 'name': 'Sales Invoice-tax_id-hidden'}, method='frappe.model.delete_doc.delete_dynamic_links', site='erpnext.localhost', user='Administrator') job in 0:00:00.032093s on worker 788fcd017c71498f9ef65546fcf28348
2025-04-22 17:23:31,379 home-rohy-evalaivr-evaluation:default: Job OK (erpnext.localhost||c91cf52c-52b2-4749-951c-c6dfd19564d7)
2025-04-22 17:23:31,379 Result is kept for 600 seconds
2025-04-22 17:23:31,384 home-rohy-evalaivr-evaluation:default: frappe.utils.background_jobs.execute_job(event=None, is_async=True, job_name='frappe.model.delete_doc.delete_dynamic_links', kwargs={'doctype': 'Property Setter', 'name': 'Sales Invoice-tax_id-print_hide'}, method='frappe.model.delete_doc.delete_dynamic_links', site='erpnext.localhost', user='Administrator') (erpnext.localhost||d8227c78-1e3f-4801-a6ea-987495fa68f3)
2025-04-22 17:23:31,429 Successfully completed frappe.utils.background_jobs.execute_job(event=None, is_async=True, job_name='frappe.model.delete_doc.delete_dynamic_links', kwargs={'doctype': 'Property Setter', 'name': 'Sales Invoice-tax_id-print_hide'}, method='frappe.model.delete_doc.delete_dynamic_links', site='erpnext.localhost', user='Administrator') job in 0:00:00.040191s on worker 788fcd017c71498f9ef65546fcf28348
2025-04-22 17:23:31,429 home-rohy-evalaivr-evaluation:default: Job OK (erpnext.localhost||d8227c78-1e3f-4801-a6ea-987495fa68f3)
2025-04-22 17:23:31,429 Result is kept for 600 seconds
2025-04-22 17:23:31,434 home-rohy-evalaivr-evaluation:default: frappe.utils.background_jobs.execute_job(event=None, is_async=True, job_name='frappe.model.delete_doc.delete_dynamic_links', kwargs={'doctype': 'Property Setter', 'name': 'Delivery Note-tax_id-hidden'}, method='frappe.model.delete_doc.delete_dynamic_links', site='erpnext.localhost', user='Administrator') (erpnext.localhost||37505cff-6266-452e-be60-d8ec1fbe9f80)
2025-04-22 17:23:31,470 Successfully completed frappe.utils.background_jobs.execute_job(event=None, is_async=True, job_name='frappe.model.delete_doc.delete_dynamic_links', kwargs={'doctype': 'Property Setter', 'name': 'Delivery Note-tax_id-hidden'}, method='frappe.model.delete_doc.delete_dynamic_links', site='erpnext.localhost', user='Administrator') job in 0:00:00.030897s on worker 788fcd017c71498f9ef65546fcf28348
2025-04-22 17:23:31,470 home-rohy-evalaivr-evaluation:default: Job OK (erpnext.localhost||37505cff-6266-452e-be60-d8ec1fbe9f80)
2025-04-22 17:23:31,470 Result is kept for 600 seconds
2025-04-22 17:23:31,474 home-rohy-evalaivr-evaluation:default: frappe.utils.background_jobs.execute_job(event=None, is_async=True, job_name='frappe.model.delete_doc.delete_dynamic_links', kwargs={'doctype': 'Property Setter', 'name': 'Delivery Note-tax_id-print_hide'}, method='frappe.model.delete_doc.delete_dynamic_links', site='erpnext.localhost', user='Administrator') (erpnext.localhost||cd00c0db-e7a5-40fa-b218-fc50e4aebbd2)
2025-04-22 17:23:31,511 Successfully completed frappe.utils.background_jobs.execute_job(event=None, is_async=True, job_name='frappe.model.delete_doc.delete_dynamic_links', kwargs={'doctype': 'Property Setter', 'name': 'Delivery Note-tax_id-print_hide'}, method='frappe.model.delete_doc.delete_dynamic_links', site='erpnext.localhost', user='Administrator') job in 0:00:00.031255s on worker 788fcd017c71498f9ef65546fcf28348
2025-04-22 17:23:31,511 home-rohy-evalaivr-evaluation:default: Job OK (erpnext.localhost||cd00c0db-e7a5-40fa-b218-fc50e4aebbd2)
2025-04-22 17:23:31,511 Result is kept for 600 seconds
2025-04-22 17:23:31,515 home-rohy-evalaivr-evaluation:default: frappe.utils.background_jobs.execute_job(event=None, is_async=True, job_name='frappe.model.delete_doc.delete_dynamic_links', kwargs={'doctype': 'Property Setter', 'name': 'Packed Item-rate-read_only'}, method='frappe.model.delete_doc.delete_dynamic_links', site='erpnext.localhost', user='Administrator') (erpnext.localhost||fef58e63-6b57-48e7-9ee4-52401b2c7570)
2025-04-22 17:23:31,551 Successfully completed frappe.utils.background_jobs.execute_job(event=None, is_async=True, job_name='frappe.model.delete_doc.delete_dynamic_links', kwargs={'doctype': 'Property Setter', 'name': 'Packed Item-rate-read_only'}, method='frappe.model.delete_doc.delete_dynamic_links', site='erpnext.localhost', user='Administrator') job in 0:00:00.031079s on worker 788fcd017c71498f9ef65546fcf28348
2025-04-22 17:23:31,551 home-rohy-evalaivr-evaluation:default: Job OK (erpnext.localhost||fef58e63-6b57-48e7-9ee4-52401b2c7570)
2025-04-22 17:23:31,551 Result is kept for 600 seconds
2025-04-22 17:23:31,556 home-rohy-evalaivr-evaluation:default: frappe.utils.background_jobs.execute_job(event=None, is_async=True, job_name='frappe.model.delete_doc.delete_dynamic_links', kwargs={'doctype': 'Property Setter', 'name': 'Sales Invoice Item-discount_account..., method='frappe.model.delete_doc.delete_dynamic_links', site='erpnext.localhost', user='Administrator') (erpnext.localhost||0aee0730-d26d-4374-9c7b-10616b055e0b)
2025-04-22 17:23:31,596 Successfully completed frappe.utils.background_jobs.execute_job(event=None, is_async=True, job_name='frappe.model.delete_doc.delete_dynamic_links', kwargs={'doctype': 'Property Setter', 'name': 'Sales Invoice Item-discount_account..., method='frappe.model.delete_doc.delete_dynamic_links', site='erpnext.localhost', user='Administrator') job in 0:00:00.034877s on worker 788fcd017c71498f9ef65546fcf28348
2025-04-22 17:23:31,596 home-rohy-evalaivr-evaluation:default: Job OK (erpnext.localhost||0aee0730-d26d-4374-9c7b-10616b055e0b)
2025-04-22 17:23:31,596 Result is kept for 600 seconds
2025-04-22 17:23:31,600 home-rohy-evalaivr-evaluation:default: frappe.utils.background_jobs.execute_job(event=None, is_async=True, job_name='frappe.model.delete_doc.delete_dynamic_links', kwargs={'doctype': 'Property Setter', 'name': 'Sales Invoice Item-discount_account..., method='frappe.model.delete_doc.delete_dynamic_links', site='erpnext.localhost', user='Administrator') (erpnext.localhost||d12d7ef0-1fba-4a11-b327-8dc0717492de)
2025-04-22 17:23:31,637 Successfully completed frappe.utils.background_jobs.execute_job(event=None, is_async=True, job_name='frappe.model.delete_doc.delete_dynamic_links', kwargs={'doctype': 'Property Setter', 'name': 'Sales Invoice Item-discount_account..., method='frappe.model.delete_doc.delete_dynamic_links', site='erpnext.localhost', user='Administrator') job in 0:00:00.031875s on worker 788fcd017c71498f9ef65546fcf28348
2025-04-22 17:23:31,637 home-rohy-evalaivr-evaluation:default: Job OK (erpnext.localhost||d12d7ef0-1fba-4a11-b327-8dc0717492de)
2025-04-22 17:23:31,637 Result is kept for 600 seconds
2025-04-22 17:23:31,642 home-rohy-evalaivr-evaluation:default: frappe.utils.background_jobs.execute_job(event=None, is_async=True, job_name='frappe.model.delete_doc.delete_dynamic_links', kwargs={'doctype': 'Property Setter', 'name': 'Sales Invoice-additional_discount_a..., method='frappe.model.delete_doc.delete_dynamic_links', site='erpnext.localhost', user='Administrator') (erpnext.localhost||7496c945-3200-49f9-859d-b2b3ef167e26)
2025-04-22 17:23:31,677 Successfully completed frappe.utils.background_jobs.execute_job(event=None, is_async=True, job_name='frappe.model.delete_doc.delete_dynamic_links', kwargs={'doctype': 'Property Setter', 'name': 'Sales Invoice-additional_discount_a..., method='frappe.model.delete_doc.delete_dynamic_links', site='erpnext.localhost', user='Administrator') job in 0:00:00.030530s on worker 788fcd017c71498f9ef65546fcf28348
2025-04-22 17:23:31,677 home-rohy-evalaivr-evaluation:default: Job OK (erpnext.localhost||7496c945-3200-49f9-859d-b2b3ef167e26)
2025-04-22 17:23:31,677 Result is kept for 600 seconds
2025-04-22 17:23:31,682 home-rohy-evalaivr-evaluation:default: frappe.utils.background_jobs.execute_job(event=None, is_async=True, job_name='frappe.model.delete_doc.delete_dynamic_links', kwargs={'doctype': 'Property Setter', 'name': 'Sales Invoice-additional_discount_a..., method='frappe.model.delete_doc.delete_dynamic_links', site='erpnext.localhost', user='Administrator') (erpnext.localhost||586f9867-1f77-4837-8f67-b19c8f708199)
2025-04-22 17:23:31,719 Successfully completed frappe.utils.background_jobs.execute_job(event=None, is_async=True, job_name='frappe.model.delete_doc.delete_dynamic_links', kwargs={'doctype': 'Property Setter', 'name': 'Sales Invoice-additional_discount_a..., method='frappe.model.delete_doc.delete_dynamic_links', site='erpnext.localhost', user='Administrator') job in 0:00:00.032320s on worker 788fcd017c71498f9ef65546fcf28348
2025-04-22 17:23:31,719 home-rohy-evalaivr-evaluation:default: Job OK (erpnext.localhost||586f9867-1f77-4837-8f67-b19c8f708199)
2025-04-22 17:23:31,719 Result is kept for 600 seconds
2025-04-22 17:23:31,723 home-rohy-evalaivr-evaluation:default: frappe.utils.background_jobs.execute_job(event=None, is_async=True, job_name='frappe.model.delete_doc.delete_dynamic_links', kwargs={'doctype': 'Property Setter', 'name': 'Supplier-naming_series-reqd'}, method='frappe.model.delete_doc.delete_dynamic_links', site='erpnext.localhost', user='Administrator') (erpnext.localhost||b930068f-8428-444b-b1ce-78e8a70d6314)
2025-04-22 17:23:31,759 Successfully completed frappe.utils.background_jobs.execute_job(event=None, is_async=True, job_name='frappe.model.delete_doc.delete_dynamic_links', kwargs={'doctype': 'Property Setter', 'name': 'Supplier-naming_series-reqd'}, method='frappe.model.delete_doc.delete_dynamic_links', site='erpnext.localhost', user='Administrator') job in 0:00:00.031421s on worker 788fcd017c71498f9ef65546fcf28348
2025-04-22 17:23:31,760 home-rohy-evalaivr-evaluation:default: Job OK (erpnext.localhost||b930068f-8428-444b-b1ce-78e8a70d6314)
2025-04-22 17:23:31,760 Result is kept for 600 seconds
2025-04-22 17:23:31,764 home-rohy-evalaivr-evaluation:default: frappe.utils.background_jobs.execute_job(event=None, is_async=True, job_name='frappe.model.delete_doc.delete_dynamic_links', kwargs={'doctype': 'Property Setter', 'name': 'Supplier-naming_series-hidden'}, method='frappe.model.delete_doc.delete_dynamic_links', site='erpnext.localhost', user='Administrator') (erpnext.localhost||0296c98b-ec1c-4228-a7e9-dd7882725c1f)
2025-04-22 17:23:31,799 Successfully completed frappe.utils.background_jobs.execute_job(event=None, is_async=True, job_name='frappe.model.delete_doc.delete_dynamic_links', kwargs={'doctype': 'Property Setter', 'name': 'Supplier-naming_series-hidden'}, method='frappe.model.delete_doc.delete_dynamic_links', site='erpnext.localhost', user='Administrator') job in 0:00:00.030357s on worker 788fcd017c71498f9ef65546fcf28348
2025-04-22 17:23:31,799 home-rohy-evalaivr-evaluation:default: Job OK (erpnext.localhost||0296c98b-ec1c-4228-a7e9-dd7882725c1f)
2025-04-22 17:23:31,799 Result is kept for 600 seconds
2025-04-22 17:23:31,803 home-rohy-evalaivr-evaluation:default: frappe.utils.background_jobs.execute_job(event=None, is_async=True, job_name='frappe.model.delete_doc.delete_dynamic_links', kwargs={'doctype': 'Property Setter', 'name': 'Supplier-naming_series-reqd'}, method='frappe.model.delete_doc.delete_dynamic_links', site='erpnext.localhost', user='Administrator') (erpnext.localhost||537c105e-41b9-4839-9805-11ac84a17f5e)
2025-04-22 17:23:31,841 Successfully completed frappe.utils.background_jobs.execute_job(event=None, is_async=True, job_name='frappe.model.delete_doc.delete_dynamic_links', kwargs={'doctype': 'Property Setter', 'name': 'Supplier-naming_series-reqd'}, method='frappe.model.delete_doc.delete_dynamic_links', site='erpnext.localhost', user='Administrator') job in 0:00:00.033628s on worker 788fcd017c71498f9ef65546fcf28348
2025-04-22 17:23:31,842 home-rohy-evalaivr-evaluation:default: Job OK (erpnext.localhost||537c105e-41b9-4839-9805-11ac84a17f5e)
2025-04-22 17:23:31,842 Result is kept for 600 seconds
2025-04-22 17:23:31,847 home-rohy-evalaivr-evaluation:default: frappe.utils.background_jobs.execute_job(event=None, is_async=True, job_name='frappe.model.delete_doc.delete_dynamic_links', kwargs={'doctype': 'Property Setter', 'name': 'Supplier-naming_series-hidden'}, method='frappe.model.delete_doc.delete_dynamic_links', site='erpnext.localhost', user='Administrator') (erpnext.localhost||9049f43f-049c-4925-9883-23835f97f689)
2025-04-22 17:23:31,891 Successfully completed frappe.utils.background_jobs.execute_job(event=None, is_async=True, job_name='frappe.model.delete_doc.delete_dynamic_links', kwargs={'doctype': 'Property Setter', 'name': 'Supplier-naming_series-hidden'}, method='frappe.model.delete_doc.delete_dynamic_links', site='erpnext.localhost', user='Administrator') job in 0:00:00.039182s on worker 788fcd017c71498f9ef65546fcf28348
2025-04-22 17:23:31,891 home-rohy-evalaivr-evaluation:default: Job OK (erpnext.localhost||9049f43f-049c-4925-9883-23835f97f689)
2025-04-22 17:23:31,891 Result is kept for 600 seconds
2025-04-22 17:23:31,897 home-rohy-evalaivr-evaluation:default: frappe.utils.background_jobs.execute_job(event=None, is_async=True, job_name='frappe.model.delete_doc.delete_dynamic_links', kwargs={'doctype': 'Property Setter', 'name': 'Customer-naming_series-reqd'}, method='frappe.model.delete_doc.delete_dynamic_links', site='erpnext.localhost', user='Administrator') (erpnext.localhost||edb41d2d-910a-4fac-b6af-a84b6c7faea9)
2025-04-22 17:23:31,937 Successfully completed frappe.utils.background_jobs.execute_job(event=None, is_async=True, job_name='frappe.model.delete_doc.delete_dynamic_links', kwargs={'doctype': 'Property Setter', 'name': 'Customer-naming_series-reqd'}, method='frappe.model.delete_doc.delete_dynamic_links', site='erpnext.localhost', user='Administrator') job in 0:00:00.034253s on worker 788fcd017c71498f9ef65546fcf28348
2025-04-22 17:23:31,937 home-rohy-evalaivr-evaluation:default: Job OK (erpnext.localhost||edb41d2d-910a-4fac-b6af-a84b6c7faea9)
2025-04-22 17:23:31,937 Result is kept for 600 seconds
2025-04-22 17:23:31,942 home-rohy-evalaivr-evaluation:default: frappe.utils.background_jobs.execute_job(event=None, is_async=True, job_name='frappe.model.delete_doc.delete_dynamic_links', kwargs={'doctype': 'Property Setter', 'name': 'Customer-naming_series-hidden'}, method='frappe.model.delete_doc.delete_dynamic_links', site='erpnext.localhost', user='Administrator') (erpnext.localhost||d4ba319e-3632-410e-857f-c5371e604e20)
2025-04-22 17:23:31,979 Successfully completed frappe.utils.background_jobs.execute_job(event=None, is_async=True, job_name='frappe.model.delete_doc.delete_dynamic_links', kwargs={'doctype': 'Property Setter', 'name': 'Customer-naming_series-hidden'}, method='frappe.model.delete_doc.delete_dynamic_links', site='erpnext.localhost', user='Administrator') job in 0:00:00.032260s on worker 788fcd017c71498f9ef65546fcf28348
2025-04-22 17:23:31,979 home-rohy-evalaivr-evaluation:default: Job OK (erpnext.localhost||d4ba319e-3632-410e-857f-c5371e604e20)
2025-04-22 17:23:31,979 Result is kept for 600 seconds
2025-04-22 17:23:31,985 home-rohy-evalaivr-evaluation:default: frappe.utils.background_jobs.execute_job(event=None, is_async=True, job_name='frappe.model.delete_doc.delete_dynamic_links', kwargs={'doctype': 'Property Setter', 'name': 'Sales Order-tax_id-hidden'}, method='frappe.model.delete_doc.delete_dynamic_links', site='erpnext.localhost', user='Administrator') (erpnext.localhost||72f671bd-3b74-4f17-8a03-1abb572a91c1)
2025-04-22 17:23:32,030 Successfully completed frappe.utils.background_jobs.execute_job(event=None, is_async=True, job_name='frappe.model.delete_doc.delete_dynamic_links', kwargs={'doctype': 'Property Setter', 'name': 'Sales Order-tax_id-hidden'}, method='frappe.model.delete_doc.delete_dynamic_links', site='erpnext.localhost', user='Administrator') job in 0:00:00.039742s on worker 788fcd017c71498f9ef65546fcf28348
2025-04-22 17:23:32,031 home-rohy-evalaivr-evaluation:default: Job OK (erpnext.localhost||72f671bd-3b74-4f17-8a03-1abb572a91c1)
2025-04-22 17:23:32,031 Result is kept for 600 seconds
2025-04-22 17:23:32,037 home-rohy-evalaivr-evaluation:default: frappe.utils.background_jobs.execute_job(event=None, is_async=True, job_name='frappe.model.delete_doc.delete_dynamic_links', kwargs={'doctype': 'Property Setter', 'name': 'Sales Order-tax_id-print_hide'}, method='frappe.model.delete_doc.delete_dynamic_links', site='erpnext.localhost', user='Administrator') (erpnext.localhost||aba42966-eb9a-4d36-a8fd-e862c4699805)
2025-04-22 17:23:32,079 Successfully completed frappe.utils.background_jobs.execute_job(event=None, is_async=True, job_name='frappe.model.delete_doc.delete_dynamic_links', kwargs={'doctype': 'Property Setter', 'name': 'Sales Order-tax_id-print_hide'}, method='frappe.model.delete_doc.delete_dynamic_links', site='erpnext.localhost', user='Administrator') job in 0:00:00.036925s on worker 788fcd017c71498f9ef65546fcf28348
2025-04-22 17:23:32,079 home-rohy-evalaivr-evaluation:default: Job OK (erpnext.localhost||aba42966-eb9a-4d36-a8fd-e862c4699805)
2025-04-22 17:23:32,079 Result is kept for 600 seconds
2025-04-22 17:23:32,084 home-rohy-evalaivr-evaluation:default: frappe.utils.background_jobs.execute_job(event=None, is_async=True, job_name='frappe.model.delete_doc.delete_dynamic_links', kwargs={'doctype': 'Property Setter', 'name': 'Sales Invoice-tax_id-hidden'}, method='frappe.model.delete_doc.delete_dynamic_links', site='erpnext.localhost', user='Administrator') (erpnext.localhost||34f3929a-74c3-4be5-91fd-6327e3639cb7)
2025-04-22 17:23:32,127 Successfully completed frappe.utils.background_jobs.execute_job(event=None, is_async=True, job_name='frappe.model.delete_doc.delete_dynamic_links', kwargs={'doctype': 'Property Setter', 'name': 'Sales Invoice-tax_id-hidden'}, method='frappe.model.delete_doc.delete_dynamic_links', site='erpnext.localhost', user='Administrator') job in 0:00:00.037707s on worker 788fcd017c71498f9ef65546fcf28348
2025-04-22 17:23:32,127 home-rohy-evalaivr-evaluation:default: Job OK (erpnext.localhost||34f3929a-74c3-4be5-91fd-6327e3639cb7)
2025-04-22 17:23:32,128 Result is kept for 600 seconds
2025-04-22 17:23:32,134 home-rohy-evalaivr-evaluation:default: frappe.utils.background_jobs.execute_job(event=None, is_async=True, job_name='frappe.model.delete_doc.delete_dynamic_links', kwargs={'doctype': 'Property Setter', 'name': 'Sales Invoice-tax_id-print_hide'}, method='frappe.model.delete_doc.delete_dynamic_links', site='erpnext.localhost', user='Administrator') (erpnext.localhost||3115dd7d-8f5d-45cd-9128-d20eb036403b)
2025-04-22 17:23:32,172 Successfully completed frappe.utils.background_jobs.execute_job(event=None, is_async=True, job_name='frappe.model.delete_doc.delete_dynamic_links', kwargs={'doctype': 'Property Setter', 'name': 'Sales Invoice-tax_id-print_hide'}, method='frappe.model.delete_doc.delete_dynamic_links', site='erpnext.localhost', user='Administrator') job in 0:00:00.032885s on worker 788fcd017c71498f9ef65546fcf28348
2025-04-22 17:23:32,172 home-rohy-evalaivr-evaluation:default: Job OK (erpnext.localhost||3115dd7d-8f5d-45cd-9128-d20eb036403b)
2025-04-22 17:23:32,172 Result is kept for 600 seconds
2025-04-22 17:23:32,177 home-rohy-evalaivr-evaluation:default: frappe.utils.background_jobs.execute_job(event=None, is_async=True, job_name='frappe.model.delete_doc.delete_dynamic_links', kwargs={'doctype': 'Property Setter', 'name': 'Delivery Note-tax_id-hidden'}, method='frappe.model.delete_doc.delete_dynamic_links', site='erpnext.localhost', user='Administrator') (erpnext.localhost||068b0bc4-8938-4609-acb1-64fc52f00619)
2025-04-22 17:23:32,216 Successfully completed frappe.utils.background_jobs.execute_job(event=None, is_async=True, job_name='frappe.model.delete_doc.delete_dynamic_links', kwargs={'doctype': 'Property Setter', 'name': 'Delivery Note-tax_id-hidden'}, method='frappe.model.delete_doc.delete_dynamic_links', site='erpnext.localhost', user='Administrator') job in 0:00:00.033709s on worker 788fcd017c71498f9ef65546fcf28348
2025-04-22 17:23:32,216 home-rohy-evalaivr-evaluation:default: Job OK (erpnext.localhost||068b0bc4-8938-4609-acb1-64fc52f00619)
2025-04-22 17:23:32,216 Result is kept for 600 seconds
2025-04-22 17:23:32,221 home-rohy-evalaivr-evaluation:default: frappe.utils.background_jobs.execute_job(event=None, is_async=True, job_name='frappe.model.delete_doc.delete_dynamic_links', kwargs={'doctype': 'Property Setter', 'name': 'Delivery Note-tax_id-print_hide'}, method='frappe.model.delete_doc.delete_dynamic_links', site='erpnext.localhost', user='Administrator') (erpnext.localhost||d03dfd37-e5a4-4710-ad74-94873c838306)
2025-04-22 17:23:32,259 Successfully completed frappe.utils.background_jobs.execute_job(event=None, is_async=True, job_name='frappe.model.delete_doc.delete_dynamic_links', kwargs={'doctype': 'Property Setter', 'name': 'Delivery Note-tax_id-print_hide'}, method='frappe.model.delete_doc.delete_dynamic_links', site='erpnext.localhost', user='Administrator') job in 0:00:00.033291s on worker 788fcd017c71498f9ef65546fcf28348
2025-04-22 17:23:32,260 home-rohy-evalaivr-evaluation:default: Job OK (erpnext.localhost||d03dfd37-e5a4-4710-ad74-94873c838306)
2025-04-22 17:23:32,260 Result is kept for 600 seconds
2025-04-22 17:23:32,264 home-rohy-evalaivr-evaluation:default: frappe.utils.background_jobs.execute_job(event=None, is_async=True, job_name='frappe.model.delete_doc.delete_dynamic_links', kwargs={'doctype': 'Property Setter', 'name': 'Packed Item-rate-read_only'}, method='frappe.model.delete_doc.delete_dynamic_links', site='erpnext.localhost', user='Administrator') (erpnext.localhost||df417513-b6cf-4207-91b8-72278ce8ab4a)
2025-04-22 17:23:32,308 Successfully completed frappe.utils.background_jobs.execute_job(event=None, is_async=True, job_name='frappe.model.delete_doc.delete_dynamic_links', kwargs={'doctype': 'Property Setter', 'name': 'Packed Item-rate-read_only'}, method='frappe.model.delete_doc.delete_dynamic_links', site='erpnext.localhost', user='Administrator') job in 0:00:00.037214s on worker 788fcd017c71498f9ef65546fcf28348
2025-04-22 17:23:32,308 home-rohy-evalaivr-evaluation:default: Job OK (erpnext.localhost||df417513-b6cf-4207-91b8-72278ce8ab4a)
2025-04-22 17:23:32,308 Result is kept for 600 seconds
2025-04-22 17:23:32,320 home-rohy-evalaivr-evaluation:default: frappe.utils.background_jobs.execute_job(event=None, is_async=True, job_name='frappe.model.delete_doc.delete_dynamic_links', kwargs={'doctype': 'Property Setter', 'name': 'Sales Invoice Item-discount_account..., method='frappe.model.delete_doc.delete_dynamic_links', site='erpnext.localhost', user='Administrator') (erpnext.localhost||223a46f7-3943-4e0a-a0fd-f4bf53360cad)
2025-04-22 17:23:32,368 Successfully completed frappe.utils.background_jobs.execute_job(event=None, is_async=True, job_name='frappe.model.delete_doc.delete_dynamic_links', kwargs={'doctype': 'Property Setter', 'name': 'Sales Invoice Item-discount_account..., method='frappe.model.delete_doc.delete_dynamic_links', site='erpnext.localhost', user='Administrator') job in 0:00:00.040602s on worker 788fcd017c71498f9ef65546fcf28348
2025-04-22 17:23:32,368 home-rohy-evalaivr-evaluation:default: Job OK (erpnext.localhost||223a46f7-3943-4e0a-a0fd-f4bf53360cad)
2025-04-22 17:23:32,368 Result is kept for 600 seconds
2025-04-22 17:23:32,372 home-rohy-evalaivr-evaluation:default: frappe.utils.background_jobs.execute_job(event=None, is_async=True, job_name='frappe.model.delete_doc.delete_dynamic_links', kwargs={'doctype': 'Property Setter', 'name': 'Sales Invoice Item-discount_account..., method='frappe.model.delete_doc.delete_dynamic_links', site='erpnext.localhost', user='Administrator') (erpnext.localhost||c0ba9b43-5e59-4605-8f04-b67bedafa3e6)
2025-04-22 17:23:32,408 Successfully completed frappe.utils.background_jobs.execute_job(event=None, is_async=True, job_name='frappe.model.delete_doc.delete_dynamic_links', kwargs={'doctype': 'Property Setter', 'name': 'Sales Invoice Item-discount_account..., method='frappe.model.delete_doc.delete_dynamic_links', site='erpnext.localhost', user='Administrator') job in 0:00:00.031089s on worker 788fcd017c71498f9ef65546fcf28348
2025-04-22 17:23:32,408 home-rohy-evalaivr-evaluation:default: Job OK (erpnext.localhost||c0ba9b43-5e59-4605-8f04-b67bedafa3e6)
2025-04-22 17:23:32,408 Result is kept for 600 seconds
2025-04-22 17:23:32,413 home-rohy-evalaivr-evaluation:default: frappe.utils.background_jobs.execute_job(event=None, is_async=True, job_name='frappe.model.delete_doc.delete_dynamic_links', kwargs={'doctype': 'Property Setter', 'name': 'Sales Invoice-additional_discount_a..., method='frappe.model.delete_doc.delete_dynamic_links', site='erpnext.localhost', user='Administrator') (erpnext.localhost||192031e7-7ab6-4738-ace6-bb78da660f31)
2025-04-22 17:23:32,449 Successfully completed frappe.utils.background_jobs.execute_job(event=None, is_async=True, job_name='frappe.model.delete_doc.delete_dynamic_links', kwargs={'doctype': 'Property Setter', 'name': 'Sales Invoice-additional_discount_a..., method='frappe.model.delete_doc.delete_dynamic_links', site='erpnext.localhost', user='Administrator') job in 0:00:00.031488s on worker 788fcd017c71498f9ef65546fcf28348
2025-04-22 17:23:32,450 home-rohy-evalaivr-evaluation:default: Job OK (erpnext.localhost||192031e7-7ab6-4738-ace6-bb78da660f31)
2025-04-22 17:23:32,450 Result is kept for 600 seconds
2025-04-22 17:23:32,454 home-rohy-evalaivr-evaluation:default: frappe.utils.background_jobs.execute_job(event=None, is_async=True, job_name='frappe.model.delete_doc.delete_dynamic_links', kwargs={'doctype': 'Property Setter', 'name': 'Sales Invoice-additional_discount_a..., method='frappe.model.delete_doc.delete_dynamic_links', site='erpnext.localhost', user='Administrator') (erpnext.localhost||87042b9c-cfe7-4442-9add-b1ba5c257c99)
2025-04-22 17:23:32,490 Successfully completed frappe.utils.background_jobs.execute_job(event=None, is_async=True, job_name='frappe.model.delete_doc.delete_dynamic_links', kwargs={'doctype': 'Property Setter', 'name': 'Sales Invoice-additional_discount_a..., method='frappe.model.delete_doc.delete_dynamic_links', site='erpnext.localhost', user='Administrator') job in 0:00:00.031095s on worker 788fcd017c71498f9ef65546fcf28348
2025-04-22 17:23:32,491 home-rohy-evalaivr-evaluation:default: Job OK (erpnext.localhost||87042b9c-cfe7-4442-9add-b1ba5c257c99)
2025-04-22 17:23:32,491 Result is kept for 600 seconds
2025-04-22 17:23:32,495 home-rohy-evalaivr-evaluation:default: frappe.utils.background_jobs.execute_job(event=None, is_async=True, job_name='frappe.model.delete_doc.delete_dynamic_links', kwargs={'doctype': 'Property Setter', 'name': 'Quotation-base_rounded_total-hidden..., method='frappe.model.delete_doc.delete_dynamic_links', site='erpnext.localhost', user='Administrator') (erpnext.localhost||f0083cf4-0927-4d9b-b4cd-c23430e75257)
2025-04-22 17:23:32,539 Successfully completed frappe.utils.background_jobs.execute_job(event=None, is_async=True, job_name='frappe.model.delete_doc.delete_dynamic_links', kwargs={'doctype': 'Property Setter', 'name': 'Quotation-base_rounded_total-hidden..., method='frappe.model.delete_doc.delete_dynamic_links', site='erpnext.localhost', user='Administrator') job in 0:00:00.037781s on worker 788fcd017c71498f9ef65546fcf28348
2025-04-22 17:23:32,539 home-rohy-evalaivr-evaluation:default: Job OK (erpnext.localhost||f0083cf4-0927-4d9b-b4cd-c23430e75257)
2025-04-22 17:23:32,539 Result is kept for 600 seconds
2025-04-22 17:23:32,545 home-rohy-evalaivr-evaluation:default: frappe.utils.background_jobs.execute_job(event=None, is_async=True, job_name='frappe.model.delete_doc.delete_dynamic_links', kwargs={'doctype': 'Property Setter', 'name': 'Quotation-base_rounded_total-print_..., method='frappe.model.delete_doc.delete_dynamic_links', site='erpnext.localhost', user='Administrator') (erpnext.localhost||b6039d1e-0cae-4601-94ff-d80e5479f7e0)
2025-04-22 17:23:32,591 Successfully completed frappe.utils.background_jobs.execute_job(event=None, is_async=True, job_name='frappe.model.delete_doc.delete_dynamic_links', kwargs={'doctype': 'Property Setter', 'name': 'Quotation-base_rounded_total-print_..., method='frappe.model.delete_doc.delete_dynamic_links', site='erpnext.localhost', user='Administrator') job in 0:00:00.039349s on worker 788fcd017c71498f9ef65546fcf28348
2025-04-22 17:23:32,591 home-rohy-evalaivr-evaluation:default: Job OK (erpnext.localhost||b6039d1e-0cae-4601-94ff-d80e5479f7e0)
2025-04-22 17:23:32,591 Result is kept for 600 seconds
2025-04-22 17:23:32,597 home-rohy-evalaivr-evaluation:default: frappe.utils.background_jobs.execute_job(event=None, is_async=True, job_name='frappe.model.delete_doc.delete_dynamic_links', kwargs={'doctype': 'Property Setter', 'name': 'Quotation-rounded_total-hidden'}, method='frappe.model.delete_doc.delete_dynamic_links', site='erpnext.localhost', user='Administrator') (erpnext.localhost||f1051136-d13e-48c1-8705-756283d1c74f)
2025-04-22 17:23:32,637 Successfully completed frappe.utils.background_jobs.execute_job(event=None, is_async=True, job_name='frappe.model.delete_doc.delete_dynamic_links', kwargs={'doctype': 'Property Setter', 'name': 'Quotation-rounded_total-hidden'}, method='frappe.model.delete_doc.delete_dynamic_links', site='erpnext.localhost', user='Administrator') job in 0:00:00.034435s on worker 788fcd017c71498f9ef65546fcf28348
2025-04-22 17:23:32,637 home-rohy-evalaivr-evaluation:default: Job OK (erpnext.localhost||f1051136-d13e-48c1-8705-756283d1c74f)
2025-04-22 17:23:32,637 Result is kept for 600 seconds
2025-04-22 17:23:32,642 home-rohy-evalaivr-evaluation:default: frappe.utils.background_jobs.execute_job(event=None, is_async=True, job_name='frappe.model.delete_doc.delete_dynamic_links', kwargs={'doctype': 'Property Setter', 'name': 'Quotation-rounded_total-print_hide'..., method='frappe.model.delete_doc.delete_dynamic_links', site='erpnext.localhost', user='Administrator') (erpnext.localhost||147380c7-dfb1-4134-ac5b-40deecaab828)
2025-04-22 17:23:32,681 Successfully completed frappe.utils.background_jobs.execute_job(event=None, is_async=True, job_name='frappe.model.delete_doc.delete_dynamic_links', kwargs={'doctype': 'Property Setter', 'name': 'Quotation-rounded_total-print_hide'..., method='frappe.model.delete_doc.delete_dynamic_links', site='erpnext.localhost', user='Administrator') job in 0:00:00.033411s on worker 788fcd017c71498f9ef65546fcf28348
2025-04-22 17:23:32,681 home-rohy-evalaivr-evaluation:default: Job OK (erpnext.localhost||147380c7-dfb1-4134-ac5b-40deecaab828)
2025-04-22 17:23:32,681 Result is kept for 600 seconds
2025-04-22 17:23:32,686 home-rohy-evalaivr-evaluation:default: frappe.utils.background_jobs.execute_job(event=None, is_async=True, job_name='frappe.model.delete_doc.delete_dynamic_links', kwargs={'doctype': 'Property Setter', 'name': 'Quotation-disable_rounded_total-def..., method='frappe.model.delete_doc.delete_dynamic_links', site='erpnext.localhost', user='Administrator') (erpnext.localhost||02cd27fd-1cbf-47a1-9fc0-d525e9ac998f)
2025-04-22 17:23:32,725 Successfully completed frappe.utils.background_jobs.execute_job(event=None, is_async=True, job_name='frappe.model.delete_doc.delete_dynamic_links', kwargs={'doctype': 'Property Setter', 'name': 'Quotation-disable_rounded_total-def..., method='frappe.model.delete_doc.delete_dynamic_links', site='erpnext.localhost', user='Administrator') job in 0:00:00.034668s on worker 788fcd017c71498f9ef65546fcf28348
2025-04-22 17:23:32,725 home-rohy-evalaivr-evaluation:default: Job OK (erpnext.localhost||02cd27fd-1cbf-47a1-9fc0-d525e9ac998f)
2025-04-22 17:23:32,725 Result is kept for 600 seconds
2025-04-22 17:23:32,730 home-rohy-evalaivr-evaluation:default: frappe.utils.background_jobs.execute_job(event=None, is_async=True, job_name='frappe.model.delete_doc.delete_dynamic_links', kwargs={'doctype': 'Property Setter', 'name': 'Sales Order-base_rounded_total-hidd..., method='frappe.model.delete_doc.delete_dynamic_links', site='erpnext.localhost', user='Administrator') (erpnext.localhost||7d22c566-38c1-444e-8d28-39603705ce4f)
2025-04-22 17:23:32,769 Successfully completed frappe.utils.background_jobs.execute_job(event=None, is_async=True, job_name='frappe.model.delete_doc.delete_dynamic_links', kwargs={'doctype': 'Property Setter', 'name': 'Sales Order-base_rounded_total-hidd..., method='frappe.model.delete_doc.delete_dynamic_links', site='erpnext.localhost', user='Administrator') job in 0:00:00.033792s on worker 788fcd017c71498f9ef65546fcf28348
2025-04-22 17:23:32,769 home-rohy-evalaivr-evaluation:default: Job OK (erpnext.localhost||7d22c566-38c1-444e-8d28-39603705ce4f)
2025-04-22 17:23:32,769 Result is kept for 600 seconds
2025-04-22 17:23:32,775 home-rohy-evalaivr-evaluation:default: frappe.utils.background_jobs.execute_job(event=None, is_async=True, job_name='frappe.model.delete_doc.delete_dynamic_links', kwargs={'doctype': 'Property Setter', 'name': 'Sales Order-base_rounded_total-prin..., method='frappe.model.delete_doc.delete_dynamic_links', site='erpnext.localhost', user='Administrator') (erpnext.localhost||7a2633c4-cdd8-4fc2-82f5-cd7f091091e5)
2025-04-22 17:23:32,827 Successfully completed frappe.utils.background_jobs.execute_job(event=None, is_async=True, job_name='frappe.model.delete_doc.delete_dynamic_links', kwargs={'doctype': 'Property Setter', 'name': 'Sales Order-base_rounded_total-prin..., method='frappe.model.delete_doc.delete_dynamic_links', site='erpnext.localhost', user='Administrator') job in 0:00:00.045850s on worker 788fcd017c71498f9ef65546fcf28348
2025-04-22 17:23:32,827 home-rohy-evalaivr-evaluation:default: Job OK (erpnext.localhost||7a2633c4-cdd8-4fc2-82f5-cd7f091091e5)
2025-04-22 17:23:32,827 Result is kept for 600 seconds
2025-04-22 17:23:32,833 home-rohy-evalaivr-evaluation:default: frappe.utils.background_jobs.execute_job(event=None, is_async=True, job_name='frappe.model.delete_doc.delete_dynamic_links', kwargs={'doctype': 'Property Setter', 'name': 'Sales Order-rounded_total-hidden'}, method='frappe.model.delete_doc.delete_dynamic_links', site='erpnext.localhost', user='Administrator') (erpnext.localhost||f32355cc-a106-4cc2-9d58-caf4def5b350)
2025-04-22 17:23:32,882 Successfully completed frappe.utils.background_jobs.execute_job(event=None, is_async=True, job_name='frappe.model.delete_doc.delete_dynamic_links', kwargs={'doctype': 'Property Setter', 'name': 'Sales Order-rounded_total-hidden'}, method='frappe.model.delete_doc.delete_dynamic_links', site='erpnext.localhost', user='Administrator') job in 0:00:00.042780s on worker 788fcd017c71498f9ef65546fcf28348
2025-04-22 17:23:32,882 home-rohy-evalaivr-evaluation:default: Job OK (erpnext.localhost||f32355cc-a106-4cc2-9d58-caf4def5b350)
2025-04-22 17:23:32,882 Result is kept for 600 seconds
2025-04-22 17:23:32,888 home-rohy-evalaivr-evaluation:default: frappe.utils.background_jobs.execute_job(event=None, is_async=True, job_name='frappe.model.delete_doc.delete_dynamic_links', kwargs={'doctype': 'Property Setter', 'name': 'Sales Order-rounded_total-print_hid..., method='frappe.model.delete_doc.delete_dynamic_links', site='erpnext.localhost', user='Administrator') (erpnext.localhost||a8efcd8e-9f93-4d73-8d38-3965bf15d41d)
2025-04-22 17:23:32,934 Successfully completed frappe.utils.background_jobs.execute_job(event=None, is_async=True, job_name='frappe.model.delete_doc.delete_dynamic_links', kwargs={'doctype': 'Property Setter', 'name': 'Sales Order-rounded_total-print_hid..., method='frappe.model.delete_doc.delete_dynamic_links', site='erpnext.localhost', user='Administrator') job in 0:00:00.039828s on worker 788fcd017c71498f9ef65546fcf28348
2025-04-22 17:23:32,934 home-rohy-evalaivr-evaluation:default: Job OK (erpnext.localhost||a8efcd8e-9f93-4d73-8d38-3965bf15d41d)
2025-04-22 17:23:32,934 Result is kept for 600 seconds
2025-04-22 17:23:32,939 home-rohy-evalaivr-evaluation:default: frappe.utils.background_jobs.execute_job(event=None, is_async=True, job_name='frappe.model.delete_doc.delete_dynamic_links', kwargs={'doctype': 'Property Setter', 'name': 'Sales Order-disable_rounded_total-d..., method='frappe.model.delete_doc.delete_dynamic_links', site='erpnext.localhost', user='Administrator') (erpnext.localhost||de88c009-914f-4631-b291-22f4ea3ed5b2)
2025-04-22 17:23:32,977 Successfully completed frappe.utils.background_jobs.execute_job(event=None, is_async=True, job_name='frappe.model.delete_doc.delete_dynamic_links', kwargs={'doctype': 'Property Setter', 'name': 'Sales Order-disable_rounded_total-d..., method='frappe.model.delete_doc.delete_dynamic_links', site='erpnext.localhost', user='Administrator') job in 0:00:00.033126s on worker 788fcd017c71498f9ef65546fcf28348
2025-04-22 17:23:32,978 home-rohy-evalaivr-evaluation:default: Job OK (erpnext.localhost||de88c009-914f-4631-b291-22f4ea3ed5b2)
2025-04-22 17:23:32,978 Result is kept for 600 seconds
2025-04-22 17:23:32,982 home-rohy-evalaivr-evaluation:default: frappe.utils.background_jobs.execute_job(event=None, is_async=True, job_name='frappe.model.delete_doc.delete_dynamic_links', kwargs={'doctype': 'Property Setter', 'name': 'Sales Invoice-base_rounded_total-hi..., method='frappe.model.delete_doc.delete_dynamic_links', site='erpnext.localhost', user='Administrator') (erpnext.localhost||b569bba7-325f-4f7e-84b9-28532258a77a)
2025-04-22 17:23:33,085 Successfully completed frappe.utils.background_jobs.execute_job(event=None, is_async=True, job_name='frappe.model.delete_doc.delete_dynamic_links', kwargs={'doctype': 'Property Setter', 'name': 'Sales Invoice-base_rounded_total-hi..., method='frappe.model.delete_doc.delete_dynamic_links', site='erpnext.localhost', user='Administrator') job in 0:00:00.097021s on worker 788fcd017c71498f9ef65546fcf28348
2025-04-22 17:23:33,085 home-rohy-evalaivr-evaluation:default: Job OK (erpnext.localhost||b569bba7-325f-4f7e-84b9-28532258a77a)
2025-04-22 17:23:33,085 Result is kept for 600 seconds
2025-04-22 17:23:33,092 home-rohy-evalaivr-evaluation:default: frappe.utils.background_jobs.execute_job(event=None, is_async=True, job_name='frappe.model.delete_doc.delete_dynamic_links', kwargs={'doctype': 'Property Setter', 'name': 'Sales Invoice-base_rounded_total-pr..., method='frappe.model.delete_doc.delete_dynamic_links', site='erpnext.localhost', user='Administrator') (erpnext.localhost||a615d6d8-a93c-495e-9af2-1d87a970feb1)
2025-04-22 17:23:33,138 Successfully completed frappe.utils.background_jobs.execute_job(event=None, is_async=True, job_name='frappe.model.delete_doc.delete_dynamic_links', kwargs={'doctype': 'Property Setter', 'name': 'Sales Invoice-base_rounded_total-pr..., method='frappe.model.delete_doc.delete_dynamic_links', site='erpnext.localhost', user='Administrator') job in 0:00:00.039389s on worker 788fcd017c71498f9ef65546fcf28348
2025-04-22 17:23:33,138 home-rohy-evalaivr-evaluation:default: Job OK (erpnext.localhost||a615d6d8-a93c-495e-9af2-1d87a970feb1)
2025-04-22 17:23:33,138 Result is kept for 600 seconds
2025-04-22 17:23:33,143 home-rohy-evalaivr-evaluation:default: frappe.utils.background_jobs.execute_job(event=None, is_async=True, job_name='frappe.model.delete_doc.delete_dynamic_links', kwargs={'doctype': 'Property Setter', 'name': 'Sales Invoice-rounded_total-hidden'..., method='frappe.model.delete_doc.delete_dynamic_links', site='erpnext.localhost', user='Administrator') (erpnext.localhost||3ea27463-1752-464e-aca0-6c06977478aa)
2025-04-22 17:23:33,180 Successfully completed frappe.utils.background_jobs.execute_job(event=None, is_async=True, job_name='frappe.model.delete_doc.delete_dynamic_links', kwargs={'doctype': 'Property Setter', 'name': 'Sales Invoice-rounded_total-hidden'..., method='frappe.model.delete_doc.delete_dynamic_links', site='erpnext.localhost', user='Administrator') job in 0:00:00.032177s on worker 788fcd017c71498f9ef65546fcf28348
2025-04-22 17:23:33,180 home-rohy-evalaivr-evaluation:default: Job OK (erpnext.localhost||3ea27463-1752-464e-aca0-6c06977478aa)
2025-04-22 17:23:33,180 Result is kept for 600 seconds
2025-04-22 17:23:33,184 home-rohy-evalaivr-evaluation:default: frappe.utils.background_jobs.execute_job(event=None, is_async=True, job_name='frappe.model.delete_doc.delete_dynamic_links', kwargs={'doctype': 'Property Setter', 'name': 'Sales Invoice-rounded_total-print_h..., method='frappe.model.delete_doc.delete_dynamic_links', site='erpnext.localhost', user='Administrator') (erpnext.localhost||c6812852-23ad-44c8-929a-e6f7a0616617)
2025-04-22 17:23:33,221 Successfully completed frappe.utils.background_jobs.execute_job(event=None, is_async=True, job_name='frappe.model.delete_doc.delete_dynamic_links', kwargs={'doctype': 'Property Setter', 'name': 'Sales Invoice-rounded_total-print_h..., method='frappe.model.delete_doc.delete_dynamic_links', site='erpnext.localhost', user='Administrator') job in 0:00:00.031675s on worker 788fcd017c71498f9ef65546fcf28348
2025-04-22 17:23:33,221 home-rohy-evalaivr-evaluation:default: Job OK (erpnext.localhost||c6812852-23ad-44c8-929a-e6f7a0616617)
2025-04-22 17:23:33,221 Result is kept for 600 seconds
2025-04-22 17:23:33,225 home-rohy-evalaivr-evaluation:default: frappe.utils.background_jobs.execute_job(event=None, is_async=True, job_name='frappe.model.delete_doc.delete_dynamic_links', kwargs={'doctype': 'Property Setter', 'name': 'Sales Invoice-disable_rounded_total..., method='frappe.model.delete_doc.delete_dynamic_links', site='erpnext.localhost', user='Administrator') (erpnext.localhost||74a4e3dc-ae36-486b-8e1e-3cb9845f2a9e)
2025-04-22 17:23:33,261 Successfully completed frappe.utils.background_jobs.execute_job(event=None, is_async=True, job_name='frappe.model.delete_doc.delete_dynamic_links', kwargs={'doctype': 'Property Setter', 'name': 'Sales Invoice-disable_rounded_total..., method='frappe.model.delete_doc.delete_dynamic_links', site='erpnext.localhost', user='Administrator') job in 0:00:00.031095s on worker 788fcd017c71498f9ef65546fcf28348
2025-04-22 17:23:33,261 home-rohy-evalaivr-evaluation:default: Job OK (erpnext.localhost||74a4e3dc-ae36-486b-8e1e-3cb9845f2a9e)
2025-04-22 17:23:33,261 Result is kept for 600 seconds
2025-04-22 17:23:33,267 home-rohy-evalaivr-evaluation:default: frappe.utils.background_jobs.execute_job(event=None, is_async=True, job_name='frappe.model.delete_doc.delete_dynamic_links', kwargs={'doctype': 'Property Setter', 'name': 'Delivery Note-base_rounded_total-hi..., method='frappe.model.delete_doc.delete_dynamic_links', site='erpnext.localhost', user='Administrator') (erpnext.localhost||7a66d690-e5f0-481d-b89f-a3decaf2074a)
2025-04-22 17:23:33,307 Successfully completed frappe.utils.background_jobs.execute_job(event=None, is_async=True, job_name='frappe.model.delete_doc.delete_dynamic_links', kwargs={'doctype': 'Property Setter', 'name': 'Delivery Note-base_rounded_total-hi..., method='frappe.model.delete_doc.delete_dynamic_links', site='erpnext.localhost', user='Administrator') job in 0:00:00.034734s on worker 788fcd017c71498f9ef65546fcf28348
2025-04-22 17:23:33,308 home-rohy-evalaivr-evaluation:default: Job OK (erpnext.localhost||7a66d690-e5f0-481d-b89f-a3decaf2074a)
2025-04-22 17:23:33,308 Result is kept for 600 seconds
2025-04-22 17:23:33,314 home-rohy-evalaivr-evaluation:default: frappe.utils.background_jobs.execute_job(event=None, is_async=True, job_name='frappe.model.delete_doc.delete_dynamic_links', kwargs={'doctype': 'Property Setter', 'name': 'Delivery Note-base_rounded_total-pr..., method='frappe.model.delete_doc.delete_dynamic_links', site='erpnext.localhost', user='Administrator') (erpnext.localhost||d1e1f844-2dc9-4eaf-a5cf-f5f4e56a2b5d)
2025-04-22 17:23:33,365 Successfully completed frappe.utils.background_jobs.execute_job(event=None, is_async=True, job_name='frappe.model.delete_doc.delete_dynamic_links', kwargs={'doctype': 'Property Setter', 'name': 'Delivery Note-base_rounded_total-pr..., method='frappe.model.delete_doc.delete_dynamic_links', site='erpnext.localhost', user='Administrator') job in 0:00:00.045579s on worker 788fcd017c71498f9ef65546fcf28348
2025-04-22 17:23:33,365 home-rohy-evalaivr-evaluation:default: Job OK (erpnext.localhost||d1e1f844-2dc9-4eaf-a5cf-f5f4e56a2b5d)
2025-04-22 17:23:33,366 Result is kept for 600 seconds
2025-04-22 17:23:33,373 home-rohy-evalaivr-evaluation:default: frappe.utils.background_jobs.execute_job(event=None, is_async=True, job_name='frappe.model.delete_doc.delete_dynamic_links', kwargs={'doctype': 'Property Setter', 'name': 'Delivery Note-rounded_total-hidden'..., method='frappe.model.delete_doc.delete_dynamic_links', site='erpnext.localhost', user='Administrator') (erpnext.localhost||e9ef8a50-353f-4800-8ca7-efb0038c97d2)
2025-04-22 17:23:33,416 Successfully completed frappe.utils.background_jobs.execute_job(event=None, is_async=True, job_name='frappe.model.delete_doc.delete_dynamic_links', kwargs={'doctype': 'Property Setter', 'name': 'Delivery Note-rounded_total-hidden'..., method='frappe.model.delete_doc.delete_dynamic_links', site='erpnext.localhost', user='Administrator') job in 0:00:00.033505s on worker 788fcd017c71498f9ef65546fcf28348
2025-04-22 17:23:33,416 home-rohy-evalaivr-evaluation:default: Job OK (erpnext.localhost||e9ef8a50-353f-4800-8ca7-efb0038c97d2)
2025-04-22 17:23:33,416 Result is kept for 600 seconds
2025-04-22 17:23:33,420 home-rohy-evalaivr-evaluation:default: frappe.utils.background_jobs.execute_job(event=None, is_async=True, job_name='frappe.model.delete_doc.delete_dynamic_links', kwargs={'doctype': 'Property Setter', 'name': 'Delivery Note-rounded_total-print_h..., method='frappe.model.delete_doc.delete_dynamic_links', site='erpnext.localhost', user='Administrator') (erpnext.localhost||04680531-ae48-4f74-b998-bcc4692642f2)
2025-04-22 17:23:33,455 Successfully completed frappe.utils.background_jobs.execute_job(event=None, is_async=True, job_name='frappe.model.delete_doc.delete_dynamic_links', kwargs={'doctype': 'Property Setter', 'name': 'Delivery Note-rounded_total-print_h..., method='frappe.model.delete_doc.delete_dynamic_links', site='erpnext.localhost', user='Administrator') job in 0:00:00.029904s on worker 788fcd017c71498f9ef65546fcf28348
2025-04-22 17:23:33,455 home-rohy-evalaivr-evaluation:default: Job OK (erpnext.localhost||04680531-ae48-4f74-b998-bcc4692642f2)
2025-04-22 17:23:33,455 Result is kept for 600 seconds
2025-04-22 17:23:33,459 home-rohy-evalaivr-evaluation:default: frappe.utils.background_jobs.execute_job(event=None, is_async=True, job_name='frappe.model.delete_doc.delete_dynamic_links', kwargs={'doctype': 'Property Setter', 'name': 'Delivery Note-disable_rounded_total..., method='frappe.model.delete_doc.delete_dynamic_links', site='erpnext.localhost', user='Administrator') (erpnext.localhost||e5b7fb59-9b30-46d4-9516-b55b320680ae)
2025-04-22 17:23:33,494 Successfully completed frappe.utils.background_jobs.execute_job(event=None, is_async=True, job_name='frappe.model.delete_doc.delete_dynamic_links', kwargs={'doctype': 'Property Setter', 'name': 'Delivery Note-disable_rounded_total..., method='frappe.model.delete_doc.delete_dynamic_links', site='erpnext.localhost', user='Administrator') job in 0:00:00.030073s on worker 788fcd017c71498f9ef65546fcf28348
2025-04-22 17:23:33,494 home-rohy-evalaivr-evaluation:default: Job OK (erpnext.localhost||e5b7fb59-9b30-46d4-9516-b55b320680ae)
2025-04-22 17:23:33,494 Result is kept for 600 seconds
2025-04-22 17:23:33,499 home-rohy-evalaivr-evaluation:default: frappe.utils.background_jobs.execute_job(event=None, is_async=True, job_name='frappe.model.delete_doc.delete_dynamic_links', kwargs={'doctype': 'Property Setter', 'name': 'Supplier Quotation-base_rounded_tot..., method='frappe.model.delete_doc.delete_dynamic_links', site='erpnext.localhost', user='Administrator') (erpnext.localhost||beabc300-5eca-493f-96ff-90810b43dea0)
2025-04-22 17:23:33,534 Successfully completed frappe.utils.background_jobs.execute_job(event=None, is_async=True, job_name='frappe.model.delete_doc.delete_dynamic_links', kwargs={'doctype': 'Property Setter', 'name': 'Supplier Quotation-base_rounded_tot..., method='frappe.model.delete_doc.delete_dynamic_links', site='erpnext.localhost', user='Administrator') job in 0:00:00.030310s on worker 788fcd017c71498f9ef65546fcf28348
2025-04-22 17:23:33,534 home-rohy-evalaivr-evaluation:default: Job OK (erpnext.localhost||beabc300-5eca-493f-96ff-90810b43dea0)
2025-04-22 17:23:33,534 Result is kept for 600 seconds
2025-04-22 17:23:33,538 home-rohy-evalaivr-evaluation:default: frappe.utils.background_jobs.execute_job(event=None, is_async=True, job_name='frappe.model.delete_doc.delete_dynamic_links', kwargs={'doctype': 'Property Setter', 'name': 'Supplier Quotation-base_rounded_tot..., method='frappe.model.delete_doc.delete_dynamic_links', site='erpnext.localhost', user='Administrator') (erpnext.localhost||34adeb05-a218-40c1-b974-28a2a5dd940f)
2025-04-22 17:23:33,573 Successfully completed frappe.utils.background_jobs.execute_job(event=None, is_async=True, job_name='frappe.model.delete_doc.delete_dynamic_links', kwargs={'doctype': 'Property Setter', 'name': 'Supplier Quotation-base_rounded_tot..., method='frappe.model.delete_doc.delete_dynamic_links', site='erpnext.localhost', user='Administrator') job in 0:00:00.030325s on worker 788fcd017c71498f9ef65546fcf28348
2025-04-22 17:23:33,573 home-rohy-evalaivr-evaluation:default: Job OK (erpnext.localhost||34adeb05-a218-40c1-b974-28a2a5dd940f)
2025-04-22 17:23:33,573 Result is kept for 600 seconds
2025-04-22 17:23:33,577 home-rohy-evalaivr-evaluation:default: frappe.utils.background_jobs.execute_job(event=None, is_async=True, job_name='frappe.model.delete_doc.delete_dynamic_links', kwargs={'doctype': 'Property Setter', 'name': 'Supplier Quotation-rounded_total-hi..., method='frappe.model.delete_doc.delete_dynamic_links', site='erpnext.localhost', user='Administrator') (erpnext.localhost||07cd3827-4389-4dc6-9c06-6da589b6a860)
2025-04-22 17:23:33,612 Successfully completed frappe.utils.background_jobs.execute_job(event=None, is_async=True, job_name='frappe.model.delete_doc.delete_dynamic_links', kwargs={'doctype': 'Property Setter', 'name': 'Supplier Quotation-rounded_total-hi..., method='frappe.model.delete_doc.delete_dynamic_links', site='erpnext.localhost', user='Administrator') job in 0:00:00.029902s on worker 788fcd017c71498f9ef65546fcf28348
2025-04-22 17:23:33,612 home-rohy-evalaivr-evaluation:default: Job OK (erpnext.localhost||07cd3827-4389-4dc6-9c06-6da589b6a860)
2025-04-22 17:23:33,612 Result is kept for 600 seconds
2025-04-22 17:23:33,617 home-rohy-evalaivr-evaluation:default: frappe.utils.background_jobs.execute_job(event=None, is_async=True, job_name='frappe.model.delete_doc.delete_dynamic_links', kwargs={'doctype': 'Property Setter', 'name': 'Supplier Quotation-rounded_total-pr..., method='frappe.model.delete_doc.delete_dynamic_links', site='erpnext.localhost', user='Administrator') (erpnext.localhost||842f1dd5-61b8-42a1-89dc-26f3c7d73ff3)
2025-04-22 17:23:33,652 Successfully completed frappe.utils.background_jobs.execute_job(event=None, is_async=True, job_name='frappe.model.delete_doc.delete_dynamic_links', kwargs={'doctype': 'Property Setter', 'name': 'Supplier Quotation-rounded_total-pr..., method='frappe.model.delete_doc.delete_dynamic_links', site='erpnext.localhost', user='Administrator') job in 0:00:00.030486s on worker 788fcd017c71498f9ef65546fcf28348
2025-04-22 17:23:33,652 home-rohy-evalaivr-evaluation:default: Job OK (erpnext.localhost||842f1dd5-61b8-42a1-89dc-26f3c7d73ff3)
2025-04-22 17:23:33,652 Result is kept for 600 seconds
2025-04-22 17:23:33,656 home-rohy-evalaivr-evaluation:default: frappe.utils.background_jobs.execute_job(event=None, is_async=True, job_name='frappe.model.delete_doc.delete_dynamic_links', kwargs={'doctype': 'Property Setter', 'name': 'Supplier Quotation-disable_rounded_..., method='frappe.model.delete_doc.delete_dynamic_links', site='erpnext.localhost', user='Administrator') (erpnext.localhost||e8d84cb7-6970-4f5a-800a-694b640aa0dc)
2025-04-22 17:23:33,691 Successfully completed frappe.utils.background_jobs.execute_job(event=None, is_async=True, job_name='frappe.model.delete_doc.delete_dynamic_links', kwargs={'doctype': 'Property Setter', 'name': 'Supplier Quotation-disable_rounded_..., method='frappe.model.delete_doc.delete_dynamic_links', site='erpnext.localhost', user='Administrator') job in 0:00:00.030254s on worker 788fcd017c71498f9ef65546fcf28348
2025-04-22 17:23:33,692 home-rohy-evalaivr-evaluation:default: Job OK (erpnext.localhost||e8d84cb7-6970-4f5a-800a-694b640aa0dc)
2025-04-22 17:23:33,692 Result is kept for 600 seconds
2025-04-22 17:23:33,696 home-rohy-evalaivr-evaluation:default: frappe.utils.background_jobs.execute_job(event=None, is_async=True, job_name='frappe.model.delete_doc.delete_dynamic_links', kwargs={'doctype': 'Property Setter', 'name': 'Purchase Order-base_rounded_total-h..., method='frappe.model.delete_doc.delete_dynamic_links', site='erpnext.localhost', user='Administrator') (erpnext.localhost||7c4b8678-6c8d-4790-ba07-39d6968e9a40)
2025-04-22 17:23:33,734 Successfully completed frappe.utils.background_jobs.execute_job(event=None, is_async=True, job_name='frappe.model.delete_doc.delete_dynamic_links', kwargs={'doctype': 'Property Setter', 'name': 'Purchase Order-base_rounded_total-h..., method='frappe.model.delete_doc.delete_dynamic_links', site='erpnext.localhost', user='Administrator') job in 0:00:00.032981s on worker 788fcd017c71498f9ef65546fcf28348
2025-04-22 17:23:33,734 home-rohy-evalaivr-evaluation:default: Job OK (erpnext.localhost||7c4b8678-6c8d-4790-ba07-39d6968e9a40)
2025-04-22 17:23:33,734 Result is kept for 600 seconds
2025-04-22 17:23:33,739 home-rohy-evalaivr-evaluation:default: frappe.utils.background_jobs.execute_job(event=None, is_async=True, job_name='frappe.model.delete_doc.delete_dynamic_links', kwargs={'doctype': 'Property Setter', 'name': 'Purchase Order-base_rounded_total-p..., method='frappe.model.delete_doc.delete_dynamic_links', site='erpnext.localhost', user='Administrator') (erpnext.localhost||4d58fcb4-abf8-46db-8637-472afa718814)
2025-04-22 17:23:33,779 Successfully completed frappe.utils.background_jobs.execute_job(event=None, is_async=True, job_name='frappe.model.delete_doc.delete_dynamic_links', kwargs={'doctype': 'Property Setter', 'name': 'Purchase Order-base_rounded_total-p..., method='frappe.model.delete_doc.delete_dynamic_links', site='erpnext.localhost', user='Administrator') job in 0:00:00.034717s on worker 788fcd017c71498f9ef65546fcf28348
2025-04-22 17:23:33,779 home-rohy-evalaivr-evaluation:default: Job OK (erpnext.localhost||4d58fcb4-abf8-46db-8637-472afa718814)
2025-04-22 17:23:33,779 Result is kept for 600 seconds
2025-04-22 17:23:33,785 home-rohy-evalaivr-evaluation:default: frappe.utils.background_jobs.execute_job(event=None, is_async=True, job_name='frappe.model.delete_doc.delete_dynamic_links', kwargs={'doctype': 'Property Setter', 'name': 'Purchase Order-rounded_total-hidden..., method='frappe.model.delete_doc.delete_dynamic_links', site='erpnext.localhost', user='Administrator') (erpnext.localhost||50a8f6d5-3f1d-4791-8e87-7fb968d746e3)
2025-04-22 17:23:33,828 Successfully completed frappe.utils.background_jobs.execute_job(event=None, is_async=True, job_name='frappe.model.delete_doc.delete_dynamic_links', kwargs={'doctype': 'Property Setter', 'name': 'Purchase Order-rounded_total-hidden..., method='frappe.model.delete_doc.delete_dynamic_links', site='erpnext.localhost', user='Administrator') job in 0:00:00.037287s on worker 788fcd017c71498f9ef65546fcf28348
2025-04-22 17:23:33,828 home-rohy-evalaivr-evaluation:default: Job OK (erpnext.localhost||50a8f6d5-3f1d-4791-8e87-7fb968d746e3)
2025-04-22 17:23:33,828 Result is kept for 600 seconds
2025-04-22 17:23:33,833 home-rohy-evalaivr-evaluation:default: frappe.utils.background_jobs.execute_job(event=None, is_async=True, job_name='frappe.model.delete_doc.delete_dynamic_links', kwargs={'doctype': 'Property Setter', 'name': 'Purchase Order-rounded_total-print_..., method='frappe.model.delete_doc.delete_dynamic_links', site='erpnext.localhost', user='Administrator') (erpnext.localhost||2a7107f6-8e3b-4e25-9af8-3f0802c2abd1)
2025-04-22 17:23:33,874 Successfully completed frappe.utils.background_jobs.execute_job(event=None, is_async=True, job_name='frappe.model.delete_doc.delete_dynamic_links', kwargs={'doctype': 'Property Setter', 'name': 'Purchase Order-rounded_total-print_..., method='frappe.model.delete_doc.delete_dynamic_links', site='erpnext.localhost', user='Administrator') job in 0:00:00.035959s on worker 788fcd017c71498f9ef65546fcf28348
2025-04-22 17:23:33,874 home-rohy-evalaivr-evaluation:default: Job OK (erpnext.localhost||2a7107f6-8e3b-4e25-9af8-3f0802c2abd1)
2025-04-22 17:23:33,874 Result is kept for 600 seconds
2025-04-22 17:23:33,879 home-rohy-evalaivr-evaluation:default: frappe.utils.background_jobs.execute_job(event=None, is_async=True, job_name='frappe.model.delete_doc.delete_dynamic_links', kwargs={'doctype': 'Property Setter', 'name': 'Purchase Order-disable_rounded_tota..., method='frappe.model.delete_doc.delete_dynamic_links', site='erpnext.localhost', user='Administrator') (erpnext.localhost||b56dfa4e-8a77-4fdb-95b2-d03c59a8fc1e)
2025-04-22 17:23:33,914 Successfully completed frappe.utils.background_jobs.execute_job(event=None, is_async=True, job_name='frappe.model.delete_doc.delete_dynamic_links', kwargs={'doctype': 'Property Setter', 'name': 'Purchase Order-disable_rounded_tota..., method='frappe.model.delete_doc.delete_dynamic_links', site='erpnext.localhost', user='Administrator') job in 0:00:00.030478s on worker 788fcd017c71498f9ef65546fcf28348
2025-04-22 17:23:33,914 home-rohy-evalaivr-evaluation:default: Job OK (erpnext.localhost||b56dfa4e-8a77-4fdb-95b2-d03c59a8fc1e)
2025-04-22 17:23:33,914 Result is kept for 600 seconds
2025-04-22 17:23:33,918 home-rohy-evalaivr-evaluation:default: frappe.utils.background_jobs.execute_job(event=None, is_async=True, job_name='frappe.model.delete_doc.delete_dynamic_links', kwargs={'doctype': 'Property Setter', 'name': 'Purchase Invoice-base_rounded_total..., method='frappe.model.delete_doc.delete_dynamic_links', site='erpnext.localhost', user='Administrator') (erpnext.localhost||5fc7ecc7-3f7b-4b47-a8e0-512a43e872c7)
2025-04-22 17:23:33,953 Successfully completed frappe.utils.background_jobs.execute_job(event=None, is_async=True, job_name='frappe.model.delete_doc.delete_dynamic_links', kwargs={'doctype': 'Property Setter', 'name': 'Purchase Invoice-base_rounded_total..., method='frappe.model.delete_doc.delete_dynamic_links', site='erpnext.localhost', user='Administrator') job in 0:00:00.030305s on worker 788fcd017c71498f9ef65546fcf28348
2025-04-22 17:23:33,954 home-rohy-evalaivr-evaluation:default: Job OK (erpnext.localhost||5fc7ecc7-3f7b-4b47-a8e0-512a43e872c7)
2025-04-22 17:23:33,954 Result is kept for 600 seconds
2025-04-22 17:23:33,958 home-rohy-evalaivr-evaluation:default: frappe.utils.background_jobs.execute_job(event=None, is_async=True, job_name='frappe.model.delete_doc.delete_dynamic_links', kwargs={'doctype': 'Property Setter', 'name': 'Purchase Invoice-base_rounded_total..., method='frappe.model.delete_doc.delete_dynamic_links', site='erpnext.localhost', user='Administrator') (erpnext.localhost||765e9fa8-4009-4a0b-86be-35fec55d575a)
2025-04-22 17:23:33,993 Successfully completed frappe.utils.background_jobs.execute_job(event=None, is_async=True, job_name='frappe.model.delete_doc.delete_dynamic_links', kwargs={'doctype': 'Property Setter', 'name': 'Purchase Invoice-base_rounded_total..., method='frappe.model.delete_doc.delete_dynamic_links', site='erpnext.localhost', user='Administrator') job in 0:00:00.030123s on worker 788fcd017c71498f9ef65546fcf28348
2025-04-22 17:23:33,993 home-rohy-evalaivr-evaluation:default: Job OK (erpnext.localhost||765e9fa8-4009-4a0b-86be-35fec55d575a)
2025-04-22 17:23:33,993 Result is kept for 600 seconds
2025-04-22 17:23:33,997 home-rohy-evalaivr-evaluation:default: frappe.utils.background_jobs.execute_job(event=None, is_async=True, job_name='frappe.model.delete_doc.delete_dynamic_links', kwargs={'doctype': 'Property Setter', 'name': 'Purchase Invoice-rounded_total-hidd..., method='frappe.model.delete_doc.delete_dynamic_links', site='erpnext.localhost', user='Administrator') (erpnext.localhost||15b2566f-6b5e-4c02-a531-d26d5f368581)
2025-04-22 17:23:34,032 Successfully completed frappe.utils.background_jobs.execute_job(event=None, is_async=True, job_name='frappe.model.delete_doc.delete_dynamic_links', kwargs={'doctype': 'Property Setter', 'name': 'Purchase Invoice-rounded_total-hidd..., method='frappe.model.delete_doc.delete_dynamic_links', site='erpnext.localhost', user='Administrator') job in 0:00:00.030441s on worker 788fcd017c71498f9ef65546fcf28348
2025-04-22 17:23:34,033 home-rohy-evalaivr-evaluation:default: Job OK (erpnext.localhost||15b2566f-6b5e-4c02-a531-d26d5f368581)
2025-04-22 17:23:34,033 Result is kept for 600 seconds
2025-04-22 17:23:34,037 home-rohy-evalaivr-evaluation:default: frappe.utils.background_jobs.execute_job(event=None, is_async=True, job_name='frappe.model.delete_doc.delete_dynamic_links', kwargs={'doctype': 'Property Setter', 'name': 'Purchase Invoice-rounded_total-prin..., method='frappe.model.delete_doc.delete_dynamic_links', site='erpnext.localhost', user='Administrator') (erpnext.localhost||d844cf35-8768-4ba3-96a6-560844d5930a)
2025-04-22 17:23:34,071 Successfully completed frappe.utils.background_jobs.execute_job(event=None, is_async=True, job_name='frappe.model.delete_doc.delete_dynamic_links', kwargs={'doctype': 'Property Setter', 'name': 'Purchase Invoice-rounded_total-prin..., method='frappe.model.delete_doc.delete_dynamic_links', site='erpnext.localhost', user='Administrator') job in 0:00:00.030119s on worker 788fcd017c71498f9ef65546fcf28348
2025-04-22 17:23:34,071 home-rohy-evalaivr-evaluation:default: Job OK (erpnext.localhost||d844cf35-8768-4ba3-96a6-560844d5930a)
2025-04-22 17:23:34,071 Result is kept for 600 seconds
2025-04-22 17:23:34,076 home-rohy-evalaivr-evaluation:default: frappe.utils.background_jobs.execute_job(event=None, is_async=True, job_name='frappe.model.delete_doc.delete_dynamic_links', kwargs={'doctype': 'Property Setter', 'name': 'Purchase Invoice-disable_rounded_to..., method='frappe.model.delete_doc.delete_dynamic_links', site='erpnext.localhost', user='Administrator') (erpnext.localhost||798c2e05-1422-4791-9cd9-70d0dddc6847)
2025-04-22 17:23:34,115 Successfully completed frappe.utils.background_jobs.execute_job(event=None, is_async=True, job_name='frappe.model.delete_doc.delete_dynamic_links', kwargs={'doctype': 'Property Setter', 'name': 'Purchase Invoice-disable_rounded_to..., method='frappe.model.delete_doc.delete_dynamic_links', site='erpnext.localhost', user='Administrator') job in 0:00:00.034115s on worker 788fcd017c71498f9ef65546fcf28348
2025-04-22 17:23:34,115 home-rohy-evalaivr-evaluation:default: Job OK (erpnext.localhost||798c2e05-1422-4791-9cd9-70d0dddc6847)
2025-04-22 17:23:34,115 Result is kept for 600 seconds
2025-04-22 17:23:34,119 home-rohy-evalaivr-evaluation:default: frappe.utils.background_jobs.execute_job(event=None, is_async=True, job_name='frappe.model.delete_doc.delete_dynamic_links', kwargs={'doctype': 'Property Setter', 'name': 'Purchase Receipt-base_rounded_total..., method='frappe.model.delete_doc.delete_dynamic_links', site='erpnext.localhost', user='Administrator') (erpnext.localhost||594c61c5-881e-4b60-b7dd-0a7ffd5812c9)
2025-04-22 17:23:34,158 Successfully completed frappe.utils.background_jobs.execute_job(event=None, is_async=True, job_name='frappe.model.delete_doc.delete_dynamic_links', kwargs={'doctype': 'Property Setter', 'name': 'Purchase Receipt-base_rounded_total..., method='frappe.model.delete_doc.delete_dynamic_links', site='erpnext.localhost', user='Administrator') job in 0:00:00.033950s on worker 788fcd017c71498f9ef65546fcf28348
2025-04-22 17:23:34,159 home-rohy-evalaivr-evaluation:default: Job OK (erpnext.localhost||594c61c5-881e-4b60-b7dd-0a7ffd5812c9)
2025-04-22 17:23:34,159 Result is kept for 600 seconds
2025-04-22 17:23:34,164 home-rohy-evalaivr-evaluation:default: frappe.utils.background_jobs.execute_job(event=None, is_async=True, job_name='frappe.model.delete_doc.delete_dynamic_links', kwargs={'doctype': 'Property Setter', 'name': 'Purchase Receipt-base_rounded_total..., method='frappe.model.delete_doc.delete_dynamic_links', site='erpnext.localhost', user='Administrator') (erpnext.localhost||d0892769-f221-4d63-b42e-ef1ec0e8f44c)
2025-04-22 17:23:34,198 Successfully completed frappe.utils.background_jobs.execute_job(event=None, is_async=True, job_name='frappe.model.delete_doc.delete_dynamic_links', kwargs={'doctype': 'Property Setter', 'name': 'Purchase Receipt-base_rounded_total..., method='frappe.model.delete_doc.delete_dynamic_links', site='erpnext.localhost', user='Administrator') job in 0:00:00.030068s on worker 788fcd017c71498f9ef65546fcf28348
2025-04-22 17:23:34,199 home-rohy-evalaivr-evaluation:default: Job OK (erpnext.localhost||d0892769-f221-4d63-b42e-ef1ec0e8f44c)
2025-04-22 17:23:34,199 Result is kept for 600 seconds
2025-04-22 17:23:34,203 home-rohy-evalaivr-evaluation:default: frappe.utils.background_jobs.execute_job(event=None, is_async=True, job_name='frappe.model.delete_doc.delete_dynamic_links', kwargs={'doctype': 'Property Setter', 'name': 'Purchase Receipt-rounded_total-hidd..., method='frappe.model.delete_doc.delete_dynamic_links', site='erpnext.localhost', user='Administrator') (erpnext.localhost||02935c07-a11d-446e-8af9-8afcdf9c4ae4)
2025-04-22 17:23:34,239 Successfully completed frappe.utils.background_jobs.execute_job(event=None, is_async=True, job_name='frappe.model.delete_doc.delete_dynamic_links', kwargs={'doctype': 'Property Setter', 'name': 'Purchase Receipt-rounded_total-hidd..., method='frappe.model.delete_doc.delete_dynamic_links', site='erpnext.localhost', user='Administrator') job in 0:00:00.031421s on worker 788fcd017c71498f9ef65546fcf28348
2025-04-22 17:23:34,239 home-rohy-evalaivr-evaluation:default: Job OK (erpnext.localhost||02935c07-a11d-446e-8af9-8afcdf9c4ae4)
2025-04-22 17:23:34,239 Result is kept for 600 seconds
2025-04-22 17:23:34,243 home-rohy-evalaivr-evaluation:default: frappe.utils.background_jobs.execute_job(event=None, is_async=True, job_name='frappe.model.delete_doc.delete_dynamic_links', kwargs={'doctype': 'Property Setter', 'name': 'Purchase Receipt-rounded_total-prin..., method='frappe.model.delete_doc.delete_dynamic_links', site='erpnext.localhost', user='Administrator') (erpnext.localhost||2c9f57ca-0781-4095-91a7-4a3a30457a6f)
2025-04-22 17:23:34,278 Successfully completed frappe.utils.background_jobs.execute_job(event=None, is_async=True, job_name='frappe.model.delete_doc.delete_dynamic_links', kwargs={'doctype': 'Property Setter', 'name': 'Purchase Receipt-rounded_total-prin..., method='frappe.model.delete_doc.delete_dynamic_links', site='erpnext.localhost', user='Administrator') job in 0:00:00.029660s on worker 788fcd017c71498f9ef65546fcf28348
2025-04-22 17:23:34,278 home-rohy-evalaivr-evaluation:default: Job OK (erpnext.localhost||2c9f57ca-0781-4095-91a7-4a3a30457a6f)
2025-04-22 17:23:34,278 Result is kept for 600 seconds
2025-04-22 17:23:34,282 home-rohy-evalaivr-evaluation:default: frappe.utils.background_jobs.execute_job(event=None, is_async=True, job_name='frappe.model.delete_doc.delete_dynamic_links', kwargs={'doctype': 'Property Setter', 'name': 'Purchase Receipt-disable_rounded_to..., method='frappe.model.delete_doc.delete_dynamic_links', site='erpnext.localhost', user='Administrator') (erpnext.localhost||5fa1240a-4ea8-41af-9515-5d4574152c68)
2025-04-22 17:23:34,317 Successfully completed frappe.utils.background_jobs.execute_job(event=None, is_async=True, job_name='frappe.model.delete_doc.delete_dynamic_links', kwargs={'doctype': 'Property Setter', 'name': 'Purchase Receipt-disable_rounded_to..., method='frappe.model.delete_doc.delete_dynamic_links', site='erpnext.localhost', user='Administrator') job in 0:00:00.029971s on worker 788fcd017c71498f9ef65546fcf28348
2025-04-22 17:23:34,317 home-rohy-evalaivr-evaluation:default: Job OK (erpnext.localhost||5fa1240a-4ea8-41af-9515-5d4574152c68)
2025-04-22 17:23:34,317 Result is kept for 600 seconds
2025-04-22 17:23:34,322 home-rohy-evalaivr-evaluation:default: frappe.utils.background_jobs.execute_job(event=None, is_async=True, job_name='frappe.model.delete_doc.delete_dynamic_links', kwargs={'doctype': 'Property Setter', 'name': 'Quotation-in_words-hidden'}, method='frappe.model.delete_doc.delete_dynamic_links', site='erpnext.localhost', user='Administrator') (erpnext.localhost||348255ac-6d11-4b27-a91d-9e66284bfaa2)
2025-04-22 17:23:34,358 Successfully completed frappe.utils.background_jobs.execute_job(event=None, is_async=True, job_name='frappe.model.delete_doc.delete_dynamic_links', kwargs={'doctype': 'Property Setter', 'name': 'Quotation-in_words-hidden'}, method='frappe.model.delete_doc.delete_dynamic_links', site='erpnext.localhost', user='Administrator') job in 0:00:00.031806s on worker 788fcd017c71498f9ef65546fcf28348
2025-04-22 17:23:34,358 home-rohy-evalaivr-evaluation:default: Job OK (erpnext.localhost||348255ac-6d11-4b27-a91d-9e66284bfaa2)
2025-04-22 17:23:34,358 Result is kept for 600 seconds
2025-04-22 17:23:34,362 home-rohy-evalaivr-evaluation:default: frappe.utils.background_jobs.execute_job(event=None, is_async=True, job_name='frappe.model.delete_doc.delete_dynamic_links', kwargs={'doctype': 'Property Setter', 'name': 'Quotation-in_words-print_hide'}, method='frappe.model.delete_doc.delete_dynamic_links', site='erpnext.localhost', user='Administrator') (erpnext.localhost||ba585b2f-be58-44d6-81ea-56f73c48c283)
2025-04-22 17:23:34,425 Successfully completed frappe.utils.background_jobs.execute_job(event=None, is_async=True, job_name='frappe.model.delete_doc.delete_dynamic_links', kwargs={'doctype': 'Property Setter', 'name': 'Quotation-in_words-print_hide'}, method='frappe.model.delete_doc.delete_dynamic_links', site='erpnext.localhost', user='Administrator') job in 0:00:00.057769s on worker 788fcd017c71498f9ef65546fcf28348
2025-04-22 17:23:34,425 home-rohy-evalaivr-evaluation:default: Job OK (erpnext.localhost||ba585b2f-be58-44d6-81ea-56f73c48c283)
2025-04-22 17:23:34,425 Result is kept for 600 seconds
2025-04-22 17:23:34,430 home-rohy-evalaivr-evaluation:default: frappe.utils.background_jobs.execute_job(event=None, is_async=True, job_name='frappe.model.delete_doc.delete_dynamic_links', kwargs={'doctype': 'Property Setter', 'name': 'Sales Order-in_words-hidden'}, method='frappe.model.delete_doc.delete_dynamic_links', site='erpnext.localhost', user='Administrator') (erpnext.localhost||cb3cfad7-f65e-4aef-af40-89b58c6941cf)
2025-04-22 17:23:34,464 Successfully completed frappe.utils.background_jobs.execute_job(event=None, is_async=True, job_name='frappe.model.delete_doc.delete_dynamic_links', kwargs={'doctype': 'Property Setter', 'name': 'Sales Order-in_words-hidden'}, method='frappe.model.delete_doc.delete_dynamic_links', site='erpnext.localhost', user='Administrator') job in 0:00:00.029347s on worker 788fcd017c71498f9ef65546fcf28348
2025-04-22 17:23:34,464 home-rohy-evalaivr-evaluation:default: Job OK (erpnext.localhost||cb3cfad7-f65e-4aef-af40-89b58c6941cf)
2025-04-22 17:23:34,464 Result is kept for 600 seconds
2025-04-22 17:23:34,468 home-rohy-evalaivr-evaluation:default: frappe.utils.background_jobs.execute_job(event=None, is_async=True, job_name='frappe.model.delete_doc.delete_dynamic_links', kwargs={'doctype': 'Property Setter', 'name': 'Sales Order-in_words-print_hide'}, method='frappe.model.delete_doc.delete_dynamic_links', site='erpnext.localhost', user='Administrator') (erpnext.localhost||56b9f84f-7ed1-4d57-b8b0-f2fa1f147e38)
2025-04-22 17:23:34,503 Successfully completed frappe.utils.background_jobs.execute_job(event=None, is_async=True, job_name='frappe.model.delete_doc.delete_dynamic_links', kwargs={'doctype': 'Property Setter', 'name': 'Sales Order-in_words-print_hide'}, method='frappe.model.delete_doc.delete_dynamic_links', site='erpnext.localhost', user='Administrator') job in 0:00:00.029513s on worker 788fcd017c71498f9ef65546fcf28348
2025-04-22 17:23:34,503 home-rohy-evalaivr-evaluation:default: Job OK (erpnext.localhost||56b9f84f-7ed1-4d57-b8b0-f2fa1f147e38)
2025-04-22 17:23:34,503 Result is kept for 600 seconds
2025-04-22 17:23:34,508 home-rohy-evalaivr-evaluation:default: frappe.utils.background_jobs.execute_job(event=None, is_async=True, job_name='frappe.model.delete_doc.delete_dynamic_links', kwargs={'doctype': 'Property Setter', 'name': 'Sales Invoice-in_words-hidden'}, method='frappe.model.delete_doc.delete_dynamic_links', site='erpnext.localhost', user='Administrator') (erpnext.localhost||357c6ea6-2b1f-41fc-a707-5cfcdfb19788)
2025-04-22 17:23:34,542 Successfully completed frappe.utils.background_jobs.execute_job(event=None, is_async=True, job_name='frappe.model.delete_doc.delete_dynamic_links', kwargs={'doctype': 'Property Setter', 'name': 'Sales Invoice-in_words-hidden'}, method='frappe.model.delete_doc.delete_dynamic_links', site='erpnext.localhost', user='Administrator') job in 0:00:00.029279s on worker 788fcd017c71498f9ef65546fcf28348
2025-04-22 17:23:34,542 home-rohy-evalaivr-evaluation:default: Job OK (erpnext.localhost||357c6ea6-2b1f-41fc-a707-5cfcdfb19788)
2025-04-22 17:23:34,542 Result is kept for 600 seconds
2025-04-22 17:23:34,547 home-rohy-evalaivr-evaluation:default: frappe.utils.background_jobs.execute_job(event=None, is_async=True, job_name='frappe.model.delete_doc.delete_dynamic_links', kwargs={'doctype': 'Property Setter', 'name': 'Sales Invoice-in_words-print_hide'}, method='frappe.model.delete_doc.delete_dynamic_links', site='erpnext.localhost', user='Administrator') (erpnext.localhost||48c7b4da-6def-429f-83ab-e906a7b24dd9)
2025-04-22 17:23:34,582 Successfully completed frappe.utils.background_jobs.execute_job(event=None, is_async=True, job_name='frappe.model.delete_doc.delete_dynamic_links', kwargs={'doctype': 'Property Setter', 'name': 'Sales Invoice-in_words-print_hide'}, method='frappe.model.delete_doc.delete_dynamic_links', site='erpnext.localhost', user='Administrator') job in 0:00:00.030177s on worker 788fcd017c71498f9ef65546fcf28348
2025-04-22 17:23:34,582 home-rohy-evalaivr-evaluation:default: Job OK (erpnext.localhost||48c7b4da-6def-429f-83ab-e906a7b24dd9)
2025-04-22 17:23:34,582 Result is kept for 600 seconds
2025-04-22 17:23:34,587 home-rohy-evalaivr-evaluation:default: frappe.utils.background_jobs.execute_job(event=None, is_async=True, job_name='frappe.model.delete_doc.delete_dynamic_links', kwargs={'doctype': 'Property Setter', 'name': 'Delivery Note-in_words-hidden'}, method='frappe.model.delete_doc.delete_dynamic_links', site='erpnext.localhost', user='Administrator') (erpnext.localhost||861b6072-a194-414e-b62c-d4e5f8498483)
2025-04-22 17:23:34,622 Successfully completed frappe.utils.background_jobs.execute_job(event=None, is_async=True, job_name='frappe.model.delete_doc.delete_dynamic_links', kwargs={'doctype': 'Property Setter', 'name': 'Delivery Note-in_words-hidden'}, method='frappe.model.delete_doc.delete_dynamic_links', site='erpnext.localhost', user='Administrator') job in 0:00:00.030466s on worker 788fcd017c71498f9ef65546fcf28348
2025-04-22 17:23:34,622 home-rohy-evalaivr-evaluation:default: Job OK (erpnext.localhost||861b6072-a194-414e-b62c-d4e5f8498483)
2025-04-22 17:23:34,622 Result is kept for 600 seconds
2025-04-22 17:23:34,626 home-rohy-evalaivr-evaluation:default: frappe.utils.background_jobs.execute_job(event=None, is_async=True, job_name='frappe.model.delete_doc.delete_dynamic_links', kwargs={'doctype': 'Property Setter', 'name': 'Delivery Note-in_words-print_hide'}, method='frappe.model.delete_doc.delete_dynamic_links', site='erpnext.localhost', user='Administrator') (erpnext.localhost||ccd676a7-e4b4-4a4b-835e-8dcfd78a6da1)
2025-04-22 17:23:34,663 Successfully completed frappe.utils.background_jobs.execute_job(event=None, is_async=True, job_name='frappe.model.delete_doc.delete_dynamic_links', kwargs={'doctype': 'Property Setter', 'name': 'Delivery Note-in_words-print_hide'}, method='frappe.model.delete_doc.delete_dynamic_links', site='erpnext.localhost', user='Administrator') job in 0:00:00.030842s on worker 788fcd017c71498f9ef65546fcf28348
2025-04-22 17:23:34,663 home-rohy-evalaivr-evaluation:default: Job OK (erpnext.localhost||ccd676a7-e4b4-4a4b-835e-8dcfd78a6da1)
2025-04-22 17:23:34,663 Result is kept for 600 seconds
2025-04-22 17:23:34,667 home-rohy-evalaivr-evaluation:default: frappe.utils.background_jobs.execute_job(event=None, is_async=True, job_name='frappe.model.delete_doc.delete_dynamic_links', kwargs={'doctype': 'Property Setter', 'name': 'Supplier Quotation-in_words-hidden'..., method='frappe.model.delete_doc.delete_dynamic_links', site='erpnext.localhost', user='Administrator') (erpnext.localhost||472eaff0-e93f-4589-bdab-844f6a32d4b4)
2025-04-22 17:23:34,702 Successfully completed frappe.utils.background_jobs.execute_job(event=None, is_async=True, job_name='frappe.model.delete_doc.delete_dynamic_links', kwargs={'doctype': 'Property Setter', 'name': 'Supplier Quotation-in_words-hidden'..., method='frappe.model.delete_doc.delete_dynamic_links', site='erpnext.localhost', user='Administrator') job in 0:00:00.030472s on worker 788fcd017c71498f9ef65546fcf28348
2025-04-22 17:23:34,702 home-rohy-evalaivr-evaluation:default: Job OK (erpnext.localhost||472eaff0-e93f-4589-bdab-844f6a32d4b4)
2025-04-22 17:23:34,702 Result is kept for 600 seconds
2025-04-22 17:23:34,707 home-rohy-evalaivr-evaluation:default: frappe.utils.background_jobs.execute_job(event=None, is_async=True, job_name='frappe.model.delete_doc.delete_dynamic_links', kwargs={'doctype': 'Property Setter', 'name': 'Supplier Quotation-in_words-print_h..., method='frappe.model.delete_doc.delete_dynamic_links', site='erpnext.localhost', user='Administrator') (erpnext.localhost||f7b19bc2-22ba-44ed-be9c-2fef1ccf1ae2)
2025-04-22 17:23:34,742 Successfully completed frappe.utils.background_jobs.execute_job(event=None, is_async=True, job_name='frappe.model.delete_doc.delete_dynamic_links', kwargs={'doctype': 'Property Setter', 'name': 'Supplier Quotation-in_words-print_h..., method='frappe.model.delete_doc.delete_dynamic_links', site='erpnext.localhost', user='Administrator') job in 0:00:00.030991s on worker 788fcd017c71498f9ef65546fcf28348
2025-04-22 17:23:34,743 home-rohy-evalaivr-evaluation:default: Job OK (erpnext.localhost||f7b19bc2-22ba-44ed-be9c-2fef1ccf1ae2)
2025-04-22 17:23:34,743 Result is kept for 600 seconds
2025-04-22 17:23:34,747 home-rohy-evalaivr-evaluation:default: frappe.utils.background_jobs.execute_job(event=None, is_async=True, job_name='frappe.model.delete_doc.delete_dynamic_links', kwargs={'doctype': 'Property Setter', 'name': 'Purchase Order-in_words-hidden'}, method='frappe.model.delete_doc.delete_dynamic_links', site='erpnext.localhost', user='Administrator') (erpnext.localhost||03a74074-74d3-4d2a-9463-276fbbe332c2)
2025-04-22 17:23:34,782 Successfully completed frappe.utils.background_jobs.execute_job(event=None, is_async=True, job_name='frappe.model.delete_doc.delete_dynamic_links', kwargs={'doctype': 'Property Setter', 'name': 'Purchase Order-in_words-hidden'}, method='frappe.model.delete_doc.delete_dynamic_links', site='erpnext.localhost', user='Administrator') job in 0:00:00.031211s on worker 788fcd017c71498f9ef65546fcf28348
2025-04-22 17:23:34,783 home-rohy-evalaivr-evaluation:default: Job OK (erpnext.localhost||03a74074-74d3-4d2a-9463-276fbbe332c2)
2025-04-22 17:23:34,783 Result is kept for 600 seconds
2025-04-22 17:23:34,787 home-rohy-evalaivr-evaluation:default: frappe.utils.background_jobs.execute_job(event=None, is_async=True, job_name='frappe.model.delete_doc.delete_dynamic_links', kwargs={'doctype': 'Property Setter', 'name': 'Purchase Order-in_words-print_hide'..., method='frappe.model.delete_doc.delete_dynamic_links', site='erpnext.localhost', user='Administrator') (erpnext.localhost||e4eb2cf2-9cdf-4664-984c-7b5e66ca5f7f)
2025-04-22 17:23:34,831 Successfully completed frappe.utils.background_jobs.execute_job(event=None, is_async=True, job_name='frappe.model.delete_doc.delete_dynamic_links', kwargs={'doctype': 'Property Setter', 'name': 'Purchase Order-in_words-print_hide'..., method='frappe.model.delete_doc.delete_dynamic_links', site='erpnext.localhost', user='Administrator') job in 0:00:00.039276s on worker 788fcd017c71498f9ef65546fcf28348
2025-04-22 17:23:34,832 home-rohy-evalaivr-evaluation:default: Job OK (erpnext.localhost||e4eb2cf2-9cdf-4664-984c-7b5e66ca5f7f)
2025-04-22 17:23:34,832 Result is kept for 600 seconds
2025-04-22 17:23:34,837 home-rohy-evalaivr-evaluation:default: frappe.utils.background_jobs.execute_job(event=None, is_async=True, job_name='frappe.model.delete_doc.delete_dynamic_links', kwargs={'doctype': 'Property Setter', 'name': 'Purchase Invoice-in_words-hidden'}, method='frappe.model.delete_doc.delete_dynamic_links', site='erpnext.localhost', user='Administrator') (erpnext.localhost||ab1cce4d-31a0-435e-a542-8a1cbd0e697f)
2025-04-22 17:23:34,879 Successfully completed frappe.utils.background_jobs.execute_job(event=None, is_async=True, job_name='frappe.model.delete_doc.delete_dynamic_links', kwargs={'doctype': 'Property Setter', 'name': 'Purchase Invoice-in_words-hidden'}, method='frappe.model.delete_doc.delete_dynamic_links', site='erpnext.localhost', user='Administrator') job in 0:00:00.035879s on worker 788fcd017c71498f9ef65546fcf28348
2025-04-22 17:23:34,879 home-rohy-evalaivr-evaluation:default: Job OK (erpnext.localhost||ab1cce4d-31a0-435e-a542-8a1cbd0e697f)
2025-04-22 17:23:34,879 Result is kept for 600 seconds
2025-04-22 17:23:34,885 home-rohy-evalaivr-evaluation:default: frappe.utils.background_jobs.execute_job(event=None, is_async=True, job_name='frappe.model.delete_doc.delete_dynamic_links', kwargs={'doctype': 'Property Setter', 'name': 'Purchase Invoice-in_words-print_hid..., method='frappe.model.delete_doc.delete_dynamic_links', site='erpnext.localhost', user='Administrator') (erpnext.localhost||18554454-4a96-4a14-a397-647b72c853d4)
2025-04-22 17:23:34,924 Successfully completed frappe.utils.background_jobs.execute_job(event=None, is_async=True, job_name='frappe.model.delete_doc.delete_dynamic_links', kwargs={'doctype': 'Property Setter', 'name': 'Purchase Invoice-in_words-print_hid..., method='frappe.model.delete_doc.delete_dynamic_links', site='erpnext.localhost', user='Administrator') job in 0:00:00.033356s on worker 788fcd017c71498f9ef65546fcf28348
2025-04-22 17:23:34,924 home-rohy-evalaivr-evaluation:default: Job OK (erpnext.localhost||18554454-4a96-4a14-a397-647b72c853d4)
2025-04-22 17:23:34,924 Result is kept for 600 seconds
2025-04-22 17:23:34,929 home-rohy-evalaivr-evaluation:default: frappe.utils.background_jobs.execute_job(event=None, is_async=True, job_name='frappe.model.delete_doc.delete_dynamic_links', kwargs={'doctype': 'Property Setter', 'name': 'Purchase Receipt-in_words-hidden'}, method='frappe.model.delete_doc.delete_dynamic_links', site='erpnext.localhost', user='Administrator') (erpnext.localhost||0e63a0d6-6d8b-4f4f-8019-4116c31deb51)
2025-04-22 17:23:34,964 Successfully completed frappe.utils.background_jobs.execute_job(event=None, is_async=True, job_name='frappe.model.delete_doc.delete_dynamic_links', kwargs={'doctype': 'Property Setter', 'name': 'Purchase Receipt-in_words-hidden'}, method='frappe.model.delete_doc.delete_dynamic_links', site='erpnext.localhost', user='Administrator') job in 0:00:00.030863s on worker 788fcd017c71498f9ef65546fcf28348
2025-04-22 17:23:34,964 home-rohy-evalaivr-evaluation:default: Job OK (erpnext.localhost||0e63a0d6-6d8b-4f4f-8019-4116c31deb51)
2025-04-22 17:23:34,964 Result is kept for 600 seconds
2025-04-22 17:23:34,969 home-rohy-evalaivr-evaluation:default: frappe.utils.background_jobs.execute_job(event=None, is_async=True, job_name='frappe.model.delete_doc.delete_dynamic_links', kwargs={'doctype': 'Property Setter', 'name': 'Purchase Receipt-in_words-print_hid..., method='frappe.model.delete_doc.delete_dynamic_links', site='erpnext.localhost', user='Administrator') (erpnext.localhost||b3d3e7b5-d164-425c-b8a0-00a05c0459df)
2025-04-22 17:23:35,005 Successfully completed frappe.utils.background_jobs.execute_job(event=None, is_async=True, job_name='frappe.model.delete_doc.delete_dynamic_links', kwargs={'doctype': 'Property Setter', 'name': 'Purchase Receipt-in_words-print_hid..., method='frappe.model.delete_doc.delete_dynamic_links', site='erpnext.localhost', user='Administrator') job in 0:00:00.031602s on worker 788fcd017c71498f9ef65546fcf28348
2025-04-22 17:23:35,005 home-rohy-evalaivr-evaluation:default: Job OK (erpnext.localhost||b3d3e7b5-d164-425c-b8a0-00a05c0459df)
2025-04-22 17:23:35,006 Result is kept for 600 seconds
2025-04-22 17:23:35,010 home-rohy-evalaivr-evaluation:default: frappe.utils.background_jobs.execute_job(event=None, is_async=True, job_name='frappe.model.delete_doc.delete_dynamic_links', kwargs={'doctype': 'Property Setter', 'name': 'Item-naming_series-reqd'}, method='frappe.model.delete_doc.delete_dynamic_links', site='erpnext.localhost', user='Administrator') (erpnext.localhost||4cfae580-ff92-44ea-91a3-1c259f0008c3)
2025-04-22 17:23:35,045 Successfully completed frappe.utils.background_jobs.execute_job(event=None, is_async=True, job_name='frappe.model.delete_doc.delete_dynamic_links', kwargs={'doctype': 'Property Setter', 'name': 'Item-naming_series-reqd'}, method='frappe.model.delete_doc.delete_dynamic_links', site='erpnext.localhost', user='Administrator') job in 0:00:00.030310s on worker 788fcd017c71498f9ef65546fcf28348
2025-04-22 17:23:35,045 home-rohy-evalaivr-evaluation:default: Job OK (erpnext.localhost||4cfae580-ff92-44ea-91a3-1c259f0008c3)
2025-04-22 17:23:35,045 Result is kept for 600 seconds
2025-04-22 17:23:35,050 home-rohy-evalaivr-evaluation:default: frappe.utils.background_jobs.execute_job(event=None, is_async=True, job_name='frappe.model.delete_doc.delete_dynamic_links', kwargs={'doctype': 'Property Setter', 'name': 'Item-naming_series-hidden'}, method='frappe.model.delete_doc.delete_dynamic_links', site='erpnext.localhost', user='Administrator') (erpnext.localhost||ef63936b-47b6-4520-a287-6137bad2483e)
2025-04-22 17:23:35,084 Successfully completed frappe.utils.background_jobs.execute_job(event=None, is_async=True, job_name='frappe.model.delete_doc.delete_dynamic_links', kwargs={'doctype': 'Property Setter', 'name': 'Item-naming_series-hidden'}, method='frappe.model.delete_doc.delete_dynamic_links', site='erpnext.localhost', user='Administrator') job in 0:00:00.029926s on worker 788fcd017c71498f9ef65546fcf28348
2025-04-22 17:23:35,085 home-rohy-evalaivr-evaluation:default: Job OK (erpnext.localhost||ef63936b-47b6-4520-a287-6137bad2483e)
2025-04-22 17:23:35,085 Result is kept for 600 seconds
2025-04-22 17:23:35,089 home-rohy-evalaivr-evaluation:default: frappe.utils.background_jobs.execute_job(event=None, is_async=True, job_name='frappe.model.delete_doc.delete_dynamic_links', kwargs={'doctype': 'Property Setter', 'name': 'Item-item_code-hidden'}, method='frappe.model.delete_doc.delete_dynamic_links', site='erpnext.localhost', user='Administrator') (erpnext.localhost||169fe8ab-34b2-4e4c-9441-b906351eceb0)
2025-04-22 17:23:35,142 Successfully completed frappe.utils.background_jobs.execute_job(event=None, is_async=True, job_name='frappe.model.delete_doc.delete_dynamic_links', kwargs={'doctype': 'Property Setter', 'name': 'Item-item_code-hidden'}, method='frappe.model.delete_doc.delete_dynamic_links', site='erpnext.localhost', user='Administrator') job in 0:00:00.047268s on worker 788fcd017c71498f9ef65546fcf28348
2025-04-22 17:23:35,142 home-rohy-evalaivr-evaluation:default: Job OK (erpnext.localhost||169fe8ab-34b2-4e4c-9441-b906351eceb0)
2025-04-22 17:23:35,142 Result is kept for 600 seconds
2025-04-22 17:23:35,149 home-rohy-evalaivr-evaluation:default: frappe.utils.background_jobs.execute_job(event=None, is_async=True, job_name='frappe.model.delete_doc.delete_dynamic_links', kwargs={'doctype': 'Property Setter', 'name': 'Item-item_code-reqd'}, method='frappe.model.delete_doc.delete_dynamic_links', site='erpnext.localhost', user='Administrator') (erpnext.localhost||5522242b-80db-41bd-a26f-1745b96aa78e)
2025-04-22 17:23:35,190 Successfully completed frappe.utils.background_jobs.execute_job(event=None, is_async=True, job_name='frappe.model.delete_doc.delete_dynamic_links', kwargs={'doctype': 'Property Setter', 'name': 'Item-item_code-reqd'}, method='frappe.model.delete_doc.delete_dynamic_links', site='erpnext.localhost', user='Administrator') job in 0:00:00.035453s on worker 788fcd017c71498f9ef65546fcf28348
2025-04-22 17:23:35,191 home-rohy-evalaivr-evaluation:default: Job OK (erpnext.localhost||5522242b-80db-41bd-a26f-1745b96aa78e)
2025-04-22 17:23:35,191 Result is kept for 600 seconds
2025-04-22 17:23:35,196 home-rohy-evalaivr-evaluation:default: frappe.utils.background_jobs.execute_job(event=None, is_async=True, job_name='frappe.model.delete_doc.delete_dynamic_links', kwargs={'doctype': 'Property Setter', 'name': 'POS Invoice Item-barcode-hidden'}, method='frappe.model.delete_doc.delete_dynamic_links', site='erpnext.localhost', user='Administrator') (erpnext.localhost||780c6a54-c383-484e-83b7-33b1e6dc3997)
2025-04-22 17:23:35,241 Successfully completed frappe.utils.background_jobs.execute_job(event=None, is_async=True, job_name='frappe.model.delete_doc.delete_dynamic_links', kwargs={'doctype': 'Property Setter', 'name': 'POS Invoice Item-barcode-hidden'}, method='frappe.model.delete_doc.delete_dynamic_links', site='erpnext.localhost', user='Administrator') job in 0:00:00.038834s on worker 788fcd017c71498f9ef65546fcf28348
2025-04-22 17:23:35,241 home-rohy-evalaivr-evaluation:default: Job OK (erpnext.localhost||780c6a54-c383-484e-83b7-33b1e6dc3997)
2025-04-22 17:23:35,241 Result is kept for 600 seconds
2025-04-22 17:23:35,247 home-rohy-evalaivr-evaluation:default: frappe.utils.background_jobs.execute_job(event=None, is_async=True, job_name='frappe.model.delete_doc.delete_dynamic_links', kwargs={'doctype': 'Property Setter', 'name': 'Sales Invoice Item-barcode-hidden'}, method='frappe.model.delete_doc.delete_dynamic_links', site='erpnext.localhost', user='Administrator') (erpnext.localhost||82cc2fc7-9ac9-46e1-a725-df025c77c5c0)
2025-04-22 17:23:35,289 Successfully completed frappe.utils.background_jobs.execute_job(event=None, is_async=True, job_name='frappe.model.delete_doc.delete_dynamic_links', kwargs={'doctype': 'Property Setter', 'name': 'Sales Invoice Item-barcode-hidden'}, method='frappe.model.delete_doc.delete_dynamic_links', site='erpnext.localhost', user='Administrator') job in 0:00:00.036243s on worker 788fcd017c71498f9ef65546fcf28348
2025-04-22 17:23:35,289 home-rohy-evalaivr-evaluation:default: Job OK (erpnext.localhost||82cc2fc7-9ac9-46e1-a725-df025c77c5c0)
2025-04-22 17:23:35,289 Result is kept for 600 seconds
2025-04-22 17:23:35,295 home-rohy-evalaivr-evaluation:default: frappe.utils.background_jobs.execute_job(event=None, is_async=True, job_name='frappe.model.delete_doc.delete_dynamic_links', kwargs={'doctype': 'Property Setter', 'name': 'Job Card-barcode-hidden'}, method='frappe.model.delete_doc.delete_dynamic_links', site='erpnext.localhost', user='Administrator') (erpnext.localhost||d6598c6d-02ea-4b74-9ee4-b7c9ddbf9e5f)
2025-04-22 17:23:35,334 Successfully completed frappe.utils.background_jobs.execute_job(event=None, is_async=True, job_name='frappe.model.delete_doc.delete_dynamic_links', kwargs={'doctype': 'Property Setter', 'name': 'Job Card-barcode-hidden'}, method='frappe.model.delete_doc.delete_dynamic_links', site='erpnext.localhost', user='Administrator') job in 0:00:00.033923s on worker 788fcd017c71498f9ef65546fcf28348
2025-04-22 17:23:35,334 home-rohy-evalaivr-evaluation:default: Job OK (erpnext.localhost||d6598c6d-02ea-4b74-9ee4-b7c9ddbf9e5f)
2025-04-22 17:23:35,334 Result is kept for 600 seconds
2025-04-22 17:23:35,339 home-rohy-evalaivr-evaluation:default: frappe.utils.background_jobs.execute_job(event=None, is_async=True, job_name='frappe.model.delete_doc.delete_dynamic_links', kwargs={'doctype': 'Property Setter', 'name': 'Purchase Receipt Item-barcode-hidde..., method='frappe.model.delete_doc.delete_dynamic_links', site='erpnext.localhost', user='Administrator') (erpnext.localhost||f7f0d706-cc38-4b4c-85bd-47e9e9ed53fe)
2025-04-22 17:23:35,377 Successfully completed frappe.utils.background_jobs.execute_job(event=None, is_async=True, job_name='frappe.model.delete_doc.delete_dynamic_links', kwargs={'doctype': 'Property Setter', 'name': 'Purchase Receipt Item-barcode-hidde..., method='frappe.model.delete_doc.delete_dynamic_links', site='erpnext.localhost', user='Administrator') job in 0:00:00.033590s on worker 788fcd017c71498f9ef65546fcf28348
2025-04-22 17:23:35,378 home-rohy-evalaivr-evaluation:default: Job OK (erpnext.localhost||f7f0d706-cc38-4b4c-85bd-47e9e9ed53fe)
2025-04-22 17:23:35,378 Result is kept for 600 seconds
2025-04-22 17:23:35,383 home-rohy-evalaivr-evaluation:default: frappe.utils.background_jobs.execute_job(event=None, is_async=True, job_name='frappe.model.delete_doc.delete_dynamic_links', kwargs={'doctype': 'Property Setter', 'name': 'Stock Entry Detail-barcode-hidden'}, method='frappe.model.delete_doc.delete_dynamic_links', site='erpnext.localhost', user='Administrator') (erpnext.localhost||dbe0f8e2-1fac-4263-84f3-c6b09d22ec45)
2025-04-22 17:23:35,436 Successfully completed frappe.utils.background_jobs.execute_job(event=None, is_async=True, job_name='frappe.model.delete_doc.delete_dynamic_links', kwargs={'doctype': 'Property Setter', 'name': 'Stock Entry Detail-barcode-hidden'}, method='frappe.model.delete_doc.delete_dynamic_links', site='erpnext.localhost', user='Administrator') job in 0:00:00.046536s on worker 788fcd017c71498f9ef65546fcf28348
2025-04-22 17:23:35,436 home-rohy-evalaivr-evaluation:default: Job OK (erpnext.localhost||dbe0f8e2-1fac-4263-84f3-c6b09d22ec45)
2025-04-22 17:23:35,436 Result is kept for 600 seconds
2025-04-22 17:23:35,441 home-rohy-evalaivr-evaluation:default: frappe.utils.background_jobs.execute_job(event=None, is_async=True, job_name='frappe.model.delete_doc.delete_dynamic_links', kwargs={'doctype': 'Property Setter', 'name': 'Stock Reconciliation Item-barcode-h..., method='frappe.model.delete_doc.delete_dynamic_links', site='erpnext.localhost', user='Administrator') (erpnext.localhost||b68e7f92-3fe7-4e4e-bf10-50bf0c24df3b)
2025-04-22 17:23:35,481 Successfully completed frappe.utils.background_jobs.execute_job(event=None, is_async=True, job_name='frappe.model.delete_doc.delete_dynamic_links', kwargs={'doctype': 'Property Setter', 'name': 'Stock Reconciliation Item-barcode-h..., method='frappe.model.delete_doc.delete_dynamic_links', site='erpnext.localhost', user='Administrator') job in 0:00:00.034262s on worker 788fcd017c71498f9ef65546fcf28348
2025-04-22 17:23:35,481 home-rohy-evalaivr-evaluation:default: Job OK (erpnext.localhost||b68e7f92-3fe7-4e4e-bf10-50bf0c24df3b)
2025-04-22 17:23:35,481 Result is kept for 600 seconds
2025-04-22 17:23:35,487 home-rohy-evalaivr-evaluation:default: frappe.utils.background_jobs.execute_job(event=None, is_async=True, job_name='frappe.model.delete_doc.delete_dynamic_links', kwargs={'doctype': 'Property Setter', 'name': 'Item Barcode-barcode-hidden'}, method='frappe.model.delete_doc.delete_dynamic_links', site='erpnext.localhost', user='Administrator') (erpnext.localhost||5b7a17a0-f92a-4866-a526-23fd7460700d)
2025-04-22 17:23:35,523 Successfully completed frappe.utils.background_jobs.execute_job(event=None, is_async=True, job_name='frappe.model.delete_doc.delete_dynamic_links', kwargs={'doctype': 'Property Setter', 'name': 'Item Barcode-barcode-hidden'}, method='frappe.model.delete_doc.delete_dynamic_links', site='erpnext.localhost', user='Administrator') job in 0:00:00.030580s on worker 788fcd017c71498f9ef65546fcf28348
2025-04-22 17:23:35,523 home-rohy-evalaivr-evaluation:default: Job OK (erpnext.localhost||5b7a17a0-f92a-4866-a526-23fd7460700d)
2025-04-22 17:23:35,523 Result is kept for 600 seconds
2025-04-22 17:23:35,527 home-rohy-evalaivr-evaluation:default: frappe.utils.background_jobs.execute_job(event=None, is_async=True, job_name='frappe.model.delete_doc.delete_dynamic_links', kwargs={'doctype': 'Property Setter', 'name': 'Delivery Note Item-barcode-hidden'}, method='frappe.model.delete_doc.delete_dynamic_links', site='erpnext.localhost', user='Administrator') (erpnext.localhost||8da679eb-06f1-44b8-817b-8124b6fb05c7)
2025-04-22 17:23:35,564 Successfully completed frappe.utils.background_jobs.execute_job(event=None, is_async=True, job_name='frappe.model.delete_doc.delete_dynamic_links', kwargs={'doctype': 'Property Setter', 'name': 'Delivery Note Item-barcode-hidden'}, method='frappe.model.delete_doc.delete_dynamic_links', site='erpnext.localhost', user='Administrator') job in 0:00:00.031846s on worker 788fcd017c71498f9ef65546fcf28348
2025-04-22 17:23:35,564 home-rohy-evalaivr-evaluation:default: Job OK (erpnext.localhost||8da679eb-06f1-44b8-817b-8124b6fb05c7)
2025-04-22 17:23:35,565 Result is kept for 600 seconds
2025-04-22 17:23:35,569 home-rohy-evalaivr-evaluation:default: frappe.utils.background_jobs.execute_job(event=None, is_async=True, job_name='frappe.model.delete_doc.delete_dynamic_links', kwargs={'doctype': 'Property Setter', 'name': 'Item-barcodes-hidden'}, method='frappe.model.delete_doc.delete_dynamic_links', site='erpnext.localhost', user='Administrator') (erpnext.localhost||c9469c74-2d67-42b7-b06c-25582cf06127)
2025-04-22 17:23:35,610 Successfully completed frappe.utils.background_jobs.execute_job(event=None, is_async=True, job_name='frappe.model.delete_doc.delete_dynamic_links', kwargs={'doctype': 'Property Setter', 'name': 'Item-barcodes-hidden'}, method='frappe.model.delete_doc.delete_dynamic_links', site='erpnext.localhost', user='Administrator') job in 0:00:00.035118s on worker 788fcd017c71498f9ef65546fcf28348
2025-04-22 17:23:35,610 home-rohy-evalaivr-evaluation:default: Job OK (erpnext.localhost||c9469c74-2d67-42b7-b06c-25582cf06127)
2025-04-22 17:23:35,610 Result is kept for 600 seconds
2025-04-22 17:23:35,616 home-rohy-evalaivr-evaluation:default: frappe.utils.background_jobs.execute_job(event=None, is_async=True, job_name='frappe.model.delete_doc.delete_dynamic_links', kwargs={'doctype': 'Property Setter', 'name': 'Purchase Invoice-scan_barcode-hidde..., method='frappe.model.delete_doc.delete_dynamic_links', site='erpnext.localhost', user='Administrator') (erpnext.localhost||2e1db454-e5aa-4727-9797-8b9bdbb1725c)
2025-04-22 17:23:35,660 Successfully completed frappe.utils.background_jobs.execute_job(event=None, is_async=True, job_name='frappe.model.delete_doc.delete_dynamic_links', kwargs={'doctype': 'Property Setter', 'name': 'Purchase Invoice-scan_barcode-hidde..., method='frappe.model.delete_doc.delete_dynamic_links', site='erpnext.localhost', user='Administrator') job in 0:00:00.039345s on worker 788fcd017c71498f9ef65546fcf28348
2025-04-22 17:23:35,661 home-rohy-evalaivr-evaluation:default: Job OK (erpnext.localhost||2e1db454-e5aa-4727-9797-8b9bdbb1725c)
2025-04-22 17:23:35,661 Result is kept for 600 seconds
2025-04-22 17:23:35,666 home-rohy-evalaivr-evaluation:default: frappe.utils.background_jobs.execute_job(event=None, is_async=True, job_name='frappe.model.delete_doc.delete_dynamic_links', kwargs={'doctype': 'Property Setter', 'name': 'Sales Invoice-scan_barcode-hidden'}, method='frappe.model.delete_doc.delete_dynamic_links', site='erpnext.localhost', user='Administrator') (erpnext.localhost||d79adf7b-2e1f-4977-b347-b94409b61a0a)
2025-04-22 17:23:35,709 Successfully completed frappe.utils.background_jobs.execute_job(event=None, is_async=True, job_name='frappe.model.delete_doc.delete_dynamic_links', kwargs={'doctype': 'Property Setter', 'name': 'Sales Invoice-scan_barcode-hidden'}, method='frappe.model.delete_doc.delete_dynamic_links', site='erpnext.localhost', user='Administrator') job in 0:00:00.037496s on worker 788fcd017c71498f9ef65546fcf28348
2025-04-22 17:23:35,709 home-rohy-evalaivr-evaluation:default: Job OK (erpnext.localhost||d79adf7b-2e1f-4977-b347-b94409b61a0a)
2025-04-22 17:23:35,709 Result is kept for 600 seconds
2025-04-22 17:23:35,716 home-rohy-evalaivr-evaluation:default: frappe.utils.background_jobs.execute_job(event=None, is_async=True, job_name='frappe.model.delete_doc.delete_dynamic_links', kwargs={'doctype': 'Property Setter', 'name': 'POS Invoice-scan_barcode-hidden'}, method='frappe.model.delete_doc.delete_dynamic_links', site='erpnext.localhost', user='Administrator') (erpnext.localhost||01bce08d-97e6-4a83-83d2-6a667ff751eb)
2025-04-22 17:23:35,753 Successfully completed frappe.utils.background_jobs.execute_job(event=None, is_async=True, job_name='frappe.model.delete_doc.delete_dynamic_links', kwargs={'doctype': 'Property Setter', 'name': 'POS Invoice-scan_barcode-hidden'}, method='frappe.model.delete_doc.delete_dynamic_links', site='erpnext.localhost', user='Administrator') job in 0:00:00.031835s on worker 788fcd017c71498f9ef65546fcf28348
2025-04-22 17:23:35,753 home-rohy-evalaivr-evaluation:default: Job OK (erpnext.localhost||01bce08d-97e6-4a83-83d2-6a667ff751eb)
2025-04-22 17:23:35,753 Result is kept for 600 seconds
2025-04-22 17:23:35,758 home-rohy-evalaivr-evaluation:default: frappe.utils.background_jobs.execute_job(event=None, is_async=True, job_name='frappe.model.delete_doc.delete_dynamic_links', kwargs={'doctype': 'Property Setter', 'name': 'Purchase Order-scan_barcode-hidden'..., method='frappe.model.delete_doc.delete_dynamic_links', site='erpnext.localhost', user='Administrator') (erpnext.localhost||ec37bb53-96d6-44f8-a29b-5fcd1e591d16)
2025-04-22 17:23:35,794 Successfully completed frappe.utils.background_jobs.execute_job(event=None, is_async=True, job_name='frappe.model.delete_doc.delete_dynamic_links', kwargs={'doctype': 'Property Setter', 'name': 'Purchase Order-scan_barcode-hidden'..., method='frappe.model.delete_doc.delete_dynamic_links', site='erpnext.localhost', user='Administrator') job in 0:00:00.031842s on worker 788fcd017c71498f9ef65546fcf28348
2025-04-22 17:23:35,795 home-rohy-evalaivr-evaluation:default: Job OK (erpnext.localhost||ec37bb53-96d6-44f8-a29b-5fcd1e591d16)
2025-04-22 17:23:35,795 Result is kept for 600 seconds
2025-04-22 17:23:35,799 home-rohy-evalaivr-evaluation:default: frappe.utils.background_jobs.execute_job(event=None, is_async=True, job_name='frappe.model.delete_doc.delete_dynamic_links', kwargs={'doctype': 'Property Setter', 'name': 'Quotation-scan_barcode-hidden'}, method='frappe.model.delete_doc.delete_dynamic_links', site='erpnext.localhost', user='Administrator') (erpnext.localhost||f7532de6-d22d-4fd4-a995-5ad38fd13c04)
2025-04-22 17:23:35,837 Successfully completed frappe.utils.background_jobs.execute_job(event=None, is_async=True, job_name='frappe.model.delete_doc.delete_dynamic_links', kwargs={'doctype': 'Property Setter', 'name': 'Quotation-scan_barcode-hidden'}, method='frappe.model.delete_doc.delete_dynamic_links', site='erpnext.localhost', user='Administrator') job in 0:00:00.032643s on worker 788fcd017c71498f9ef65546fcf28348
2025-04-22 17:23:35,837 home-rohy-evalaivr-evaluation:default: Job OK (erpnext.localhost||f7532de6-d22d-4fd4-a995-5ad38fd13c04)
2025-04-22 17:23:35,837 Result is kept for 600 seconds
2025-04-22 17:23:35,842 home-rohy-evalaivr-evaluation:default: frappe.utils.background_jobs.execute_job(event=None, is_async=True, job_name='frappe.model.delete_doc.delete_dynamic_links', kwargs={'doctype': 'Property Setter', 'name': 'Sales Order-scan_barcode-hidden'}, method='frappe.model.delete_doc.delete_dynamic_links', site='erpnext.localhost', user='Administrator') (erpnext.localhost||c072dff8-6c21-4743-af4e-0a3ca12eecb4)
2025-04-22 17:23:35,878 Successfully completed frappe.utils.background_jobs.execute_job(event=None, is_async=True, job_name='frappe.model.delete_doc.delete_dynamic_links', kwargs={'doctype': 'Property Setter', 'name': 'Sales Order-scan_barcode-hidden'}, method='frappe.model.delete_doc.delete_dynamic_links', site='erpnext.localhost', user='Administrator') job in 0:00:00.030684s on worker 788fcd017c71498f9ef65546fcf28348
2025-04-22 17:23:35,878 home-rohy-evalaivr-evaluation:default: Job OK (erpnext.localhost||c072dff8-6c21-4743-af4e-0a3ca12eecb4)
2025-04-22 17:23:35,878 Result is kept for 600 seconds
2025-04-22 17:23:35,882 home-rohy-evalaivr-evaluation:default: frappe.utils.background_jobs.execute_job(event=None, is_async=True, job_name='frappe.model.delete_doc.delete_dynamic_links', kwargs={'doctype': 'Property Setter', 'name': 'Material Request-scan_barcode-hidde..., method='frappe.model.delete_doc.delete_dynamic_links', site='erpnext.localhost', user='Administrator') (erpnext.localhost||73d67427-d117-4cc7-83a7-89509232b592)
2025-04-22 17:23:35,926 Successfully completed frappe.utils.background_jobs.execute_job(event=None, is_async=True, job_name='frappe.model.delete_doc.delete_dynamic_links', kwargs={'doctype': 'Property Setter', 'name': 'Material Request-scan_barcode-hidde..., method='frappe.model.delete_doc.delete_dynamic_links', site='erpnext.localhost', user='Administrator') job in 0:00:00.039507s on worker 788fcd017c71498f9ef65546fcf28348
2025-04-22 17:23:35,927 home-rohy-evalaivr-evaluation:default: Job OK (erpnext.localhost||73d67427-d117-4cc7-83a7-89509232b592)
2025-04-22 17:23:35,927 Result is kept for 600 seconds
2025-04-22 17:23:35,933 home-rohy-evalaivr-evaluation:default: frappe.utils.background_jobs.execute_job(event=None, is_async=True, job_name='frappe.model.delete_doc.delete_dynamic_links', kwargs={'doctype': 'Property Setter', 'name': 'Delivery Note-scan_barcode-hidden'}, method='frappe.model.delete_doc.delete_dynamic_links', site='erpnext.localhost', user='Administrator') (erpnext.localhost||f4f0fe75-7107-4932-964e-410a3582d76d)
2025-04-22 17:23:35,973 Successfully completed frappe.utils.background_jobs.execute_job(event=None, is_async=True, job_name='frappe.model.delete_doc.delete_dynamic_links', kwargs={'doctype': 'Property Setter', 'name': 'Delivery Note-scan_barcode-hidden'}, method='frappe.model.delete_doc.delete_dynamic_links', site='erpnext.localhost', user='Administrator') job in 0:00:00.034017s on worker 788fcd017c71498f9ef65546fcf28348
2025-04-22 17:23:35,973 home-rohy-evalaivr-evaluation:default: Job OK (erpnext.localhost||f4f0fe75-7107-4932-964e-410a3582d76d)
2025-04-22 17:23:35,973 Result is kept for 600 seconds
2025-04-22 17:23:35,978 home-rohy-evalaivr-evaluation:default: frappe.utils.background_jobs.execute_job(event=None, is_async=True, job_name='frappe.model.delete_doc.delete_dynamic_links', kwargs={'doctype': 'Property Setter', 'name': 'Stock Entry-scan_barcode-hidden'}, method='frappe.model.delete_doc.delete_dynamic_links', site='erpnext.localhost', user='Administrator') (erpnext.localhost||2f75578b-4c21-4de5-8b32-dc9b21755627)
2025-04-22 17:23:36,014 Successfully completed frappe.utils.background_jobs.execute_job(event=None, is_async=True, job_name='frappe.model.delete_doc.delete_dynamic_links', kwargs={'doctype': 'Property Setter', 'name': 'Stock Entry-scan_barcode-hidden'}, method='frappe.model.delete_doc.delete_dynamic_links', site='erpnext.localhost', user='Administrator') job in 0:00:00.031465s on worker 788fcd017c71498f9ef65546fcf28348
2025-04-22 17:23:36,014 home-rohy-evalaivr-evaluation:default: Job OK (erpnext.localhost||2f75578b-4c21-4de5-8b32-dc9b21755627)
2025-04-22 17:23:36,014 Result is kept for 600 seconds
2025-04-22 17:23:36,019 home-rohy-evalaivr-evaluation:default: frappe.utils.background_jobs.execute_job(event=None, is_async=True, job_name='frappe.model.delete_doc.delete_dynamic_links', kwargs={'doctype': 'Property Setter', 'name': 'Pick List-scan_barcode-hidden'}, method='frappe.model.delete_doc.delete_dynamic_links', site='erpnext.localhost', user='Administrator') (erpnext.localhost||ef3efaf5-e0e5-4fc7-8912-6dc6631dccba)
2025-04-22 17:23:36,057 Successfully completed frappe.utils.background_jobs.execute_job(event=None, is_async=True, job_name='frappe.model.delete_doc.delete_dynamic_links', kwargs={'doctype': 'Property Setter', 'name': 'Pick List-scan_barcode-hidden'}, method='frappe.model.delete_doc.delete_dynamic_links', site='erpnext.localhost', user='Administrator') job in 0:00:00.032532s on worker 788fcd017c71498f9ef65546fcf28348
2025-04-22 17:23:36,057 home-rohy-evalaivr-evaluation:default: Job OK (erpnext.localhost||ef3efaf5-e0e5-4fc7-8912-6dc6631dccba)
2025-04-22 17:23:36,057 Result is kept for 600 seconds
2025-04-22 17:23:36,061 home-rohy-evalaivr-evaluation:default: frappe.utils.background_jobs.execute_job(event=None, is_async=True, job_name='frappe.model.delete_doc.delete_dynamic_links', kwargs={'doctype': 'Property Setter', 'name': 'Stock Reconciliation-scan_barcode-h..., method='frappe.model.delete_doc.delete_dynamic_links', site='erpnext.localhost', user='Administrator') (erpnext.localhost||c3957295-26f7-4e51-8115-62dad39eb938)
2025-04-22 17:23:36,098 Successfully completed frappe.utils.background_jobs.execute_job(event=None, is_async=True, job_name='frappe.model.delete_doc.delete_dynamic_links', kwargs={'doctype': 'Property Setter', 'name': 'Stock Reconciliation-scan_barcode-h..., method='frappe.model.delete_doc.delete_dynamic_links', site='erpnext.localhost', user='Administrator') job in 0:00:00.031395s on worker 788fcd017c71498f9ef65546fcf28348
2025-04-22 17:23:36,098 home-rohy-evalaivr-evaluation:default: Job OK (erpnext.localhost||c3957295-26f7-4e51-8115-62dad39eb938)
2025-04-22 17:23:36,098 Result is kept for 600 seconds
2025-04-22 17:23:36,102 home-rohy-evalaivr-evaluation:default: frappe.utils.background_jobs.execute_job(event=None, is_async=True, job_name='frappe.model.delete_doc.delete_dynamic_links', kwargs={'doctype': 'Property Setter', 'name': 'Purchase Receipt-scan_barcode-hidde..., method='frappe.model.delete_doc.delete_dynamic_links', site='erpnext.localhost', user='Administrator') (erpnext.localhost||92ef6479-663f-4203-b127-774a03e0e832)
2025-04-22 17:23:36,138 Successfully completed frappe.utils.background_jobs.execute_job(event=None, is_async=True, job_name='frappe.model.delete_doc.delete_dynamic_links', kwargs={'doctype': 'Property Setter', 'name': 'Purchase Receipt-scan_barcode-hidde..., method='frappe.model.delete_doc.delete_dynamic_links', site='erpnext.localhost', user='Administrator') job in 0:00:00.031553s on worker 788fcd017c71498f9ef65546fcf28348
2025-04-22 17:23:36,138 home-rohy-evalaivr-evaluation:default: Job OK (erpnext.localhost||92ef6479-663f-4203-b127-774a03e0e832)
2025-04-22 17:23:36,138 Result is kept for 600 seconds
2025-04-22 17:23:36,143 home-rohy-evalaivr-evaluation:default: frappe.utils.background_jobs.execute_job(event=None, is_async=True, job_name='frappe.model.delete_doc.delete_dynamic_links', kwargs={'doctype': 'Property Setter', 'name': 'Sales Invoice Item-target_warehouse..., method='frappe.model.delete_doc.delete_dynamic_links', site='erpnext.localhost', user='Administrator') (erpnext.localhost||f11f1162-eacc-4933-96ac-f9b519512537)
2025-04-22 17:23:36,187 Successfully completed frappe.utils.background_jobs.execute_job(event=None, is_async=True, job_name='frappe.model.delete_doc.delete_dynamic_links', kwargs={'doctype': 'Property Setter', 'name': 'Sales Invoice Item-target_warehouse..., method='frappe.model.delete_doc.delete_dynamic_links', site='erpnext.localhost', user='Administrator') job in 0:00:00.038908s on worker 788fcd017c71498f9ef65546fcf28348
2025-04-22 17:23:36,188 home-rohy-evalaivr-evaluation:default: Job OK (erpnext.localhost||f11f1162-eacc-4933-96ac-f9b519512537)
2025-04-22 17:23:36,188 Result is kept for 600 seconds
2025-04-22 17:23:36,193 home-rohy-evalaivr-evaluation:default: frappe.utils.background_jobs.execute_job(event=None, is_async=True, job_name='frappe.model.delete_doc.delete_dynamic_links', kwargs={'doctype': 'Property Setter', 'name': 'Delivery Note Item-target_warehouse..., method='frappe.model.delete_doc.delete_dynamic_links', site='erpnext.localhost', user='Administrator') (erpnext.localhost||4776926a-b1c1-4d79-b07b-1179fee3ed1c)
2025-04-22 17:23:36,233 Successfully completed frappe.utils.background_jobs.execute_job(event=None, is_async=True, job_name='frappe.model.delete_doc.delete_dynamic_links', kwargs={'doctype': 'Property Setter', 'name': 'Delivery Note Item-target_warehouse..., method='frappe.model.delete_doc.delete_dynamic_links', site='erpnext.localhost', user='Administrator') job in 0:00:00.034510s on worker 788fcd017c71498f9ef65546fcf28348
2025-04-22 17:23:36,233 home-rohy-evalaivr-evaluation:default: Job OK (erpnext.localhost||4776926a-b1c1-4d79-b07b-1179fee3ed1c)
2025-04-22 17:23:36,233 Result is kept for 600 seconds
2025-04-22 17:23:36,239 home-rohy-evalaivr-evaluation:default: frappe.utils.background_jobs.execute_job(event=None, is_async=True, job_name='frappe.model.delete_doc.delete_dynamic_links', kwargs={'doctype': 'Property Setter', 'name': 'Purchase Invoice Item-from_warehous..., method='frappe.model.delete_doc.delete_dynamic_links', site='erpnext.localhost', user='Administrator') (erpnext.localhost||e416ac01-4d39-4ffc-97e3-34dbf887df6a)
2025-04-22 17:23:36,288 Successfully completed frappe.utils.background_jobs.execute_job(event=None, is_async=True, job_name='frappe.model.delete_doc.delete_dynamic_links', kwargs={'doctype': 'Property Setter', 'name': 'Purchase Invoice Item-from_warehous..., method='frappe.model.delete_doc.delete_dynamic_links', site='erpnext.localhost', user='Administrator') job in 0:00:00.042424s on worker 788fcd017c71498f9ef65546fcf28348
2025-04-22 17:23:36,289 home-rohy-evalaivr-evaluation:default: Job OK (erpnext.localhost||e416ac01-4d39-4ffc-97e3-34dbf887df6a)
2025-04-22 17:23:36,289 Result is kept for 600 seconds
2025-04-22 17:23:36,294 home-rohy-evalaivr-evaluation:default: frappe.utils.background_jobs.execute_job(event=None, is_async=True, job_name='frappe.model.delete_doc.delete_dynamic_links', kwargs={'doctype': 'Property Setter', 'name': 'Purchase Receipt Item-from_warehous..., method='frappe.model.delete_doc.delete_dynamic_links', site='erpnext.localhost', user='Administrator') (erpnext.localhost||8183a0ab-88f5-4a57-aff4-aef2c04f2686)
2025-04-22 17:23:36,338 Successfully completed frappe.utils.background_jobs.execute_job(event=None, is_async=True, job_name='frappe.model.delete_doc.delete_dynamic_links', kwargs={'doctype': 'Property Setter', 'name': 'Purchase Receipt Item-from_warehous..., method='frappe.model.delete_doc.delete_dynamic_links', site='erpnext.localhost', user='Administrator') job in 0:00:00.037958s on worker 788fcd017c71498f9ef65546fcf28348
2025-04-22 17:23:36,338 home-rohy-evalaivr-evaluation:default: Job OK (erpnext.localhost||8183a0ab-88f5-4a57-aff4-aef2c04f2686)
2025-04-22 17:23:36,338 Result is kept for 600 seconds
2025-04-22 17:37:06,498 Cleaning registries for queue: home-rohy-evalaivr-evaluation:short
2025-04-22 17:37:06,501 Cleaning registries for queue: home-rohy-evalaivr-evaluation:default
2025-04-22 17:37:06,503 Cleaning registries for queue: home-rohy-evalaivr-evaluation:long
2025-04-22 17:50:36,558 Cleaning registries for queue: home-rohy-evalaivr-evaluation:short
2025-04-22 17:50:36,563 Cleaning registries for queue: home-rohy-evalaivr-evaluation:default
2025-04-22 17:50:36,565 Cleaning registries for queue: home-rohy-evalaivr-evaluation:long
2025-04-22 18:04:06,675 Cleaning registries for queue: home-rohy-evalaivr-evaluation:short
2025-04-22 18:04:06,677 Cleaning registries for queue: home-rohy-evalaivr-evaluation:default
2025-04-22 18:04:06,679 Cleaning registries for queue: home-rohy-evalaivr-evaluation:long
2025-04-22 18:17:36,740 Cleaning registries for queue: home-rohy-evalaivr-evaluation:short
2025-04-22 18:17:36,751 Cleaning registries for queue: home-rohy-evalaivr-evaluation:default
2025-04-22 18:17:36,755 Cleaning registries for queue: home-rohy-evalaivr-evaluation:long
2025-04-22 18:31:06,889 Cleaning registries for queue: home-rohy-evalaivr-evaluation:short
2025-04-22 18:31:06,904 Cleaning registries for queue: home-rohy-evalaivr-evaluation:default
2025-04-22 18:31:06,909 Cleaning registries for queue: home-rohy-evalaivr-evaluation:long
2025-04-22 18:44:37,248 Cleaning registries for queue: home-rohy-evalaivr-evaluation:short
2025-04-22 18:44:37,310 Cleaning registries for queue: home-rohy-evalaivr-evaluation:default
2025-04-22 18:44:37,317 Cleaning registries for queue: home-rohy-evalaivr-evaluation:long
2025-04-22 18:58:07,460 Cleaning registries for queue: home-rohy-evalaivr-evaluation:short
2025-04-22 18:58:07,485 Cleaning registries for queue: home-rohy-evalaivr-evaluation:default
2025-04-22 18:58:07,490 Cleaning registries for queue: home-rohy-evalaivr-evaluation:long
2025-04-22 19:15:28,214 Cleaning registries for queue: home-rohy-evalaivr-evaluation:short
2025-04-22 19:15:28,217 Cleaning registries for queue: home-rohy-evalaivr-evaluation:default
2025-04-22 19:15:28,220 Cleaning registries for queue: home-rohy-evalaivr-evaluation:long
2025-04-22 19:28:58,349 Cleaning registries for queue: home-rohy-evalaivr-evaluation:short
2025-04-22 19:28:58,367 Cleaning registries for queue: home-rohy-evalaivr-evaluation:default
2025-04-22 19:28:58,372 Cleaning registries for queue: home-rohy-evalaivr-evaluation:long
2025-04-22 19:50:26,260 Cleaning registries for queue: home-rohy-evalaivr-evaluation:short
2025-04-22 19:50:26,284 Cleaning registries for queue: home-rohy-evalaivr-evaluation:default
2025-04-22 19:50:26,287 Cleaning registries for queue: home-rohy-evalaivr-evaluation:long
2025-04-22 19:52:13,579 home-rohy-evalaivr-evaluation:default: frappe.utils.background_jobs.execute_job(event=None, is_async=True, job_name='frappe.core.doctype.scheduled_job_type.scheduled_job_type.run_scheduled_jo..., kwargs={'job_type': 'frappe.monitor.flush', 'scheduled_job_type': 's60ssvifus'}, method='frappe.core.doctype.scheduled_job_type.scheduled_job_type.run_scheduled_jo..., site='erpnext.localhost', user='Administrator') (erpnext.localhost||scheduled_job||s60ssvifus)
2025-04-22 19:52:15,307 Successfully completed frappe.utils.background_jobs.execute_job(event=None, is_async=True, job_name='frappe.core.doctype.scheduled_job_type.scheduled_job_type.run_scheduled_jo..., kwargs={'job_type': 'frappe.monitor.flush', 'scheduled_job_type': 's60ssvifus'}, method='frappe.core.doctype.scheduled_job_type.scheduled_job_type.run_scheduled_jo..., site='erpnext.localhost', user='Administrator') job in 0:00:01.564699s on worker 788fcd017c71498f9ef65546fcf28348
2025-04-22 19:52:15,308 home-rohy-evalaivr-evaluation:default: Job OK (erpnext.localhost||scheduled_job||s60ssvifus)
2025-04-22 19:52:15,308 Result is kept for 600 seconds
2025-04-22 19:52:15,332 home-rohy-evalaivr-evaluation:default: frappe.utils.background_jobs.execute_job(event=None, is_async=True, job_name='frappe.core.doctype.scheduled_job_type.scheduled_job_type.run_scheduled_jo..., kwargs={'job_type': 'frappe.email.queue.flush', 'scheduled_job_type': 's60b9alidp'..., method='frappe.core.doctype.scheduled_job_type.scheduled_job_type.run_scheduled_jo..., site='erpnext.localhost', user='Administrator') (erpnext.localhost||scheduled_job||s60b9alidp)
2025-04-22 19:52:16,081 Successfully completed frappe.utils.background_jobs.execute_job(event=None, is_async=True, job_name='frappe.core.doctype.scheduled_job_type.scheduled_job_type.run_scheduled_jo..., kwargs={'job_type': 'frappe.email.queue.flush', 'scheduled_job_type': 's60b9alidp'..., method='frappe.core.doctype.scheduled_job_type.scheduled_job_type.run_scheduled_jo..., site='erpnext.localhost', user='Administrator') job in 0:00:00.731799s on worker 788fcd017c71498f9ef65546fcf28348
2025-04-22 19:52:16,081 home-rohy-evalaivr-evaluation:default: Job OK (erpnext.localhost||scheduled_job||s60b9alidp)
2025-04-22 19:52:16,082 Result is kept for 600 seconds
2025-04-22 19:52:16,093 home-rohy-evalaivr-evaluation:default: frappe.utils.background_jobs.execute_job(event=None, is_async=True, job_name='frappe.core.doctype.scheduled_job_type.scheduled_job_type.run_scheduled_jo..., kwargs={'job_type': 'frappe.email.doctype.email_account.email_account.pull', 'sche..., method='frappe.core.doctype.scheduled_job_type.scheduled_job_type.run_scheduled_jo..., site='erpnext.localhost', user='Administrator') (erpnext.localhost||scheduled_job||s60v5h24ke)
2025-04-22 19:52:16,677 Successfully completed frappe.utils.background_jobs.execute_job(event=None, is_async=True, job_name='frappe.core.doctype.scheduled_job_type.scheduled_job_type.run_scheduled_jo..., kwargs={'job_type': 'frappe.email.doctype.email_account.email_account.pull', 'sche..., method='frappe.core.doctype.scheduled_job_type.scheduled_job_type.run_scheduled_jo..., site='erpnext.localhost', user='Administrator') job in 0:00:00.573449s on worker 788fcd017c71498f9ef65546fcf28348
2025-04-22 19:52:16,678 home-rohy-evalaivr-evaluation:default: Job OK (erpnext.localhost||scheduled_job||s60v5h24ke)
2025-04-22 19:52:16,678 Result is kept for 600 seconds
2025-04-22 19:52:16,690 home-rohy-evalaivr-evaluation:default: frappe.utils.background_jobs.execute_job(event=None, is_async=True, job_name='frappe.core.doctype.scheduled_job_type.scheduled_job_type.run_scheduled_jo..., kwargs={'job_type': 'frappe.integrations.doctype.google_calendar.google_calendar.s..., method='frappe.core.doctype.scheduled_job_type.scheduled_job_type.run_scheduled_jo..., site='erpnext.localhost', user='Administrator') (erpnext.localhost||scheduled_job||s60e2kq4sq)
2025-04-22 19:52:17,870 Successfully completed frappe.utils.background_jobs.execute_job(event=None, is_async=True, job_name='frappe.core.doctype.scheduled_job_type.scheduled_job_type.run_scheduled_jo..., kwargs={'job_type': 'frappe.integrations.doctype.google_calendar.google_calendar.s..., method='frappe.core.doctype.scheduled_job_type.scheduled_job_type.run_scheduled_jo..., site='erpnext.localhost', user='Administrator') job in 0:00:01.168094s on worker 788fcd017c71498f9ef65546fcf28348
2025-04-22 19:52:17,871 home-rohy-evalaivr-evaluation:default: Job OK (erpnext.localhost||scheduled_job||s60e2kq4sq)
2025-04-22 19:52:17,871 Result is kept for 600 seconds
2025-04-22 19:52:17,883 home-rohy-evalaivr-evaluation:default: frappe.utils.background_jobs.execute_job(event=None, is_async=True, job_name='frappe.core.doctype.scheduled_job_type.scheduled_job_type.run_scheduled_jo..., kwargs={'job_type': 'frappe.email.doctype.notification.notification.trigger_offset..., method='frappe.core.doctype.scheduled_job_type.scheduled_job_type.run_scheduled_jo..., site='erpnext.localhost', user='Administrator') (erpnext.localhost||scheduled_job||s603rpotun)
2025-04-22 19:52:18,139 Successfully completed frappe.utils.background_jobs.execute_job(event=None, is_async=True, job_name='frappe.core.doctype.scheduled_job_type.scheduled_job_type.run_scheduled_jo..., kwargs={'job_type': 'frappe.email.doctype.notification.notification.trigger_offset..., method='frappe.core.doctype.scheduled_job_type.scheduled_job_type.run_scheduled_jo..., site='erpnext.localhost', user='Administrator') job in 0:00:00.242700s on worker 788fcd017c71498f9ef65546fcf28348
2025-04-22 19:52:18,139 home-rohy-evalaivr-evaluation:default: Job OK (erpnext.localhost||scheduled_job||s603rpotun)
2025-04-22 19:52:18,139 Result is kept for 600 seconds
2025-04-22 19:56:00,403 home-rohy-evalaivr-evaluation:default: frappe.utils.background_jobs.execute_job(event=None, is_async=True, job_name='frappe.core.doctype.scheduled_job_type.scheduled_job_type.run_scheduled_jo..., kwargs={'job_type': 'frappe.integrations.doctype.google_calendar.google_calendar.s..., method='frappe.core.doctype.scheduled_job_type.scheduled_job_type.run_scheduled_jo..., site='erpnext.localhost', user='Administrator') (erpnext.localhost||scheduled_job||s60e2kq4sq)
2025-04-22 19:56:00,963 Successfully completed frappe.utils.background_jobs.execute_job(event=None, is_async=True, job_name='frappe.core.doctype.scheduled_job_type.scheduled_job_type.run_scheduled_jo..., kwargs={'job_type': 'frappe.integrations.doctype.google_calendar.google_calendar.s..., method='frappe.core.doctype.scheduled_job_type.scheduled_job_type.run_scheduled_jo..., site='erpnext.localhost', user='Administrator') job in 0:00:00.543106s on worker 788fcd017c71498f9ef65546fcf28348
2025-04-22 19:56:00,963 home-rohy-evalaivr-evaluation:default: Job OK (erpnext.localhost||scheduled_job||s60e2kq4sq)
2025-04-22 19:56:00,963 Result is kept for 600 seconds
2025-04-22 19:56:00,977 home-rohy-evalaivr-evaluation:default: frappe.utils.background_jobs.execute_job(event=None, is_async=True, job_name='frappe.core.doctype.scheduled_job_type.scheduled_job_type.run_scheduled_jo..., kwargs={'job_type': 'frappe.email.doctype.notification.notification.trigger_offset..., method='frappe.core.doctype.scheduled_job_type.scheduled_job_type.run_scheduled_jo..., site='erpnext.localhost', user='Administrator') (erpnext.localhost||scheduled_job||s603rpotun)
2025-04-22 19:56:01,266 Successfully completed frappe.utils.background_jobs.execute_job(event=None, is_async=True, job_name='frappe.core.doctype.scheduled_job_type.scheduled_job_type.run_scheduled_jo..., kwargs={'job_type': 'frappe.email.doctype.notification.notification.trigger_offset..., method='frappe.core.doctype.scheduled_job_type.scheduled_job_type.run_scheduled_jo..., site='erpnext.localhost', user='Administrator') job in 0:00:00.277176s on worker 788fcd017c71498f9ef65546fcf28348
2025-04-22 19:56:01,266 home-rohy-evalaivr-evaluation:default: Job OK (erpnext.localhost||scheduled_job||s603rpotun)
2025-04-22 19:56:01,266 Result is kept for 600 seconds
2025-04-22 19:56:01,276 home-rohy-evalaivr-evaluation:default: frappe.utils.background_jobs.execute_job(event=None, is_async=True, job_name='frappe.core.doctype.scheduled_job_type.scheduled_job_type.run_scheduled_jo..., kwargs={'job_type': 'frappe.email.queue.flush', 'scheduled_job_type': 's60b9alidp'..., method='frappe.core.doctype.scheduled_job_type.scheduled_job_type.run_scheduled_jo..., site='erpnext.localhost', user='Administrator') (erpnext.localhost||scheduled_job||s60b9alidp)
2025-04-22 19:56:01,685 Successfully completed frappe.utils.background_jobs.execute_job(event=None, is_async=True, job_name='frappe.core.doctype.scheduled_job_type.scheduled_job_type.run_scheduled_jo..., kwargs={'job_type': 'frappe.email.queue.flush', 'scheduled_job_type': 's60b9alidp'..., method='frappe.core.doctype.scheduled_job_type.scheduled_job_type.run_scheduled_jo..., site='erpnext.localhost', user='Administrator') job in 0:00:00.398792s on worker 788fcd017c71498f9ef65546fcf28348
2025-04-22 19:56:01,686 home-rohy-evalaivr-evaluation:default: Job OK (erpnext.localhost||scheduled_job||s60b9alidp)
2025-04-22 19:56:01,686 Result is kept for 600 seconds
2025-04-22 19:56:01,698 home-rohy-evalaivr-evaluation:default: frappe.utils.background_jobs.execute_job(event=None, is_async=True, job_name='frappe.core.doctype.scheduled_job_type.scheduled_job_type.run_scheduled_jo..., kwargs={'job_type': 'frappe.monitor.flush', 'scheduled_job_type': 's60ssvifus'}, method='frappe.core.doctype.scheduled_job_type.scheduled_job_type.run_scheduled_jo..., site='erpnext.localhost', user='Administrator') (erpnext.localhost||scheduled_job||s60ssvifus)
2025-04-22 19:56:01,919 Successfully completed frappe.utils.background_jobs.execute_job(event=None, is_async=True, job_name='frappe.core.doctype.scheduled_job_type.scheduled_job_type.run_scheduled_jo..., kwargs={'job_type': 'frappe.monitor.flush', 'scheduled_job_type': 's60ssvifus'}, method='frappe.core.doctype.scheduled_job_type.scheduled_job_type.run_scheduled_jo..., site='erpnext.localhost', user='Administrator') job in 0:00:00.208820s on worker 788fcd017c71498f9ef65546fcf28348
2025-04-22 19:56:01,919 home-rohy-evalaivr-evaluation:default: Job OK (erpnext.localhost||scheduled_job||s60ssvifus)
2025-04-22 19:56:01,919 Result is kept for 600 seconds
2025-04-22 20:00:00,955 home-rohy-evalaivr-evaluation:default: frappe.utils.background_jobs.execute_job(event=None, is_async=True, job_name='frappe.core.doctype.scheduled_job_type.scheduled_job_type.run_scheduled_jo..., kwargs={'job_type': 'frappe.email.doctype.notification.notification.trigger_offset..., method='frappe.core.doctype.scheduled_job_type.scheduled_job_type.run_scheduled_jo..., site='erpnext.localhost', user='Administrator') (erpnext.localhost||scheduled_job||s603rpotun)
2025-04-22 20:00:01,275 Successfully completed frappe.utils.background_jobs.execute_job(event=None, is_async=True, job_name='frappe.core.doctype.scheduled_job_type.scheduled_job_type.run_scheduled_jo..., kwargs={'job_type': 'frappe.email.doctype.notification.notification.trigger_offset..., method='frappe.core.doctype.scheduled_job_type.scheduled_job_type.run_scheduled_jo..., site='erpnext.localhost', user='Administrator') job in 0:00:00.310409s on worker 788fcd017c71498f9ef65546fcf28348
2025-04-22 20:00:01,276 home-rohy-evalaivr-evaluation:default: Job OK (erpnext.localhost||scheduled_job||s603rpotun)
2025-04-22 20:00:01,276 Result is kept for 600 seconds
2025-04-22 20:00:01,288 home-rohy-evalaivr-evaluation:default: frappe.utils.background_jobs.execute_job(event=None, is_async=True, job_name='frappe.core.doctype.scheduled_job_type.scheduled_job_type.run_scheduled_jo..., kwargs={'job_type': 'frappe.model.utils.user_settings.sync_user_settings', 'schedu..., method='frappe.core.doctype.scheduled_job_type.scheduled_job_type.run_scheduled_jo..., site='erpnext.localhost', user='Administrator') (erpnext.localhost||scheduled_job||s605plhvkj)
2025-04-22 20:00:01,740 Successfully completed frappe.utils.background_jobs.execute_job(event=None, is_async=True, job_name='frappe.core.doctype.scheduled_job_type.scheduled_job_type.run_scheduled_jo..., kwargs={'job_type': 'frappe.model.utils.user_settings.sync_user_settings', 'schedu..., method='frappe.core.doctype.scheduled_job_type.scheduled_job_type.run_scheduled_jo..., site='erpnext.localhost', user='Administrator') job in 0:00:00.441004s on worker 788fcd017c71498f9ef65546fcf28348
2025-04-22 20:00:01,740 home-rohy-evalaivr-evaluation:default: Job OK (erpnext.localhost||scheduled_job||s605plhvkj)
2025-04-22 20:00:01,741 Result is kept for 600 seconds
2025-04-22 20:00:01,751 home-rohy-evalaivr-evaluation:default: frappe.utils.background_jobs.execute_job(event=None, is_async=True, job_name='frappe.core.doctype.scheduled_job_type.scheduled_job_type.run_scheduled_jo..., kwargs={'job_type': 'frappe.deferred_insert.save_to_db', 'scheduled_job_type': 's6..., method='frappe.core.doctype.scheduled_job_type.scheduled_job_type.run_scheduled_jo..., site='erpnext.localhost', user='Administrator') (erpnext.localhost||scheduled_job||s6065rp0ec)
2025-04-22 20:00:02,209 Successfully completed frappe.utils.background_jobs.execute_job(event=None, is_async=True, job_name='frappe.core.doctype.scheduled_job_type.scheduled_job_type.run_scheduled_jo..., kwargs={'job_type': 'frappe.deferred_insert.save_to_db', 'scheduled_job_type': 's6..., method='frappe.core.doctype.scheduled_job_type.scheduled_job_type.run_scheduled_jo..., site='erpnext.localhost', user='Administrator') job in 0:00:00.446928s on worker 788fcd017c71498f9ef65546fcf28348
2025-04-22 20:00:02,209 home-rohy-evalaivr-evaluation:default: Job OK (erpnext.localhost||scheduled_job||s6065rp0ec)
2025-04-22 20:00:02,209 Result is kept for 600 seconds
2025-04-22 20:00:02,220 home-rohy-evalaivr-evaluation:default: frappe.utils.background_jobs.execute_job(event=None, is_async=True, job_name='frappe.core.doctype.scheduled_job_type.scheduled_job_type.run_scheduled_jo..., kwargs={'job_type': 'erpnext.manufacturing.doctype.bom_update_log.bom_update_log.r..., method='frappe.core.doctype.scheduled_job_type.scheduled_job_type.run_scheduled_jo..., site='erpnext.localhost', user='Administrator') (erpnext.localhost||scheduled_job||tgsg535gbe)
2025-04-22 20:00:02,503 Successfully completed frappe.utils.background_jobs.execute_job(event=None, is_async=True, job_name='frappe.core.doctype.scheduled_job_type.scheduled_job_type.run_scheduled_jo..., kwargs={'job_type': 'erpnext.manufacturing.doctype.bom_update_log.bom_update_log.r..., method='frappe.core.doctype.scheduled_job_type.scheduled_job_type.run_scheduled_jo..., site='erpnext.localhost', user='Administrator') job in 0:00:00.272833s on worker 788fcd017c71498f9ef65546fcf28348
2025-04-22 20:00:02,504 home-rohy-evalaivr-evaluation:default: Job OK (erpnext.localhost||scheduled_job||tgsg535gbe)
2025-04-22 20:00:02,504 Result is kept for 600 seconds
2025-04-22 20:00:02,515 home-rohy-evalaivr-evaluation:default: frappe.utils.background_jobs.execute_job(event=None, is_async=True, job_name='frappe.core.doctype.scheduled_job_type.scheduled_job_type.run_scheduled_jo..., kwargs={'job_type': 'frappe.website.doctype.web_page.web_page.check_publish_status..., method='frappe.core.doctype.scheduled_job_type.scheduled_job_type.run_scheduled_jo..., site='erpnext.localhost', user='Administrator') (erpnext.localhost||scheduled_job||s609qc5grc)
2025-04-22 20:00:02,865 Successfully completed frappe.utils.background_jobs.execute_job(event=None, is_async=True, job_name='frappe.core.doctype.scheduled_job_type.scheduled_job_type.run_scheduled_jo..., kwargs={'job_type': 'frappe.website.doctype.web_page.web_page.check_publish_status..., method='frappe.core.doctype.scheduled_job_type.scheduled_job_type.run_scheduled_jo..., site='erpnext.localhost', user='Administrator') job in 0:00:00.339163s on worker 788fcd017c71498f9ef65546fcf28348
2025-04-22 20:00:02,865 home-rohy-evalaivr-evaluation:default: Job OK (erpnext.localhost||scheduled_job||s609qc5grc)
2025-04-22 20:00:02,865 Result is kept for 600 seconds
2025-04-22 20:00:02,876 home-rohy-evalaivr-evaluation:default: frappe.utils.background_jobs.execute_job(event=None, is_async=True, job_name='frappe.core.doctype.scheduled_job_type.scheduled_job_type.run_scheduled_jo..., kwargs={'job_type': 'frappe.monitor.flush', 'scheduled_job_type': 's60ssvifus'}, method='frappe.core.doctype.scheduled_job_type.scheduled_job_type.run_scheduled_jo..., site='erpnext.localhost', user='Administrator') (erpnext.localhost||scheduled_job||s60ssvifus)
2025-04-22 20:00:03,118 Successfully completed frappe.utils.background_jobs.execute_job(event=None, is_async=True, job_name='frappe.core.doctype.scheduled_job_type.scheduled_job_type.run_scheduled_jo..., kwargs={'job_type': 'frappe.monitor.flush', 'scheduled_job_type': 's60ssvifus'}, method='frappe.core.doctype.scheduled_job_type.scheduled_job_type.run_scheduled_jo..., site='erpnext.localhost', user='Administrator') job in 0:00:00.231258s on worker 788fcd017c71498f9ef65546fcf28348
2025-04-22 20:00:03,118 home-rohy-evalaivr-evaluation:default: Job OK (erpnext.localhost||scheduled_job||s60ssvifus)
2025-04-22 20:00:03,118 Result is kept for 600 seconds
2025-04-22 20:00:03,129 home-rohy-evalaivr-evaluation:default: frappe.utils.background_jobs.execute_job(event=None, is_async=True, job_name='frappe.core.doctype.scheduled_job_type.scheduled_job_type.run_scheduled_jo..., kwargs={'job_type': 'frappe.model.utils.link_count.update_link_count', 'scheduled_..., method='frappe.core.doctype.scheduled_job_type.scheduled_job_type.run_scheduled_jo..., site='erpnext.localhost', user='Administrator') (erpnext.localhost||scheduled_job||s608b5ancb)
2025-04-22 20:00:03,366 Successfully completed frappe.utils.background_jobs.execute_job(event=None, is_async=True, job_name='frappe.core.doctype.scheduled_job_type.scheduled_job_type.run_scheduled_jo..., kwargs={'job_type': 'frappe.model.utils.link_count.update_link_count', 'scheduled_..., method='frappe.core.doctype.scheduled_job_type.scheduled_job_type.run_scheduled_jo..., site='erpnext.localhost', user='Administrator') job in 0:00:00.227588s on worker 788fcd017c71498f9ef65546fcf28348
2025-04-22 20:00:03,367 home-rohy-evalaivr-evaluation:default: Job OK (erpnext.localhost||scheduled_job||s608b5ancb)
2025-04-22 20:00:03,367 Result is kept for 600 seconds
2025-04-22 20:00:03,376 home-rohy-evalaivr-evaluation:default: frappe.utils.background_jobs.execute_job(event=None, is_async=True, job_name='frappe.core.doctype.scheduled_job_type.scheduled_job_type.run_scheduled_jo..., kwargs={'job_type': 'frappe.desk.form.document_follow.send_hourly_updates', 'sched..., method='frappe.core.doctype.scheduled_job_type.scheduled_job_type.run_scheduled_jo..., site='erpnext.localhost', user='Administrator') (erpnext.localhost||scheduled_job||s60s4fqf9p)
2025-04-22 20:00:03,655 Successfully completed frappe.utils.background_jobs.execute_job(event=None, is_async=True, job_name='frappe.core.doctype.scheduled_job_type.scheduled_job_type.run_scheduled_jo..., kwargs={'job_type': 'frappe.desk.form.document_follow.send_hourly_updates', 'sched..., method='frappe.core.doctype.scheduled_job_type.scheduled_job_type.run_scheduled_jo..., site='erpnext.localhost', user='Administrator') job in 0:00:00.270091s on worker 788fcd017c71498f9ef65546fcf28348
2025-04-22 20:00:03,656 home-rohy-evalaivr-evaluation:default: Job OK (erpnext.localhost||scheduled_job||s60s4fqf9p)
2025-04-22 20:00:03,656 Result is kept for 600 seconds
2025-04-22 20:00:03,667 home-rohy-evalaivr-evaluation:default: frappe.utils.background_jobs.execute_job(event=None, is_async=True, job_name='frappe.core.doctype.scheduled_job_type.scheduled_job_type.run_scheduled_jo..., kwargs={'job_type': 'frappe.email.doctype.newsletter.newsletter.send_scheduled_ema..., method='frappe.core.doctype.scheduled_job_type.scheduled_job_type.run_scheduled_jo..., site='erpnext.localhost', user='Administrator') (erpnext.localhost||scheduled_job||s60i57jue2)
2025-04-22 20:00:04,052 Successfully completed frappe.utils.background_jobs.execute_job(event=None, is_async=True, job_name='frappe.core.doctype.scheduled_job_type.scheduled_job_type.run_scheduled_jo..., kwargs={'job_type': 'frappe.email.doctype.newsletter.newsletter.send_scheduled_ema..., method='frappe.core.doctype.scheduled_job_type.scheduled_job_type.run_scheduled_jo..., site='erpnext.localhost', user='Administrator') job in 0:00:00.374143s on worker 788fcd017c71498f9ef65546fcf28348
2025-04-22 20:00:04,052 home-rohy-evalaivr-evaluation:default: Job OK (erpnext.localhost||scheduled_job||s60i57jue2)
2025-04-22 20:00:04,052 Result is kept for 600 seconds
2025-04-22 20:00:04,066 home-rohy-evalaivr-evaluation:default: frappe.utils.background_jobs.execute_job(event=None, is_async=True, job_name='frappe.core.doctype.scheduled_job_type.scheduled_job_type.run_scheduled_jo..., kwargs={'job_type': 'frappe.integrations.doctype.google_calendar.google_calendar.s..., method='frappe.core.doctype.scheduled_job_type.scheduled_job_type.run_scheduled_jo..., site='erpnext.localhost', user='Administrator') (erpnext.localhost||scheduled_job||s60e2kq4sq)
2025-04-22 20:00:04,655 Successfully completed frappe.utils.background_jobs.execute_job(event=None, is_async=True, job_name='frappe.core.doctype.scheduled_job_type.scheduled_job_type.run_scheduled_jo..., kwargs={'job_type': 'frappe.integrations.doctype.google_calendar.google_calendar.s..., method='frappe.core.doctype.scheduled_job_type.scheduled_job_type.run_scheduled_jo..., site='erpnext.localhost', user='Administrator') job in 0:00:00.576587s on worker 788fcd017c71498f9ef65546fcf28348
2025-04-22 20:00:04,655 home-rohy-evalaivr-evaluation:default: Job OK (erpnext.localhost||scheduled_job||s60e2kq4sq)
2025-04-22 20:00:04,656 Result is kept for 600 seconds
2025-04-22 20:00:04,669 home-rohy-evalaivr-evaluation:default: frappe.utils.background_jobs.execute_job(event=None, is_async=True, job_name='frappe.core.doctype.scheduled_job_type.scheduled_job_type.run_scheduled_jo..., kwargs={'job_type': 'erpnext.projects.doctype.project.project.hourly_reminder', 's..., method='frappe.core.doctype.scheduled_job_type.scheduled_job_type.run_scheduled_jo..., site='erpnext.localhost', user='Administrator') (erpnext.localhost||scheduled_job||tgsn011kqd)
2025-04-22 20:00:05,052 Successfully completed frappe.utils.background_jobs.execute_job(event=None, is_async=True, job_name='frappe.core.doctype.scheduled_job_type.scheduled_job_type.run_scheduled_jo..., kwargs={'job_type': 'erpnext.projects.doctype.project.project.hourly_reminder', 's..., method='frappe.core.doctype.scheduled_job_type.scheduled_job_type.run_scheduled_jo..., site='erpnext.localhost', user='Administrator') job in 0:00:00.372388s on worker 788fcd017c71498f9ef65546fcf28348
2025-04-22 20:00:05,053 home-rohy-evalaivr-evaluation:default: Job OK (erpnext.localhost||scheduled_job||tgsn011kqd)
2025-04-22 20:00:05,053 Result is kept for 600 seconds
2025-04-22 20:00:05,065 home-rohy-evalaivr-evaluation:default: frappe.utils.background_jobs.execute_job(event=None, is_async=True, job_name='frappe.core.doctype.scheduled_job_type.scheduled_job_type.run_scheduled_jo..., kwargs={'job_type': 'frappe.utils.global_search.sync_global_search', 'scheduled_jo..., method='frappe.core.doctype.scheduled_job_type.scheduled_job_type.run_scheduled_jo..., site='erpnext.localhost', user='Administrator') (erpnext.localhost||scheduled_job||s6091q3nn9)
2025-04-22 20:00:05,608 Successfully completed frappe.utils.background_jobs.execute_job(event=None, is_async=True, job_name='frappe.core.doctype.scheduled_job_type.scheduled_job_type.run_scheduled_jo..., kwargs={'job_type': 'frappe.utils.global_search.sync_global_search', 'scheduled_jo..., method='frappe.core.doctype.scheduled_job_type.scheduled_job_type.run_scheduled_jo..., site='erpnext.localhost', user='Administrator') job in 0:00:00.530455s on worker 788fcd017c71498f9ef65546fcf28348
2025-04-22 20:00:05,608 home-rohy-evalaivr-evaluation:default: Job OK (erpnext.localhost||scheduled_job||s6091q3nn9)
2025-04-22 20:00:05,608 Result is kept for 600 seconds
2025-04-22 20:00:05,619 home-rohy-evalaivr-evaluation:default: frappe.utils.background_jobs.execute_job(event=None, is_async=True, job_name='frappe.core.doctype.scheduled_job_type.scheduled_job_type.run_scheduled_jo..., kwargs={'job_type': 'frappe.desk.page.backups.backups.delete_downloadable_backups'..., method='frappe.core.doctype.scheduled_job_type.scheduled_job_type.run_scheduled_jo..., site='erpnext.localhost', user='Administrator') (erpnext.localhost||scheduled_job||s60eklalh1)
2025-04-22 20:00:05,905 Successfully completed frappe.utils.background_jobs.execute_job(event=None, is_async=True, job_name='frappe.core.doctype.scheduled_job_type.scheduled_job_type.run_scheduled_jo..., kwargs={'job_type': 'frappe.desk.page.backups.backups.delete_downloadable_backups'..., method='frappe.core.doctype.scheduled_job_type.scheduled_job_type.run_scheduled_jo..., site='erpnext.localhost', user='Administrator') job in 0:00:00.275931s on worker 788fcd017c71498f9ef65546fcf28348
2025-04-22 20:00:05,906 home-rohy-evalaivr-evaluation:default: Job OK (erpnext.localhost||scheduled_job||s60eklalh1)
2025-04-22 20:00:05,906 Result is kept for 600 seconds
2025-04-22 20:00:05,917 home-rohy-evalaivr-evaluation:default: frappe.utils.background_jobs.execute_job(event=None, is_async=True, job_name='frappe.core.doctype.scheduled_job_type.scheduled_job_type.run_scheduled_jo..., kwargs={'job_type': 'erpnext.projects.doctype.project.project.collect_project_stat..., method='frappe.core.doctype.scheduled_job_type.scheduled_job_type.run_scheduled_jo..., site='erpnext.localhost', user='Administrator') (erpnext.localhost||scheduled_job||tgs4o4k734)
2025-04-22 20:00:06,273 Successfully completed frappe.utils.background_jobs.execute_job(event=None, is_async=True, job_name='frappe.core.doctype.scheduled_job_type.scheduled_job_type.run_scheduled_jo..., kwargs={'job_type': 'erpnext.projects.doctype.project.project.collect_project_stat..., method='frappe.core.doctype.scheduled_job_type.scheduled_job_type.run_scheduled_jo..., site='erpnext.localhost', user='Administrator') job in 0:00:00.344463s on worker 788fcd017c71498f9ef65546fcf28348
2025-04-22 20:00:06,274 home-rohy-evalaivr-evaluation:default: Job OK (erpnext.localhost||scheduled_job||tgs4o4k734)
2025-04-22 20:00:06,274 Result is kept for 600 seconds
2025-04-22 20:00:06,294 home-rohy-evalaivr-evaluation:default: frappe.utils.background_jobs.execute_job(event=None, is_async=True, job_name='frappe.core.doctype.scheduled_job_type.scheduled_job_type.run_scheduled_jo..., kwargs={'job_type': 'frappe.email.doctype.email_account.email_account.notify_unrep..., method='frappe.core.doctype.scheduled_job_type.scheduled_job_type.run_scheduled_jo..., site='erpnext.localhost', user='Administrator') (erpnext.localhost||scheduled_job||s60tvhcbpc)
2025-04-22 20:00:06,580 Successfully completed frappe.utils.background_jobs.execute_job(event=None, is_async=True, job_name='frappe.core.doctype.scheduled_job_type.scheduled_job_type.run_scheduled_jo..., kwargs={'job_type': 'frappe.email.doctype.email_account.email_account.notify_unrep..., method='frappe.core.doctype.scheduled_job_type.scheduled_job_type.run_scheduled_jo..., site='erpnext.localhost', user='Administrator') job in 0:00:00.276228s on worker 788fcd017c71498f9ef65546fcf28348
2025-04-22 20:00:06,580 home-rohy-evalaivr-evaluation:default: Job OK (erpnext.localhost||scheduled_job||s60tvhcbpc)
2025-04-22 20:00:06,580 Result is kept for 600 seconds
2025-04-22 20:00:06,593 home-rohy-evalaivr-evaluation:default: frappe.utils.background_jobs.execute_job(event=None, is_async=True, job_name='frappe.core.doctype.scheduled_job_type.scheduled_job_type.run_scheduled_jo..., kwargs={'job_type': 'frappe.twofactor.delete_all_barcodes_for_users', 'scheduled_j..., method='frappe.core.doctype.scheduled_job_type.scheduled_job_type.run_scheduled_jo..., site='erpnext.localhost', user='Administrator') (erpnext.localhost||scheduled_job||s606f3j3k3)
2025-04-22 20:00:06,833 Successfully completed frappe.utils.background_jobs.execute_job(event=None, is_async=True, job_name='frappe.core.doctype.scheduled_job_type.scheduled_job_type.run_scheduled_jo..., kwargs={'job_type': 'frappe.twofactor.delete_all_barcodes_for_users', 'scheduled_j..., method='frappe.core.doctype.scheduled_job_type.scheduled_job_type.run_scheduled_jo..., site='erpnext.localhost', user='Administrator') job in 0:00:00.230291s on worker 788fcd017c71498f9ef65546fcf28348
2025-04-22 20:00:06,834 home-rohy-evalaivr-evaluation:default: Job OK (erpnext.localhost||scheduled_job||s606f3j3k3)
2025-04-22 20:00:06,834 Result is kept for 600 seconds
2025-04-22 20:00:06,848 home-rohy-evalaivr-evaluation:default: frappe.utils.background_jobs.execute_job(event=None, is_async=True, job_name='frappe.core.doctype.scheduled_job_type.scheduled_job_type.run_scheduled_jo..., kwargs={'job_type': 'frappe.email.queue.flush', 'scheduled_job_type': 's60b9alidp'..., method='frappe.core.doctype.scheduled_job_type.scheduled_job_type.run_scheduled_jo..., site='erpnext.localhost', user='Administrator') (erpnext.localhost||scheduled_job||s60b9alidp)
2025-04-22 20:00:07,270 Successfully completed frappe.utils.background_jobs.execute_job(event=None, is_async=True, job_name='frappe.core.doctype.scheduled_job_type.scheduled_job_type.run_scheduled_jo..., kwargs={'job_type': 'frappe.email.queue.flush', 'scheduled_job_type': 's60b9alidp'..., method='frappe.core.doctype.scheduled_job_type.scheduled_job_type.run_scheduled_jo..., site='erpnext.localhost', user='Administrator') job in 0:00:00.411675s on worker 788fcd017c71498f9ef65546fcf28348
2025-04-22 20:00:07,270 home-rohy-evalaivr-evaluation:default: Job OK (erpnext.localhost||scheduled_job||s60b9alidp)
2025-04-22 20:00:07,270 Result is kept for 600 seconds
2025-04-22 20:00:07,287 home-rohy-evalaivr-evaluation:default: frappe.utils.background_jobs.execute_job(event=None, is_async=True, job_name='frappe.core.doctype.scheduled_job_type.scheduled_job_type.run_scheduled_jo..., kwargs={'job_type': 'erpnext.utilities.doctype.video.video.update_youtube_data', '..., method='frappe.core.doctype.scheduled_job_type.scheduled_job_type.run_scheduled_jo..., site='erpnext.localhost', user='Administrator') (erpnext.localhost||scheduled_job||tgspm1s388)
2025-04-22 20:00:08,013 Successfully completed frappe.utils.background_jobs.execute_job(event=None, is_async=True, job_name='frappe.core.doctype.scheduled_job_type.scheduled_job_type.run_scheduled_jo..., kwargs={'job_type': 'erpnext.utilities.doctype.video.video.update_youtube_data', '..., method='frappe.core.doctype.scheduled_job_type.scheduled_job_type.run_scheduled_jo..., site='erpnext.localhost', user='Administrator') job in 0:00:00.711964s on worker 788fcd017c71498f9ef65546fcf28348
2025-04-22 20:00:08,014 home-rohy-evalaivr-evaluation:default: Job OK (erpnext.localhost||scheduled_job||tgspm1s388)
2025-04-22 20:00:08,014 Result is kept for 600 seconds
2025-04-22 20:00:08,028 home-rohy-evalaivr-evaluation:default: frappe.utils.background_jobs.execute_job(event=None, is_async=True, job_name='frappe.core.doctype.scheduled_job_type.scheduled_job_type.run_scheduled_jo..., kwargs={'job_type': 'erpnext.projects.doctype.project.project.project_status_updat..., method='frappe.core.doctype.scheduled_job_type.scheduled_job_type.run_scheduled_jo..., site='erpnext.localhost', user='Administrator') (erpnext.localhost||scheduled_job||tgsqk4bptv)
2025-04-22 20:00:08,242 Successfully completed frappe.utils.background_jobs.execute_job(event=None, is_async=True, job_name='frappe.core.doctype.scheduled_job_type.scheduled_job_type.run_scheduled_jo..., kwargs={'job_type': 'erpnext.projects.doctype.project.project.project_status_updat..., method='frappe.core.doctype.scheduled_job_type.scheduled_job_type.run_scheduled_jo..., site='erpnext.localhost', user='Administrator') job in 0:00:00.203732s on worker 788fcd017c71498f9ef65546fcf28348
2025-04-22 20:00:08,243 home-rohy-evalaivr-evaluation:default: Job OK (erpnext.localhost||scheduled_job||tgsqk4bptv)
2025-04-22 20:00:08,243 Result is kept for 600 seconds
2025-04-22 20:00:08,255 home-rohy-evalaivr-evaluation:default: frappe.utils.background_jobs.execute_job(event=None, is_async=True, job_name='frappe.core.doctype.scheduled_job_type.scheduled_job_type.run_scheduled_jo..., kwargs={'job_type': 'erpnext.erpnext_integrations.doctype.plaid_settings.plaid_set..., method='frappe.core.doctype.scheduled_job_type.scheduled_job_type.run_scheduled_jo..., site='erpnext.localhost', user='Administrator') (erpnext.localhost||scheduled_job||tgsq64od4l)
2025-04-22 20:00:08,533 Successfully completed frappe.utils.background_jobs.execute_job(event=None, is_async=True, job_name='frappe.core.doctype.scheduled_job_type.scheduled_job_type.run_scheduled_jo..., kwargs={'job_type': 'erpnext.erpnext_integrations.doctype.plaid_settings.plaid_set..., method='frappe.core.doctype.scheduled_job_type.scheduled_job_type.run_scheduled_jo..., site='erpnext.localhost', user='Administrator') job in 0:00:00.267091s on worker 788fcd017c71498f9ef65546fcf28348
2025-04-22 20:00:08,534 home-rohy-evalaivr-evaluation:default: Job OK (erpnext.localhost||scheduled_job||tgsq64od4l)
2025-04-22 20:00:08,534 Result is kept for 600 seconds
2025-04-22 20:00:08,545 home-rohy-evalaivr-evaluation:default: frappe.utils.background_jobs.execute_job(event=None, is_async=True, job_name='frappe.core.doctype.scheduled_job_type.scheduled_job_type.run_scheduled_jo..., kwargs={'job_type': 'frappe.website.doctype.personal_data_deletion_request.persona..., method='frappe.core.doctype.scheduled_job_type.scheduled_job_type.run_scheduled_jo..., site='erpnext.localhost', user='Administrator') (erpnext.localhost||scheduled_job||s60gv7ka84)
2025-04-22 20:00:08,910 Successfully completed frappe.utils.background_jobs.execute_job(event=None, is_async=True, job_name='frappe.core.doctype.scheduled_job_type.scheduled_job_type.run_scheduled_jo..., kwargs={'job_type': 'frappe.website.doctype.personal_data_deletion_request.persona..., method='frappe.core.doctype.scheduled_job_type.scheduled_job_type.run_scheduled_jo..., site='erpnext.localhost', user='Administrator') job in 0:00:00.353632s on worker 788fcd017c71498f9ef65546fcf28348
2025-04-22 20:00:08,910 home-rohy-evalaivr-evaluation:default: Job OK (erpnext.localhost||scheduled_job||s60gv7ka84)
2025-04-22 20:00:08,910 Result is kept for 600 seconds
2025-04-22 20:00:08,922 home-rohy-evalaivr-evaluation:default: frappe.utils.background_jobs.execute_job(event=None, is_async=True, job_name='frappe.core.doctype.scheduled_job_type.scheduled_job_type.run_scheduled_jo..., kwargs={'job_type': 'frappe.email.doctype.email_account.email_account.pull', 'sche..., method='frappe.core.doctype.scheduled_job_type.scheduled_job_type.run_scheduled_jo..., site='erpnext.localhost', user='Administrator') (erpnext.localhost||scheduled_job||s60v5h24ke)
2025-04-22 20:00:09,190 Successfully completed frappe.utils.background_jobs.execute_job(event=None, is_async=True, job_name='frappe.core.doctype.scheduled_job_type.scheduled_job_type.run_scheduled_jo..., kwargs={'job_type': 'frappe.email.doctype.email_account.email_account.pull', 'sche..., method='frappe.core.doctype.scheduled_job_type.scheduled_job_type.run_scheduled_jo..., site='erpnext.localhost', user='Administrator') job in 0:00:00.257535s on worker 788fcd017c71498f9ef65546fcf28348
2025-04-22 20:00:09,190 home-rohy-evalaivr-evaluation:default: Job OK (erpnext.localhost||scheduled_job||s60v5h24ke)
2025-04-22 20:00:09,190 Result is kept for 600 seconds
2025-04-22 20:00:09,202 home-rohy-evalaivr-evaluation:default: frappe.utils.background_jobs.execute_job(event=None, is_async=True, job_name='frappe.core.doctype.scheduled_job_type.scheduled_job_type.run_scheduled_jo..., kwargs={'job_type': 'frappe.oauth.delete_oauth2_data', 'scheduled_job_type': 's607..., method='frappe.core.doctype.scheduled_job_type.scheduled_job_type.run_scheduled_jo..., site='erpnext.localhost', user='Administrator') (erpnext.localhost||scheduled_job||s607u2ss9g)
2025-04-22 20:00:09,493 Successfully completed frappe.utils.background_jobs.execute_job(event=None, is_async=True, job_name='frappe.core.doctype.scheduled_job_type.scheduled_job_type.run_scheduled_jo..., kwargs={'job_type': 'frappe.oauth.delete_oauth2_data', 'scheduled_job_type': 's607..., method='frappe.core.doctype.scheduled_job_type.scheduled_job_type.run_scheduled_jo..., site='erpnext.localhost', user='Administrator') job in 0:00:00.281304s on worker 788fcd017c71498f9ef65546fcf28348
2025-04-22 20:00:09,493 home-rohy-evalaivr-evaluation:default: Job OK (erpnext.localhost||scheduled_job||s607u2ss9g)
2025-04-22 20:00:09,493 Result is kept for 600 seconds
2025-04-22 20:00:09,505 home-rohy-evalaivr-evaluation:default: frappe.utils.background_jobs.execute_job(event=None, is_async=True, job_name='frappe.core.doctype.scheduled_job_type.scheduled_job_type.run_scheduled_jo..., kwargs={'job_type': 'frappe.automation.doctype.reminder.reminder.send_reminders', ..., method='frappe.core.doctype.scheduled_job_type.scheduled_job_type.run_scheduled_jo..., site='erpnext.localhost', user='Administrator') (erpnext.localhost||scheduled_job||s60860egc9)
2025-04-22 20:00:09,760 Successfully completed frappe.utils.background_jobs.execute_job(event=None, is_async=True, job_name='frappe.core.doctype.scheduled_job_type.scheduled_job_type.run_scheduled_jo..., kwargs={'job_type': 'frappe.automation.doctype.reminder.reminder.send_reminders', ..., method='frappe.core.doctype.scheduled_job_type.scheduled_job_type.run_scheduled_jo..., site='erpnext.localhost', user='Administrator') job in 0:00:00.243530s on worker 788fcd017c71498f9ef65546fcf28348
2025-04-22 20:00:09,760 home-rohy-evalaivr-evaluation:default: Job OK (erpnext.localhost||scheduled_job||s60860egc9)
2025-04-22 20:00:09,760 Result is kept for 600 seconds
2025-04-22 20:03:59,631 home-rohy-evalaivr-evaluation:long: frappe.utils.background_jobs.execute_job(event=None, is_async=True, job_name='frappe.core.doctype.scheduled_job_type.scheduled_job_type.run_scheduled_jo..., kwargs={'job_type': 'erpnext.utilities.bulk_transaction.retry', 'scheduled_job_typ..., method='frappe.core.doctype.scheduled_job_type.scheduled_job_type.run_scheduled_jo..., site='erpnext.localhost', user='Administrator') (erpnext.localhost||scheduled_job||tgv8dg7hqb)
2025-04-22 20:04:00,007 Successfully completed frappe.utils.background_jobs.execute_job(event=None, is_async=True, job_name='frappe.core.doctype.scheduled_job_type.scheduled_job_type.run_scheduled_jo..., kwargs={'job_type': 'erpnext.utilities.bulk_transaction.retry', 'scheduled_job_typ..., method='frappe.core.doctype.scheduled_job_type.scheduled_job_type.run_scheduled_jo..., site='erpnext.localhost', user='Administrator') job in 0:00:00.360308s on worker 788fcd017c71498f9ef65546fcf28348
2025-04-22 20:04:00,008 home-rohy-evalaivr-evaluation:long: Job OK (erpnext.localhost||scheduled_job||tgv8dg7hqb)
2025-04-22 20:04:00,008 Result is kept for 600 seconds
2025-04-22 20:04:00,019 Cleaning registries for queue: home-rohy-evalaivr-evaluation:short
2025-04-22 20:04:00,026 Cleaning registries for queue: home-rohy-evalaivr-evaluation:default
2025-04-22 20:04:00,029 Cleaning registries for queue: home-rohy-evalaivr-evaluation:long
2025-04-22 20:04:00,041 home-rohy-evalaivr-evaluation:long: frappe.utils.background_jobs.execute_job(event=None, is_async=True, job_name='frappe.core.doctype.scheduled_job_type.scheduled_job_type.run_scheduled_jo..., kwargs={'job_type': 'erpnext.stock.doctype.repost_item_valuation.repost_item_valua..., method='frappe.core.doctype.scheduled_job_type.scheduled_job_type.run_scheduled_jo..., site='erpnext.localhost', user='Administrator') (erpnext.localhost||scheduled_job||tgvgbvpl46)
2025-04-22 20:04:00,501 Successfully completed frappe.utils.background_jobs.execute_job(event=None, is_async=True, job_name='frappe.core.doctype.scheduled_job_type.scheduled_job_type.run_scheduled_jo..., kwargs={'job_type': 'erpnext.stock.doctype.repost_item_valuation.repost_item_valua..., method='frappe.core.doctype.scheduled_job_type.scheduled_job_type.run_scheduled_jo..., site='erpnext.localhost', user='Administrator') job in 0:00:00.446184s on worker 788fcd017c71498f9ef65546fcf28348
2025-04-22 20:04:00,501 home-rohy-evalaivr-evaluation:long: Job OK (erpnext.localhost||scheduled_job||tgvgbvpl46)
2025-04-22 20:04:00,502 Result is kept for 600 seconds
2025-04-22 20:04:00,683 home-rohy-evalaivr-evaluation:default: frappe.utils.background_jobs.execute_job(event=None, is_async=True, job_name='frappe.core.doctype.scheduled_job_type.scheduled_job_type.run_scheduled_jo..., kwargs={'job_type': 'frappe.email.queue.flush', 'scheduled_job_type': 's60b9alidp'..., method='frappe.core.doctype.scheduled_job_type.scheduled_job_type.run_scheduled_jo..., site='erpnext.localhost', user='Administrator') (erpnext.localhost||scheduled_job||s60b9alidp)
2025-04-22 20:04:01,082 Successfully completed frappe.utils.background_jobs.execute_job(event=None, is_async=True, job_name='frappe.core.doctype.scheduled_job_type.scheduled_job_type.run_scheduled_jo..., kwargs={'job_type': 'frappe.email.queue.flush', 'scheduled_job_type': 's60b9alidp'..., method='frappe.core.doctype.scheduled_job_type.scheduled_job_type.run_scheduled_jo..., site='erpnext.localhost', user='Administrator') job in 0:00:00.386588s on worker 788fcd017c71498f9ef65546fcf28348
2025-04-22 20:04:01,082 home-rohy-evalaivr-evaluation:default: Job OK (erpnext.localhost||scheduled_job||s60b9alidp)
2025-04-22 20:04:01,082 Result is kept for 600 seconds
2025-04-22 20:04:01,094 home-rohy-evalaivr-evaluation:default: frappe.utils.background_jobs.execute_job(event=None, is_async=True, job_name='frappe.core.doctype.scheduled_job_type.scheduled_job_type.run_scheduled_jo..., kwargs={'job_type': 'frappe.monitor.flush', 'scheduled_job_type': 's60ssvifus'}, method='frappe.core.doctype.scheduled_job_type.scheduled_job_type.run_scheduled_jo..., site='erpnext.localhost', user='Administrator') (erpnext.localhost||scheduled_job||s60ssvifus)
2025-04-22 20:04:01,344 Successfully completed frappe.utils.background_jobs.execute_job(event=None, is_async=True, job_name='frappe.core.doctype.scheduled_job_type.scheduled_job_type.run_scheduled_jo..., kwargs={'job_type': 'frappe.monitor.flush', 'scheduled_job_type': 's60ssvifus'}, method='frappe.core.doctype.scheduled_job_type.scheduled_job_type.run_scheduled_jo..., site='erpnext.localhost', user='Administrator') job in 0:00:00.239825s on worker 788fcd017c71498f9ef65546fcf28348
2025-04-22 20:04:01,344 home-rohy-evalaivr-evaluation:default: Job OK (erpnext.localhost||scheduled_job||s60ssvifus)
2025-04-22 20:04:01,344 Result is kept for 600 seconds
2025-04-22 20:04:01,356 home-rohy-evalaivr-evaluation:default: frappe.utils.background_jobs.execute_job(event=None, is_async=True, job_name='frappe.core.doctype.scheduled_job_type.scheduled_job_type.run_scheduled_jo..., kwargs={'job_type': 'frappe.integrations.doctype.google_calendar.google_calendar.s..., method='frappe.core.doctype.scheduled_job_type.scheduled_job_type.run_scheduled_jo..., site='erpnext.localhost', user='Administrator') (erpnext.localhost||scheduled_job||s60e2kq4sq)
2025-04-22 20:04:01,800 Successfully completed frappe.utils.background_jobs.execute_job(event=None, is_async=True, job_name='frappe.core.doctype.scheduled_job_type.scheduled_job_type.run_scheduled_jo..., kwargs={'job_type': 'frappe.integrations.doctype.google_calendar.google_calendar.s..., method='frappe.core.doctype.scheduled_job_type.scheduled_job_type.run_scheduled_jo..., site='erpnext.localhost', user='Administrator') job in 0:00:00.433116s on worker 788fcd017c71498f9ef65546fcf28348
2025-04-22 20:04:01,800 home-rohy-evalaivr-evaluation:default: Job OK (erpnext.localhost||scheduled_job||s60e2kq4sq)
2025-04-22 20:04:01,800 Result is kept for 600 seconds
2025-04-22 20:08:00,261 home-rohy-evalaivr-evaluation:default: frappe.utils.background_jobs.execute_job(event=None, is_async=True, job_name='frappe.core.doctype.scheduled_job_type.scheduled_job_type.run_scheduled_jo..., kwargs={'job_type': 'frappe.integrations.doctype.google_calendar.google_calendar.s..., method='frappe.core.doctype.scheduled_job_type.scheduled_job_type.run_scheduled_jo..., site='erpnext.localhost', user='Administrator') (erpnext.localhost||scheduled_job||s60e2kq4sq)
2025-04-22 20:08:00,806 Successfully completed frappe.utils.background_jobs.execute_job(event=None, is_async=True, job_name='frappe.core.doctype.scheduled_job_type.scheduled_job_type.run_scheduled_jo..., kwargs={'job_type': 'frappe.integrations.doctype.google_calendar.google_calendar.s..., method='frappe.core.doctype.scheduled_job_type.scheduled_job_type.run_scheduled_jo..., site='erpnext.localhost', user='Administrator') job in 0:00:00.532255s on worker 788fcd017c71498f9ef65546fcf28348
2025-04-22 20:08:00,806 home-rohy-evalaivr-evaluation:default: Job OK (erpnext.localhost||scheduled_job||s60e2kq4sq)
2025-04-22 20:08:00,806 Result is kept for 600 seconds
2025-04-22 20:08:00,820 home-rohy-evalaivr-evaluation:default: frappe.utils.background_jobs.execute_job(event=None, is_async=True, job_name='frappe.core.doctype.scheduled_job_type.scheduled_job_type.run_scheduled_jo..., kwargs={'job_type': 'frappe.email.doctype.notification.notification.trigger_offset..., method='frappe.core.doctype.scheduled_job_type.scheduled_job_type.run_scheduled_jo..., site='erpnext.localhost', user='Administrator') (erpnext.localhost||scheduled_job||s603rpotun)
2025-04-22 20:08:01,047 Successfully completed frappe.utils.background_jobs.execute_job(event=None, is_async=True, job_name='frappe.core.doctype.scheduled_job_type.scheduled_job_type.run_scheduled_jo..., kwargs={'job_type': 'frappe.email.doctype.notification.notification.trigger_offset..., method='frappe.core.doctype.scheduled_job_type.scheduled_job_type.run_scheduled_jo..., site='erpnext.localhost', user='Administrator') job in 0:00:00.216181s on worker 788fcd017c71498f9ef65546fcf28348
2025-04-22 20:08:01,048 home-rohy-evalaivr-evaluation:default: Job OK (erpnext.localhost||scheduled_job||s603rpotun)
2025-04-22 20:08:01,048 Result is kept for 600 seconds
2025-04-22 20:08:01,060 home-rohy-evalaivr-evaluation:default: frappe.utils.background_jobs.execute_job(event=None, is_async=True, job_name='frappe.core.doctype.scheduled_job_type.scheduled_job_type.run_scheduled_jo..., kwargs={'job_type': 'frappe.email.queue.flush', 'scheduled_job_type': 's60b9alidp'..., method='frappe.core.doctype.scheduled_job_type.scheduled_job_type.run_scheduled_jo..., site='erpnext.localhost', user='Administrator') (erpnext.localhost||scheduled_job||s60b9alidp)
2025-04-22 20:08:01,397 Successfully completed frappe.utils.background_jobs.execute_job(event=None, is_async=True, job_name='frappe.core.doctype.scheduled_job_type.scheduled_job_type.run_scheduled_jo..., kwargs={'job_type': 'frappe.email.queue.flush', 'scheduled_job_type': 's60b9alidp'..., method='frappe.core.doctype.scheduled_job_type.scheduled_job_type.run_scheduled_jo..., site='erpnext.localhost', user='Administrator') job in 0:00:00.326260s on worker 788fcd017c71498f9ef65546fcf28348
2025-04-22 20:08:01,398 home-rohy-evalaivr-evaluation:default: Job OK (erpnext.localhost||scheduled_job||s60b9alidp)
2025-04-22 20:08:01,398 Result is kept for 600 seconds
2025-04-22 20:08:01,410 home-rohy-evalaivr-evaluation:default: frappe.utils.background_jobs.execute_job(event=None, is_async=True, job_name='frappe.core.doctype.scheduled_job_type.scheduled_job_type.run_scheduled_jo..., kwargs={'job_type': 'frappe.monitor.flush', 'scheduled_job_type': 's60ssvifus'}, method='frappe.core.doctype.scheduled_job_type.scheduled_job_type.run_scheduled_jo..., site='erpnext.localhost', user='Administrator') (erpnext.localhost||scheduled_job||s60ssvifus)
2025-04-22 20:08:01,612 Successfully completed frappe.utils.background_jobs.execute_job(event=None, is_async=True, job_name='frappe.core.doctype.scheduled_job_type.scheduled_job_type.run_scheduled_jo..., kwargs={'job_type': 'frappe.monitor.flush', 'scheduled_job_type': 's60ssvifus'}, method='frappe.core.doctype.scheduled_job_type.scheduled_job_type.run_scheduled_jo..., site='erpnext.localhost', user='Administrator') job in 0:00:00.192240s on worker 788fcd017c71498f9ef65546fcf28348
2025-04-22 20:08:01,612 home-rohy-evalaivr-evaluation:default: Job OK (erpnext.localhost||scheduled_job||s60ssvifus)
2025-04-22 20:08:01,612 Result is kept for 600 seconds
2025-04-22 20:23:56,440 Cleaning registries for queue: home-rohy-evalaivr-evaluation:short
2025-04-22 20:23:56,442 Cleaning registries for queue: home-rohy-evalaivr-evaluation:default
2025-04-22 20:23:56,444 Cleaning registries for queue: home-rohy-evalaivr-evaluation:long
2025-04-22 20:25:10,612 home-rohy-evalaivr-evaluation:default: frappe.utils.background_jobs.execute_job(event=None, is_async=True, job_name='frappe.core.doctype.scheduled_job_type.scheduled_job_type.run_scheduled_jo..., kwargs={'job_type': 'frappe.twofactor.delete_all_barcodes_for_users', 'scheduled_j..., method='frappe.core.doctype.scheduled_job_type.scheduled_job_type.run_scheduled_jo..., site='erpnext.localhost', user='Administrator') (erpnext.localhost||scheduled_job||s606f3j3k3)
2025-04-22 20:25:11,718 Successfully completed frappe.utils.background_jobs.execute_job(event=None, is_async=True, job_name='frappe.core.doctype.scheduled_job_type.scheduled_job_type.run_scheduled_jo..., kwargs={'job_type': 'frappe.twofactor.delete_all_barcodes_for_users', 'scheduled_j..., method='frappe.core.doctype.scheduled_job_type.scheduled_job_type.run_scheduled_jo..., site='erpnext.localhost', user='Administrator') job in 0:00:01.015974s on worker 788fcd017c71498f9ef65546fcf28348
2025-04-22 20:25:11,721 home-rohy-evalaivr-evaluation:default: Job OK (erpnext.localhost||scheduled_job||s606f3j3k3)
2025-04-22 20:25:11,722 Result is kept for 600 seconds
2025-04-22 20:25:11,754 home-rohy-evalaivr-evaluation:default: frappe.utils.background_jobs.execute_job(event=None, is_async=True, job_name='frappe.core.doctype.scheduled_job_type.scheduled_job_type.run_scheduled_jo..., kwargs={'job_type': 'frappe.email.doctype.email_account.email_account.pull', 'sche..., method='frappe.core.doctype.scheduled_job_type.scheduled_job_type.run_scheduled_jo..., site='erpnext.localhost', user='Administrator') (erpnext.localhost||scheduled_job||s60v5h24ke)
2025-04-22 20:25:12,398 Successfully completed frappe.utils.background_jobs.execute_job(event=None, is_async=True, job_name='frappe.core.doctype.scheduled_job_type.scheduled_job_type.run_scheduled_jo..., kwargs={'job_type': 'frappe.email.doctype.email_account.email_account.pull', 'sche..., method='frappe.core.doctype.scheduled_job_type.scheduled_job_type.run_scheduled_jo..., site='erpnext.localhost', user='Administrator') job in 0:00:00.624848s on worker 788fcd017c71498f9ef65546fcf28348
2025-04-22 20:25:12,399 home-rohy-evalaivr-evaluation:default: Job OK (erpnext.localhost||scheduled_job||s60v5h24ke)
2025-04-22 20:25:12,399 Result is kept for 600 seconds
2025-04-22 20:25:12,414 home-rohy-evalaivr-evaluation:default: frappe.utils.background_jobs.execute_job(event=None, is_async=True, job_name='frappe.core.doctype.scheduled_job_type.scheduled_job_type.run_scheduled_jo..., kwargs={'job_type': 'frappe.oauth.delete_oauth2_data', 'scheduled_job_type': 's607..., method='frappe.core.doctype.scheduled_job_type.scheduled_job_type.run_scheduled_jo..., site='erpnext.localhost', user='Administrator') (erpnext.localhost||scheduled_job||s607u2ss9g)
2025-04-22 20:25:12,705 Successfully completed frappe.utils.background_jobs.execute_job(event=None, is_async=True, job_name='frappe.core.doctype.scheduled_job_type.scheduled_job_type.run_scheduled_jo..., kwargs={'job_type': 'frappe.oauth.delete_oauth2_data', 'scheduled_job_type': 's607..., method='frappe.core.doctype.scheduled_job_type.scheduled_job_type.run_scheduled_jo..., site='erpnext.localhost', user='Administrator') job in 0:00:00.272794s on worker 788fcd017c71498f9ef65546fcf28348
2025-04-22 20:25:12,707 home-rohy-evalaivr-evaluation:default: Job OK (erpnext.localhost||scheduled_job||s607u2ss9g)
2025-04-22 20:25:12,707 Result is kept for 600 seconds
2025-04-22 20:25:12,721 home-rohy-evalaivr-evaluation:default: frappe.utils.background_jobs.execute_job(event=None, is_async=True, job_name='frappe.core.doctype.scheduled_job_type.scheduled_job_type.run_scheduled_jo..., kwargs={'job_type': 'frappe.monitor.flush', 'scheduled_job_type': 's60ssvifus'}, method='frappe.core.doctype.scheduled_job_type.scheduled_job_type.run_scheduled_jo..., site='erpnext.localhost', user='Administrator') (erpnext.localhost||scheduled_job||s60ssvifus)
2025-04-22 20:25:12,966 Successfully completed frappe.utils.background_jobs.execute_job(event=None, is_async=True, job_name='frappe.core.doctype.scheduled_job_type.scheduled_job_type.run_scheduled_jo..., kwargs={'job_type': 'frappe.monitor.flush', 'scheduled_job_type': 's60ssvifus'}, method='frappe.core.doctype.scheduled_job_type.scheduled_job_type.run_scheduled_jo..., site='erpnext.localhost', user='Administrator') job in 0:00:00.228395s on worker 788fcd017c71498f9ef65546fcf28348
2025-04-22 20:25:12,966 home-rohy-evalaivr-evaluation:default: Job OK (erpnext.localhost||scheduled_job||s60ssvifus)
2025-04-22 20:25:12,966 Result is kept for 600 seconds
2025-04-22 20:25:12,979 home-rohy-evalaivr-evaluation:default: frappe.utils.background_jobs.execute_job(event=None, is_async=True, job_name='frappe.core.doctype.scheduled_job_type.scheduled_job_type.run_scheduled_jo..., kwargs={'job_type': 'frappe.website.doctype.web_page.web_page.check_publish_status..., method='frappe.core.doctype.scheduled_job_type.scheduled_job_type.run_scheduled_jo..., site='erpnext.localhost', user='Administrator') (erpnext.localhost||scheduled_job||s609qc5grc)
2025-04-22 20:25:13,444 Successfully completed frappe.utils.background_jobs.execute_job(event=None, is_async=True, job_name='frappe.core.doctype.scheduled_job_type.scheduled_job_type.run_scheduled_jo..., kwargs={'job_type': 'frappe.website.doctype.web_page.web_page.check_publish_status..., method='frappe.core.doctype.scheduled_job_type.scheduled_job_type.run_scheduled_jo..., site='erpnext.localhost', user='Administrator') job in 0:00:00.446962s on worker 788fcd017c71498f9ef65546fcf28348
2025-04-22 20:25:13,445 home-rohy-evalaivr-evaluation:default: Job OK (erpnext.localhost||scheduled_job||s609qc5grc)
2025-04-22 20:25:13,445 Result is kept for 600 seconds
2025-04-22 20:25:13,456 home-rohy-evalaivr-evaluation:default: frappe.utils.background_jobs.execute_job(event=None, is_async=True, job_name='frappe.core.doctype.scheduled_job_type.scheduled_job_type.run_scheduled_jo..., kwargs={'job_type': 'frappe.utils.global_search.sync_global_search', 'scheduled_jo..., method='frappe.core.doctype.scheduled_job_type.scheduled_job_type.run_scheduled_jo..., site='erpnext.localhost', user='Administrator') (erpnext.localhost||scheduled_job||s6091q3nn9)
2025-04-22 20:25:13,815 Successfully completed frappe.utils.background_jobs.execute_job(event=None, is_async=True, job_name='frappe.core.doctype.scheduled_job_type.scheduled_job_type.run_scheduled_jo..., kwargs={'job_type': 'frappe.utils.global_search.sync_global_search', 'scheduled_jo..., method='frappe.core.doctype.scheduled_job_type.scheduled_job_type.run_scheduled_jo..., site='erpnext.localhost', user='Administrator') job in 0:00:00.347422s on worker 788fcd017c71498f9ef65546fcf28348
2025-04-22 20:25:13,815 home-rohy-evalaivr-evaluation:default: Job OK (erpnext.localhost||scheduled_job||s6091q3nn9)
2025-04-22 20:25:13,815 Result is kept for 600 seconds
2025-04-22 20:25:13,824 home-rohy-evalaivr-evaluation:default: frappe.utils.background_jobs.execute_job(event=None, is_async=True, job_name='frappe.core.doctype.scheduled_job_type.scheduled_job_type.run_scheduled_jo..., kwargs={'job_type': 'frappe.integrations.doctype.google_calendar.google_calendar.s..., method='frappe.core.doctype.scheduled_job_type.scheduled_job_type.run_scheduled_jo..., site='erpnext.localhost', user='Administrator') (erpnext.localhost||scheduled_job||s60e2kq4sq)
2025-04-22 20:25:14,541 Successfully completed frappe.utils.background_jobs.execute_job(event=None, is_async=True, job_name='frappe.core.doctype.scheduled_job_type.scheduled_job_type.run_scheduled_jo..., kwargs={'job_type': 'frappe.integrations.doctype.google_calendar.google_calendar.s..., method='frappe.core.doctype.scheduled_job_type.scheduled_job_type.run_scheduled_jo..., site='erpnext.localhost', user='Administrator') job in 0:00:00.700377s on worker 788fcd017c71498f9ef65546fcf28348
2025-04-22 20:25:14,544 home-rohy-evalaivr-evaluation:default: Job OK (erpnext.localhost||scheduled_job||s60e2kq4sq)
2025-04-22 20:25:14,544 Result is kept for 600 seconds
2025-04-22 20:25:14,557 home-rohy-evalaivr-evaluation:default: frappe.utils.background_jobs.execute_job(event=None, is_async=True, job_name='frappe.core.doctype.scheduled_job_type.scheduled_job_type.run_scheduled_jo..., kwargs={'job_type': 'erpnext.manufacturing.doctype.bom_update_log.bom_update_log.r..., method='frappe.core.doctype.scheduled_job_type.scheduled_job_type.run_scheduled_jo..., site='erpnext.localhost', user='Administrator') (erpnext.localhost||scheduled_job||tgsg535gbe)
2025-04-22 20:25:14,829 Successfully completed frappe.utils.background_jobs.execute_job(event=None, is_async=True, job_name='frappe.core.doctype.scheduled_job_type.scheduled_job_type.run_scheduled_jo..., kwargs={'job_type': 'erpnext.manufacturing.doctype.bom_update_log.bom_update_log.r..., method='frappe.core.doctype.scheduled_job_type.scheduled_job_type.run_scheduled_jo..., site='erpnext.localhost', user='Administrator') job in 0:00:00.260154s on worker 788fcd017c71498f9ef65546fcf28348
2025-04-22 20:25:14,829 home-rohy-evalaivr-evaluation:default: Job OK (erpnext.localhost||scheduled_job||tgsg535gbe)
2025-04-22 20:25:14,829 Result is kept for 600 seconds
2025-04-22 20:25:14,840 home-rohy-evalaivr-evaluation:default: frappe.utils.background_jobs.execute_job(event=None, is_async=True, job_name='frappe.core.doctype.scheduled_job_type.scheduled_job_type.run_scheduled_jo..., kwargs={'job_type': 'frappe.email.queue.flush', 'scheduled_job_type': 's60b9alidp'..., method='frappe.core.doctype.scheduled_job_type.scheduled_job_type.run_scheduled_jo..., site='erpnext.localhost', user='Administrator') (erpnext.localhost||scheduled_job||s60b9alidp)
2025-04-22 20:25:15,380 Successfully completed frappe.utils.background_jobs.execute_job(event=None, is_async=True, job_name='frappe.core.doctype.scheduled_job_type.scheduled_job_type.run_scheduled_jo..., kwargs={'job_type': 'frappe.email.queue.flush', 'scheduled_job_type': 's60b9alidp'..., method='frappe.core.doctype.scheduled_job_type.scheduled_job_type.run_scheduled_jo..., site='erpnext.localhost', user='Administrator') job in 0:00:00.520779s on worker 788fcd017c71498f9ef65546fcf28348
2025-04-22 20:25:15,381 home-rohy-evalaivr-evaluation:default: Job OK (erpnext.localhost||scheduled_job||s60b9alidp)
2025-04-22 20:25:15,382 Result is kept for 600 seconds
2025-04-22 20:25:15,398 home-rohy-evalaivr-evaluation:default: frappe.utils.background_jobs.execute_job(event=None, is_async=True, job_name='frappe.core.doctype.scheduled_job_type.scheduled_job_type.run_scheduled_jo..., kwargs={'job_type': 'frappe.deferred_insert.save_to_db', 'scheduled_job_type': 's6..., method='frappe.core.doctype.scheduled_job_type.scheduled_job_type.run_scheduled_jo..., site='erpnext.localhost', user='Administrator') (erpnext.localhost||scheduled_job||s6065rp0ec)
2025-04-22 20:25:15,649 Successfully completed frappe.utils.background_jobs.execute_job(event=None, is_async=True, job_name='frappe.core.doctype.scheduled_job_type.scheduled_job_type.run_scheduled_jo..., kwargs={'job_type': 'frappe.deferred_insert.save_to_db', 'scheduled_job_type': 's6..., method='frappe.core.doctype.scheduled_job_type.scheduled_job_type.run_scheduled_jo..., site='erpnext.localhost', user='Administrator') job in 0:00:00.239116s on worker 788fcd017c71498f9ef65546fcf28348
2025-04-22 20:25:15,649 home-rohy-evalaivr-evaluation:default: Job OK (erpnext.localhost||scheduled_job||s6065rp0ec)
2025-04-22 20:25:15,649 Result is kept for 600 seconds
2025-04-22 20:25:15,662 home-rohy-evalaivr-evaluation:default: frappe.utils.background_jobs.execute_job(event=None, is_async=True, job_name='frappe.core.doctype.scheduled_job_type.scheduled_job_type.run_scheduled_jo..., kwargs={'job_type': 'frappe.email.doctype.email_account.email_account.notify_unrep..., method='frappe.core.doctype.scheduled_job_type.scheduled_job_type.run_scheduled_jo..., site='erpnext.localhost', user='Administrator') (erpnext.localhost||scheduled_job||s60tvhcbpc)
2025-04-22 20:25:15,925 Successfully completed frappe.utils.background_jobs.execute_job(event=None, is_async=True, job_name='frappe.core.doctype.scheduled_job_type.scheduled_job_type.run_scheduled_jo..., kwargs={'job_type': 'frappe.email.doctype.email_account.email_account.notify_unrep..., method='frappe.core.doctype.scheduled_job_type.scheduled_job_type.run_scheduled_jo..., site='erpnext.localhost', user='Administrator') job in 0:00:00.250812s on worker 788fcd017c71498f9ef65546fcf28348
2025-04-22 20:25:15,926 home-rohy-evalaivr-evaluation:default: Job OK (erpnext.localhost||scheduled_job||s60tvhcbpc)
2025-04-22 20:25:15,926 Result is kept for 600 seconds
2025-04-22 20:25:15,937 home-rohy-evalaivr-evaluation:default: frappe.utils.background_jobs.execute_job(event=None, is_async=True, job_name='frappe.core.doctype.scheduled_job_type.scheduled_job_type.run_scheduled_jo..., kwargs={'job_type': 'frappe.email.doctype.notification.notification.trigger_offset..., method='frappe.core.doctype.scheduled_job_type.scheduled_job_type.run_scheduled_jo..., site='erpnext.localhost', user='Administrator') (erpnext.localhost||scheduled_job||s603rpotun)
2025-04-22 20:25:16,199 Successfully completed frappe.utils.background_jobs.execute_job(event=None, is_async=True, job_name='frappe.core.doctype.scheduled_job_type.scheduled_job_type.run_scheduled_jo..., kwargs={'job_type': 'frappe.email.doctype.notification.notification.trigger_offset..., method='frappe.core.doctype.scheduled_job_type.scheduled_job_type.run_scheduled_jo..., site='erpnext.localhost', user='Administrator') job in 0:00:00.250661s on worker 788fcd017c71498f9ef65546fcf28348
2025-04-22 20:25:16,199 home-rohy-evalaivr-evaluation:default: Job OK (erpnext.localhost||scheduled_job||s603rpotun)
2025-04-22 20:25:16,200 Result is kept for 600 seconds
2025-04-22 20:25:16,211 home-rohy-evalaivr-evaluation:default: frappe.utils.background_jobs.execute_job(event=None, is_async=True, job_name='frappe.core.doctype.scheduled_job_type.scheduled_job_type.run_scheduled_jo..., kwargs={'job_type': 'frappe.automation.doctype.reminder.reminder.send_reminders', ..., method='frappe.core.doctype.scheduled_job_type.scheduled_job_type.run_scheduled_jo..., site='erpnext.localhost', user='Administrator') (erpnext.localhost||scheduled_job||s60860egc9)
2025-04-22 20:25:16,454 Successfully completed frappe.utils.background_jobs.execute_job(event=None, is_async=True, job_name='frappe.core.doctype.scheduled_job_type.scheduled_job_type.run_scheduled_jo..., kwargs={'job_type': 'frappe.automation.doctype.reminder.reminder.send_reminders', ..., method='frappe.core.doctype.scheduled_job_type.scheduled_job_type.run_scheduled_jo..., site='erpnext.localhost', user='Administrator') job in 0:00:00.231189s on worker 788fcd017c71498f9ef65546fcf28348
2025-04-22 20:25:16,454 home-rohy-evalaivr-evaluation:default: Job OK (erpnext.localhost||scheduled_job||s60860egc9)
2025-04-22 20:25:16,454 Result is kept for 600 seconds
2025-04-22 20:28:00,691 home-rohy-evalaivr-evaluation:default: frappe.utils.background_jobs.execute_job(event=None, is_async=True, job_name='frappe.core.doctype.scheduled_job_type.scheduled_job_type.run_scheduled_jo..., kwargs={'job_type': 'frappe.email.queue.flush', 'scheduled_job_type': 's60b9alidp'..., method='frappe.core.doctype.scheduled_job_type.scheduled_job_type.run_scheduled_jo..., site='erpnext.localhost', user='Administrator') (erpnext.localhost||scheduled_job||s60b9alidp)
2025-04-22 20:28:01,259 Successfully completed frappe.utils.background_jobs.execute_job(event=None, is_async=True, job_name='frappe.core.doctype.scheduled_job_type.scheduled_job_type.run_scheduled_jo..., kwargs={'job_type': 'frappe.email.queue.flush', 'scheduled_job_type': 's60b9alidp'..., method='frappe.core.doctype.scheduled_job_type.scheduled_job_type.run_scheduled_jo..., site='erpnext.localhost', user='Administrator') job in 0:00:00.536747s on worker 788fcd017c71498f9ef65546fcf28348
2025-04-22 20:28:01,260 home-rohy-evalaivr-evaluation:default: Job OK (erpnext.localhost||scheduled_job||s60b9alidp)
2025-04-22 20:28:01,260 Result is kept for 600 seconds
2025-04-22 20:28:01,275 home-rohy-evalaivr-evaluation:default: frappe.utils.background_jobs.execute_job(event=None, is_async=True, job_name='frappe.core.doctype.scheduled_job_type.scheduled_job_type.run_scheduled_jo..., kwargs={'job_type': 'frappe.monitor.flush', 'scheduled_job_type': 's60ssvifus'}, method='frappe.core.doctype.scheduled_job_type.scheduled_job_type.run_scheduled_jo..., site='erpnext.localhost', user='Administrator') (erpnext.localhost||scheduled_job||s60ssvifus)
2025-04-22 20:28:01,511 Successfully completed frappe.utils.background_jobs.execute_job(event=None, is_async=True, job_name='frappe.core.doctype.scheduled_job_type.scheduled_job_type.run_scheduled_jo..., kwargs={'job_type': 'frappe.monitor.flush', 'scheduled_job_type': 's60ssvifus'}, method='frappe.core.doctype.scheduled_job_type.scheduled_job_type.run_scheduled_jo..., site='erpnext.localhost', user='Administrator') job in 0:00:00.224960s on worker 788fcd017c71498f9ef65546fcf28348
2025-04-22 20:28:01,511 home-rohy-evalaivr-evaluation:default: Job OK (erpnext.localhost||scheduled_job||s60ssvifus)
2025-04-22 20:28:01,511 Result is kept for 600 seconds
2025-04-22 20:28:01,521 home-rohy-evalaivr-evaluation:default: frappe.utils.background_jobs.execute_job(event=None, is_async=True, job_name='frappe.core.doctype.scheduled_job_type.scheduled_job_type.run_scheduled_jo..., kwargs={'job_type': 'frappe.integrations.doctype.google_calendar.google_calendar.s..., method='frappe.core.doctype.scheduled_job_type.scheduled_job_type.run_scheduled_jo..., site='erpnext.localhost', user='Administrator') (erpnext.localhost||scheduled_job||s60e2kq4sq)
2025-04-22 20:28:02,110 Successfully completed frappe.utils.background_jobs.execute_job(event=None, is_async=True, job_name='frappe.core.doctype.scheduled_job_type.scheduled_job_type.run_scheduled_jo..., kwargs={'job_type': 'frappe.integrations.doctype.google_calendar.google_calendar.s..., method='frappe.core.doctype.scheduled_job_type.scheduled_job_type.run_scheduled_jo..., site='erpnext.localhost', user='Administrator') job in 0:00:00.571389s on worker 788fcd017c71498f9ef65546fcf28348
2025-04-22 20:28:02,112 home-rohy-evalaivr-evaluation:default: Job OK (erpnext.localhost||scheduled_job||s60e2kq4sq)
2025-04-22 20:28:02,113 Result is kept for 600 seconds
2025-04-22 20:33:11,121 home-rohy-evalaivr-evaluation:default: frappe.utils.background_jobs.execute_job(event=None, is_async=True, job_name='frappe.core.doctype.scheduled_job_type.scheduled_job_type.run_scheduled_jo..., kwargs={'job_type': 'frappe.email.doctype.notification.notification.trigger_offset..., method='frappe.core.doctype.scheduled_job_type.scheduled_job_type.run_scheduled_jo..., site='erpnext.localhost', user='Administrator') (erpnext.localhost||scheduled_job||s603rpotun)
2025-04-22 20:33:12,683 Successfully completed frappe.utils.background_jobs.execute_job(event=None, is_async=True, job_name='frappe.core.doctype.scheduled_job_type.scheduled_job_type.run_scheduled_jo..., kwargs={'job_type': 'frappe.email.doctype.notification.notification.trigger_offset..., method='frappe.core.doctype.scheduled_job_type.scheduled_job_type.run_scheduled_jo..., site='erpnext.localhost', user='Administrator') job in 0:00:01.433332s on worker 788fcd017c71498f9ef65546fcf28348
2025-04-22 20:33:12,684 home-rohy-evalaivr-evaluation:default: Job OK (erpnext.localhost||scheduled_job||s603rpotun)
2025-04-22 20:33:12,684 Result is kept for 600 seconds
2025-04-22 20:33:12,918 home-rohy-evalaivr-evaluation:default: frappe.utils.background_jobs.execute_job(event=None, is_async=True, job_name='frappe.core.doctype.scheduled_job_type.scheduled_job_type.run_scheduled_jo..., kwargs={'job_type': 'frappe.website.doctype.web_page.web_page.check_publish_status..., method='frappe.core.doctype.scheduled_job_type.scheduled_job_type.run_scheduled_jo..., site='erpnext.localhost', user='Administrator') (erpnext.localhost||scheduled_job||s609qc5grc)
2025-04-22 20:33:14,194 Successfully completed frappe.utils.background_jobs.execute_job(event=None, is_async=True, job_name='frappe.core.doctype.scheduled_job_type.scheduled_job_type.run_scheduled_jo..., kwargs={'job_type': 'frappe.website.doctype.web_page.web_page.check_publish_status..., method='frappe.core.doctype.scheduled_job_type.scheduled_job_type.run_scheduled_jo..., site='erpnext.localhost', user='Administrator') job in 0:00:01.254466s on worker 788fcd017c71498f9ef65546fcf28348
2025-04-22 20:33:14,194 home-rohy-evalaivr-evaluation:default: Job OK (erpnext.localhost||scheduled_job||s609qc5grc)
2025-04-22 20:33:14,195 Result is kept for 600 seconds
2025-04-22 20:33:14,219 home-rohy-evalaivr-evaluation:default: frappe.utils.background_jobs.execute_job(event=None, is_async=True, job_name='frappe.core.doctype.scheduled_job_type.scheduled_job_type.run_scheduled_jo..., kwargs={'job_type': 'frappe.email.doctype.email_account.email_account.notify_unrep..., method='frappe.core.doctype.scheduled_job_type.scheduled_job_type.run_scheduled_jo..., site='erpnext.localhost', user='Administrator') (erpnext.localhost||scheduled_job||s60tvhcbpc)
2025-04-22 20:33:14,890 Successfully completed frappe.utils.background_jobs.execute_job(event=None, is_async=True, job_name='frappe.core.doctype.scheduled_job_type.scheduled_job_type.run_scheduled_jo..., kwargs={'job_type': 'frappe.email.doctype.email_account.email_account.notify_unrep..., method='frappe.core.doctype.scheduled_job_type.scheduled_job_type.run_scheduled_jo..., site='erpnext.localhost', user='Administrator') job in 0:00:00.656134s on worker 788fcd017c71498f9ef65546fcf28348
2025-04-22 20:33:14,890 home-rohy-evalaivr-evaluation:default: Job OK (erpnext.localhost||scheduled_job||s60tvhcbpc)
2025-04-22 20:33:14,891 Result is kept for 600 seconds
2025-04-22 20:33:14,912 home-rohy-evalaivr-evaluation:default: frappe.utils.background_jobs.execute_job(event=None, is_async=True, job_name='frappe.core.doctype.scheduled_job_type.scheduled_job_type.run_scheduled_jo..., kwargs={'job_type': 'frappe.email.doctype.email_account.email_account.pull', 'sche..., method='frappe.core.doctype.scheduled_job_type.scheduled_job_type.run_scheduled_jo..., site='erpnext.localhost', user='Administrator') (erpnext.localhost||scheduled_job||s60v5h24ke)
2025-04-22 20:33:15,502 Successfully completed frappe.utils.background_jobs.execute_job(event=None, is_async=True, job_name='frappe.core.doctype.scheduled_job_type.scheduled_job_type.run_scheduled_jo..., kwargs={'job_type': 'frappe.email.doctype.email_account.email_account.pull', 'sche..., method='frappe.core.doctype.scheduled_job_type.scheduled_job_type.run_scheduled_jo..., site='erpnext.localhost', user='Administrator') job in 0:00:00.573780s on worker 788fcd017c71498f9ef65546fcf28348
2025-04-22 20:33:15,502 home-rohy-evalaivr-evaluation:default: Job OK (erpnext.localhost||scheduled_job||s60v5h24ke)
2025-04-22 20:33:15,502 Result is kept for 600 seconds
2025-04-22 20:33:15,520 home-rohy-evalaivr-evaluation:default: frappe.utils.background_jobs.execute_job(event=None, is_async=True, job_name='frappe.core.doctype.scheduled_job_type.scheduled_job_type.run_scheduled_jo..., kwargs={'job_type': 'frappe.automation.doctype.reminder.reminder.send_reminders', ..., method='frappe.core.doctype.scheduled_job_type.scheduled_job_type.run_scheduled_jo..., site='erpnext.localhost', user='Administrator') (erpnext.localhost||scheduled_job||s60860egc9)
2025-04-22 20:33:16,076 Successfully completed frappe.utils.background_jobs.execute_job(event=None, is_async=True, job_name='frappe.core.doctype.scheduled_job_type.scheduled_job_type.run_scheduled_jo..., kwargs={'job_type': 'frappe.automation.doctype.reminder.reminder.send_reminders', ..., method='frappe.core.doctype.scheduled_job_type.scheduled_job_type.run_scheduled_jo..., site='erpnext.localhost', user='Administrator') job in 0:00:00.533511s on worker 788fcd017c71498f9ef65546fcf28348
2025-04-22 20:33:16,076 home-rohy-evalaivr-evaluation:default: Job OK (erpnext.localhost||scheduled_job||s60860egc9)
2025-04-22 20:33:16,076 Result is kept for 600 seconds
2025-04-22 20:33:16,090 home-rohy-evalaivr-evaluation:default: frappe.utils.background_jobs.execute_job(event=None, is_async=True, job_name='frappe.core.doctype.scheduled_job_type.scheduled_job_type.run_scheduled_jo..., kwargs={'job_type': 'erpnext.utilities.doctype.video.video.update_youtube_data', '..., method='frappe.core.doctype.scheduled_job_type.scheduled_job_type.run_scheduled_jo..., site='erpnext.localhost', user='Administrator') (erpnext.localhost||scheduled_job||tgspm1s388)
2025-04-22 20:33:17,611 Successfully completed frappe.utils.background_jobs.execute_job(event=None, is_async=True, job_name='frappe.core.doctype.scheduled_job_type.scheduled_job_type.run_scheduled_jo..., kwargs={'job_type': 'erpnext.utilities.doctype.video.video.update_youtube_data', '..., method='frappe.core.doctype.scheduled_job_type.scheduled_job_type.run_scheduled_jo..., site='erpnext.localhost', user='Administrator') job in 0:00:01.505904s on worker 788fcd017c71498f9ef65546fcf28348
2025-04-22 20:33:17,612 home-rohy-evalaivr-evaluation:default: Job OK (erpnext.localhost||scheduled_job||tgspm1s388)
2025-04-22 20:33:17,612 Result is kept for 600 seconds
2025-04-22 20:33:17,629 home-rohy-evalaivr-evaluation:default: frappe.utils.background_jobs.execute_job(event=None, is_async=True, job_name='frappe.core.doctype.scheduled_job_type.scheduled_job_type.run_scheduled_jo..., kwargs={'job_type': 'erpnext.manufacturing.doctype.bom_update_log.bom_update_log.r..., method='frappe.core.doctype.scheduled_job_type.scheduled_job_type.run_scheduled_jo..., site='erpnext.localhost', user='Administrator') (erpnext.localhost||scheduled_job||tgsg535gbe)
2025-04-22 20:33:18,097 Successfully completed frappe.utils.background_jobs.execute_job(event=None, is_async=True, job_name='frappe.core.doctype.scheduled_job_type.scheduled_job_type.run_scheduled_jo..., kwargs={'job_type': 'erpnext.manufacturing.doctype.bom_update_log.bom_update_log.r..., method='frappe.core.doctype.scheduled_job_type.scheduled_job_type.run_scheduled_jo..., site='erpnext.localhost', user='Administrator') job in 0:00:00.454479s on worker 788fcd017c71498f9ef65546fcf28348
2025-04-22 20:33:18,098 home-rohy-evalaivr-evaluation:default: Job OK (erpnext.localhost||scheduled_job||tgsg535gbe)
2025-04-22 20:33:18,098 Result is kept for 600 seconds
2025-04-22 20:33:18,112 home-rohy-evalaivr-evaluation:default: frappe.utils.background_jobs.execute_job(event=None, is_async=True, job_name='frappe.core.doctype.scheduled_job_type.scheduled_job_type.run_scheduled_jo..., kwargs={'job_type': 'frappe.monitor.flush', 'scheduled_job_type': 's60ssvifus'}, method='frappe.core.doctype.scheduled_job_type.scheduled_job_type.run_scheduled_jo..., site='erpnext.localhost', user='Administrator') (erpnext.localhost||scheduled_job||s60ssvifus)
2025-04-22 20:33:18,460 Successfully completed frappe.utils.background_jobs.execute_job(event=None, is_async=True, job_name='frappe.core.doctype.scheduled_job_type.scheduled_job_type.run_scheduled_jo..., kwargs={'job_type': 'frappe.monitor.flush', 'scheduled_job_type': 's60ssvifus'}, method='frappe.core.doctype.scheduled_job_type.scheduled_job_type.run_scheduled_jo..., site='erpnext.localhost', user='Administrator') job in 0:00:00.334742s on worker 788fcd017c71498f9ef65546fcf28348
2025-04-22 20:33:18,461 home-rohy-evalaivr-evaluation:default: Job OK (erpnext.localhost||scheduled_job||s60ssvifus)
2025-04-22 20:33:18,461 Result is kept for 600 seconds
2025-04-22 20:33:18,476 home-rohy-evalaivr-evaluation:default: frappe.utils.background_jobs.execute_job(event=None, is_async=True, job_name='frappe.core.doctype.scheduled_job_type.scheduled_job_type.run_scheduled_jo..., kwargs={'job_type': 'frappe.twofactor.delete_all_barcodes_for_users', 'scheduled_j..., method='frappe.core.doctype.scheduled_job_type.scheduled_job_type.run_scheduled_jo..., site='erpnext.localhost', user='Administrator') (erpnext.localhost||scheduled_job||s606f3j3k3)
2025-04-22 20:33:19,033 Successfully completed frappe.utils.background_jobs.execute_job(event=None, is_async=True, job_name='frappe.core.doctype.scheduled_job_type.scheduled_job_type.run_scheduled_jo..., kwargs={'job_type': 'frappe.twofactor.delete_all_barcodes_for_users', 'scheduled_j..., method='frappe.core.doctype.scheduled_job_type.scheduled_job_type.run_scheduled_jo..., site='erpnext.localhost', user='Administrator') job in 0:00:00.542827s on worker 788fcd017c71498f9ef65546fcf28348
2025-04-22 20:33:19,034 home-rohy-evalaivr-evaluation:default: Job OK (erpnext.localhost||scheduled_job||s606f3j3k3)
2025-04-22 20:33:19,034 Result is kept for 600 seconds
2025-04-22 20:33:19,056 home-rohy-evalaivr-evaluation:default: frappe.utils.background_jobs.execute_job(event=None, is_async=True, job_name='frappe.core.doctype.scheduled_job_type.scheduled_job_type.run_scheduled_jo..., kwargs={'job_type': 'erpnext.accounts.doctype.gl_entry.gl_entry.rename_gle_sle_doc..., method='frappe.core.doctype.scheduled_job_type.scheduled_job_type.run_scheduled_jo..., site='erpnext.localhost', user='Administrator') (erpnext.localhost||scheduled_job||tgs1rnqh8d)
2025-04-22 20:33:19,793 Successfully completed frappe.utils.background_jobs.execute_job(event=None, is_async=True, job_name='frappe.core.doctype.scheduled_job_type.scheduled_job_type.run_scheduled_jo..., kwargs={'job_type': 'erpnext.accounts.doctype.gl_entry.gl_entry.rename_gle_sle_doc..., method='frappe.core.doctype.scheduled_job_type.scheduled_job_type.run_scheduled_jo..., site='erpnext.localhost', user='Administrator') job in 0:00:00.717202s on worker 788fcd017c71498f9ef65546fcf28348
2025-04-22 20:33:19,793 home-rohy-evalaivr-evaluation:default: Job OK (erpnext.localhost||scheduled_job||tgs1rnqh8d)
2025-04-22 20:33:19,795 Result is kept for 600 seconds
2025-04-22 20:33:19,811 home-rohy-evalaivr-evaluation:default: frappe.utils.background_jobs.execute_job(event=None, is_async=True, job_name='frappe.core.doctype.scheduled_job_type.scheduled_job_type.run_scheduled_jo..., kwargs={'job_type': 'frappe.email.queue.flush', 'scheduled_job_type': 's60b9alidp'..., method='frappe.core.doctype.scheduled_job_type.scheduled_job_type.run_scheduled_jo..., site='erpnext.localhost', user='Administrator') (erpnext.localhost||scheduled_job||s60b9alidp)
2025-04-22 20:33:20,531 Successfully completed frappe.utils.background_jobs.execute_job(event=None, is_async=True, job_name='frappe.core.doctype.scheduled_job_type.scheduled_job_type.run_scheduled_jo..., kwargs={'job_type': 'frappe.email.queue.flush', 'scheduled_job_type': 's60b9alidp'..., method='frappe.core.doctype.scheduled_job_type.scheduled_job_type.run_scheduled_jo..., site='erpnext.localhost', user='Administrator') job in 0:00:00.703809s on worker 788fcd017c71498f9ef65546fcf28348
2025-04-22 20:33:20,531 home-rohy-evalaivr-evaluation:default: Job OK (erpnext.localhost||scheduled_job||s60b9alidp)
2025-04-22 20:33:20,531 Result is kept for 600 seconds
2025-04-22 20:33:20,547 home-rohy-evalaivr-evaluation:default: frappe.utils.background_jobs.execute_job(event=None, is_async=True, job_name='frappe.core.doctype.scheduled_job_type.scheduled_job_type.run_scheduled_jo..., kwargs={'job_type': 'frappe.integrations.doctype.google_calendar.google_calendar.s..., method='frappe.core.doctype.scheduled_job_type.scheduled_job_type.run_scheduled_jo..., site='erpnext.localhost', user='Administrator') (erpnext.localhost||scheduled_job||s60e2kq4sq)
2025-04-22 20:33:21,303 Successfully completed frappe.utils.background_jobs.execute_job(event=None, is_async=True, job_name='frappe.core.doctype.scheduled_job_type.scheduled_job_type.run_scheduled_jo..., kwargs={'job_type': 'frappe.integrations.doctype.google_calendar.google_calendar.s..., method='frappe.core.doctype.scheduled_job_type.scheduled_job_type.run_scheduled_jo..., site='erpnext.localhost', user='Administrator') job in 0:00:00.742518s on worker 788fcd017c71498f9ef65546fcf28348
2025-04-22 20:33:21,304 home-rohy-evalaivr-evaluation:default: Job OK (erpnext.localhost||scheduled_job||s60e2kq4sq)
2025-04-22 20:33:21,304 Result is kept for 600 seconds
2025-04-22 20:33:21,326 home-rohy-evalaivr-evaluation:default: frappe.utils.background_jobs.execute_job(event=None, is_async=True, job_name='frappe.core.doctype.scheduled_job_type.scheduled_job_type.run_scheduled_jo..., kwargs={'job_type': 'frappe.utils.global_search.sync_global_search', 'scheduled_jo..., method='frappe.core.doctype.scheduled_job_type.scheduled_job_type.run_scheduled_jo..., site='erpnext.localhost', user='Administrator') (erpnext.localhost||scheduled_job||s6091q3nn9)
2025-04-22 20:33:21,773 Successfully completed frappe.utils.background_jobs.execute_job(event=None, is_async=True, job_name='frappe.core.doctype.scheduled_job_type.scheduled_job_type.run_scheduled_jo..., kwargs={'job_type': 'frappe.utils.global_search.sync_global_search', 'scheduled_jo..., method='frappe.core.doctype.scheduled_job_type.scheduled_job_type.run_scheduled_jo..., site='erpnext.localhost', user='Administrator') job in 0:00:00.427725s on worker 788fcd017c71498f9ef65546fcf28348
2025-04-22 20:33:21,774 home-rohy-evalaivr-evaluation:default: Job OK (erpnext.localhost||scheduled_job||s6091q3nn9)
2025-04-22 20:33:21,775 Result is kept for 600 seconds
2025-04-22 20:33:21,789 home-rohy-evalaivr-evaluation:default: frappe.utils.background_jobs.execute_job(event=None, is_async=True, job_name='frappe.core.doctype.scheduled_job_type.scheduled_job_type.run_scheduled_jo..., kwargs={'job_type': 'frappe.deferred_insert.save_to_db', 'scheduled_job_type': 's6..., method='frappe.core.doctype.scheduled_job_type.scheduled_job_type.run_scheduled_jo..., site='erpnext.localhost', user='Administrator') (erpnext.localhost||scheduled_job||s6065rp0ec)
2025-04-22 20:33:22,581 Successfully completed frappe.utils.background_jobs.execute_job(event=None, is_async=True, job_name='frappe.core.doctype.scheduled_job_type.scheduled_job_type.run_scheduled_jo..., kwargs={'job_type': 'frappe.deferred_insert.save_to_db', 'scheduled_job_type': 's6..., method='frappe.core.doctype.scheduled_job_type.scheduled_job_type.run_scheduled_jo..., site='erpnext.localhost', user='Administrator') job in 0:00:00.777206s on worker 788fcd017c71498f9ef65546fcf28348
2025-04-22 20:33:22,581 home-rohy-evalaivr-evaluation:default: Job OK (erpnext.localhost||scheduled_job||s6065rp0ec)
2025-04-22 20:33:22,581 Result is kept for 600 seconds
2025-04-22 20:33:22,602 home-rohy-evalaivr-evaluation:default: frappe.utils.background_jobs.execute_job(event=None, is_async=True, job_name='frappe.core.doctype.scheduled_job_type.scheduled_job_type.run_scheduled_jo..., kwargs={'job_type': 'frappe.core.doctype.prepared_report.prepared_report.expire_st..., method='frappe.core.doctype.scheduled_job_type.scheduled_job_type.run_scheduled_jo..., site='erpnext.localhost', user='Administrator') (erpnext.localhost||scheduled_job||s608d12rfr)
2025-04-22 20:33:23,549 Successfully completed frappe.utils.background_jobs.execute_job(event=None, is_async=True, job_name='frappe.core.doctype.scheduled_job_type.scheduled_job_type.run_scheduled_jo..., kwargs={'job_type': 'frappe.core.doctype.prepared_report.prepared_report.expire_st..., method='frappe.core.doctype.scheduled_job_type.scheduled_job_type.run_scheduled_jo..., site='erpnext.localhost', user='Administrator') job in 0:00:00.927017s on worker 788fcd017c71498f9ef65546fcf28348
2025-04-22 20:33:23,549 home-rohy-evalaivr-evaluation:default: Job OK (erpnext.localhost||scheduled_job||s608d12rfr)
2025-04-22 20:33:23,550 Result is kept for 600 seconds
2025-04-22 20:33:23,571 home-rohy-evalaivr-evaluation:default: frappe.utils.background_jobs.execute_job(event=None, is_async=True, job_name='frappe.core.doctype.scheduled_job_type.scheduled_job_type.run_scheduled_jo..., kwargs={'job_type': 'frappe.oauth.delete_oauth2_data', 'scheduled_job_type': 's607..., method='frappe.core.doctype.scheduled_job_type.scheduled_job_type.run_scheduled_jo..., site='erpnext.localhost', user='Administrator') (erpnext.localhost||scheduled_job||s607u2ss9g)
2025-04-22 20:33:24,063 Successfully completed frappe.utils.background_jobs.execute_job(event=None, is_async=True, job_name='frappe.core.doctype.scheduled_job_type.scheduled_job_type.run_scheduled_jo..., kwargs={'job_type': 'frappe.oauth.delete_oauth2_data', 'scheduled_job_type': 's607..., method='frappe.core.doctype.scheduled_job_type.scheduled_job_type.run_scheduled_jo..., site='erpnext.localhost', user='Administrator') job in 0:00:00.471181s on worker 788fcd017c71498f9ef65546fcf28348
2025-04-22 20:33:24,064 home-rohy-evalaivr-evaluation:default: Job OK (erpnext.localhost||scheduled_job||s607u2ss9g)
2025-04-22 20:33:24,064 Result is kept for 600 seconds
2025-04-22 20:45:29,642 Cleaning registries for queue: home-rohy-evalaivr-evaluation:short
2025-04-22 20:45:29,651 Cleaning registries for queue: home-rohy-evalaivr-evaluation:default
2025-04-22 20:45:29,654 Cleaning registries for queue: home-rohy-evalaivr-evaluation:long
2025-04-22 20:47:36,719 home-rohy-evalaivr-evaluation:default: frappe.utils.background_jobs.execute_job(event=None, is_async=True, job_name='frappe.core.doctype.scheduled_job_type.scheduled_job_type.run_scheduled_jo..., kwargs={'job_type': 'frappe.email.doctype.email_account.email_account.notify_unrep..., method='frappe.core.doctype.scheduled_job_type.scheduled_job_type.run_scheduled_jo..., site='erpnext.localhost', user='Administrator') (erpnext.localhost||scheduled_job||s60tvhcbpc)
2025-04-22 20:47:37,263 Successfully completed frappe.utils.background_jobs.execute_job(event=None, is_async=True, job_name='frappe.core.doctype.scheduled_job_type.scheduled_job_type.run_scheduled_jo..., kwargs={'job_type': 'frappe.email.doctype.email_account.email_account.notify_unrep..., method='frappe.core.doctype.scheduled_job_type.scheduled_job_type.run_scheduled_jo..., site='erpnext.localhost', user='Administrator') job in 0:00:00.517082s on worker 788fcd017c71498f9ef65546fcf28348
2025-04-22 20:47:37,263 home-rohy-evalaivr-evaluation:default: Job OK (erpnext.localhost||scheduled_job||s60tvhcbpc)
2025-04-22 20:47:37,263 Result is kept for 600 seconds
2025-04-22 20:47:37,277 home-rohy-evalaivr-evaluation:default: frappe.utils.background_jobs.execute_job(event=None, is_async=True, job_name='frappe.core.doctype.scheduled_job_type.scheduled_job_type.run_scheduled_jo..., kwargs={'job_type': 'frappe.email.doctype.notification.notification.trigger_offset..., method='frappe.core.doctype.scheduled_job_type.scheduled_job_type.run_scheduled_jo..., site='erpnext.localhost', user='Administrator') (erpnext.localhost||scheduled_job||s603rpotun)
2025-04-22 20:47:37,531 Successfully completed frappe.utils.background_jobs.execute_job(event=None, is_async=True, job_name='frappe.core.doctype.scheduled_job_type.scheduled_job_type.run_scheduled_jo..., kwargs={'job_type': 'frappe.email.doctype.notification.notification.trigger_offset..., method='frappe.core.doctype.scheduled_job_type.scheduled_job_type.run_scheduled_jo..., site='erpnext.localhost', user='Administrator') job in 0:00:00.242861s on worker 788fcd017c71498f9ef65546fcf28348
2025-04-22 20:47:37,532 home-rohy-evalaivr-evaluation:default: Job OK (erpnext.localhost||scheduled_job||s603rpotun)
2025-04-22 20:47:37,532 Result is kept for 600 seconds
2025-04-22 20:47:37,544 home-rohy-evalaivr-evaluation:default: frappe.utils.background_jobs.execute_job(event=None, is_async=True, job_name='frappe.core.doctype.scheduled_job_type.scheduled_job_type.run_scheduled_jo..., kwargs={'job_type': 'frappe.email.queue.flush', 'scheduled_job_type': 's60b9alidp'..., method='frappe.core.doctype.scheduled_job_type.scheduled_job_type.run_scheduled_jo..., site='erpnext.localhost', user='Administrator') (erpnext.localhost||scheduled_job||s60b9alidp)
2025-04-22 20:47:37,975 Successfully completed frappe.utils.background_jobs.execute_job(event=None, is_async=True, job_name='frappe.core.doctype.scheduled_job_type.scheduled_job_type.run_scheduled_jo..., kwargs={'job_type': 'frappe.email.queue.flush', 'scheduled_job_type': 's60b9alidp'..., method='frappe.core.doctype.scheduled_job_type.scheduled_job_type.run_scheduled_jo..., site='erpnext.localhost', user='Administrator') job in 0:00:00.416373s on worker 788fcd017c71498f9ef65546fcf28348
2025-04-22 20:47:37,975 home-rohy-evalaivr-evaluation:default: Job OK (erpnext.localhost||scheduled_job||s60b9alidp)
2025-04-22 20:47:37,975 Result is kept for 600 seconds
2025-04-22 20:47:37,988 home-rohy-evalaivr-evaluation:default: frappe.utils.background_jobs.execute_job(event=None, is_async=True, job_name='frappe.core.doctype.scheduled_job_type.scheduled_job_type.run_scheduled_jo..., kwargs={'job_type': 'frappe.oauth.delete_oauth2_data', 'scheduled_job_type': 's607..., method='frappe.core.doctype.scheduled_job_type.scheduled_job_type.run_scheduled_jo..., site='erpnext.localhost', user='Administrator') (erpnext.localhost||scheduled_job||s607u2ss9g)
2025-04-22 20:47:38,280 Successfully completed frappe.utils.background_jobs.execute_job(event=None, is_async=True, job_name='frappe.core.doctype.scheduled_job_type.scheduled_job_type.run_scheduled_jo..., kwargs={'job_type': 'frappe.oauth.delete_oauth2_data', 'scheduled_job_type': 's607..., method='frappe.core.doctype.scheduled_job_type.scheduled_job_type.run_scheduled_jo..., site='erpnext.localhost', user='Administrator') job in 0:00:00.281213s on worker 788fcd017c71498f9ef65546fcf28348
2025-04-22 20:47:38,281 home-rohy-evalaivr-evaluation:default: Job OK (erpnext.localhost||scheduled_job||s607u2ss9g)
2025-04-22 20:47:38,281 Result is kept for 600 seconds
2025-04-22 20:47:38,292 home-rohy-evalaivr-evaluation:default: frappe.utils.background_jobs.execute_job(event=None, is_async=True, job_name='frappe.core.doctype.scheduled_job_type.scheduled_job_type.run_scheduled_jo..., kwargs={'job_type': 'erpnext.manufacturing.doctype.bom_update_log.bom_update_log.r..., method='frappe.core.doctype.scheduled_job_type.scheduled_job_type.run_scheduled_jo..., site='erpnext.localhost', user='Administrator') (erpnext.localhost||scheduled_job||tgsg535gbe)
2025-04-22 20:47:38,542 Successfully completed frappe.utils.background_jobs.execute_job(event=None, is_async=True, job_name='frappe.core.doctype.scheduled_job_type.scheduled_job_type.run_scheduled_jo..., kwargs={'job_type': 'erpnext.manufacturing.doctype.bom_update_log.bom_update_log.r..., method='frappe.core.doctype.scheduled_job_type.scheduled_job_type.run_scheduled_jo..., site='erpnext.localhost', user='Administrator') job in 0:00:00.238038s on worker 788fcd017c71498f9ef65546fcf28348
2025-04-22 20:47:38,542 home-rohy-evalaivr-evaluation:default: Job OK (erpnext.localhost||scheduled_job||tgsg535gbe)
2025-04-22 20:47:38,543 Result is kept for 600 seconds
2025-04-22 20:47:38,555 home-rohy-evalaivr-evaluation:default: frappe.utils.background_jobs.execute_job(event=None, is_async=True, job_name='frappe.core.doctype.scheduled_job_type.scheduled_job_type.run_scheduled_jo..., kwargs={'job_type': 'frappe.automation.doctype.reminder.reminder.send_reminders', ..., method='frappe.core.doctype.scheduled_job_type.scheduled_job_type.run_scheduled_jo..., site='erpnext.localhost', user='Administrator') (erpnext.localhost||scheduled_job||s60860egc9)
2025-04-22 20:47:38,813 Successfully completed frappe.utils.background_jobs.execute_job(event=None, is_async=True, job_name='frappe.core.doctype.scheduled_job_type.scheduled_job_type.run_scheduled_jo..., kwargs={'job_type': 'frappe.automation.doctype.reminder.reminder.send_reminders', ..., method='frappe.core.doctype.scheduled_job_type.scheduled_job_type.run_scheduled_jo..., site='erpnext.localhost', user='Administrator') job in 0:00:00.245339s on worker 788fcd017c71498f9ef65546fcf28348
2025-04-22 20:47:38,813 home-rohy-evalaivr-evaluation:default: Job OK (erpnext.localhost||scheduled_job||s60860egc9)
2025-04-22 20:47:38,813 Result is kept for 600 seconds
2025-04-22 20:47:38,825 home-rohy-evalaivr-evaluation:default: frappe.utils.background_jobs.execute_job(event=None, is_async=True, job_name='frappe.core.doctype.scheduled_job_type.scheduled_job_type.run_scheduled_jo..., kwargs={'job_type': 'frappe.email.doctype.email_account.email_account.pull', 'sche..., method='frappe.core.doctype.scheduled_job_type.scheduled_job_type.run_scheduled_jo..., site='erpnext.localhost', user='Administrator') (erpnext.localhost||scheduled_job||s60v5h24ke)
2025-04-22 20:47:39,127 Successfully completed frappe.utils.background_jobs.execute_job(event=None, is_async=True, job_name='frappe.core.doctype.scheduled_job_type.scheduled_job_type.run_scheduled_jo..., kwargs={'job_type': 'frappe.email.doctype.email_account.email_account.pull', 'sche..., method='frappe.core.doctype.scheduled_job_type.scheduled_job_type.run_scheduled_jo..., site='erpnext.localhost', user='Administrator') job in 0:00:00.289850s on worker 788fcd017c71498f9ef65546fcf28348
2025-04-22 20:47:39,127 home-rohy-evalaivr-evaluation:default: Job OK (erpnext.localhost||scheduled_job||s60v5h24ke)
2025-04-22 20:47:39,127 Result is kept for 600 seconds
2025-04-22 20:47:39,140 home-rohy-evalaivr-evaluation:default: frappe.utils.background_jobs.execute_job(event=None, is_async=True, job_name='frappe.core.doctype.scheduled_job_type.scheduled_job_type.run_scheduled_jo..., kwargs={'job_type': 'frappe.twofactor.delete_all_barcodes_for_users', 'scheduled_j..., method='frappe.core.doctype.scheduled_job_type.scheduled_job_type.run_scheduled_jo..., site='erpnext.localhost', user='Administrator') (erpnext.localhost||scheduled_job||s606f3j3k3)
2025-04-22 20:47:39,436 Successfully completed frappe.utils.background_jobs.execute_job(event=None, is_async=True, job_name='frappe.core.doctype.scheduled_job_type.scheduled_job_type.run_scheduled_jo..., kwargs={'job_type': 'frappe.twofactor.delete_all_barcodes_for_users', 'scheduled_j..., method='frappe.core.doctype.scheduled_job_type.scheduled_job_type.run_scheduled_jo..., site='erpnext.localhost', user='Administrator') job in 0:00:00.282046s on worker 788fcd017c71498f9ef65546fcf28348
2025-04-22 20:47:39,436 home-rohy-evalaivr-evaluation:default: Job OK (erpnext.localhost||scheduled_job||s606f3j3k3)
2025-04-22 20:47:39,436 Result is kept for 600 seconds
2025-04-22 20:47:39,454 home-rohy-evalaivr-evaluation:default: frappe.utils.background_jobs.execute_job(event=None, is_async=True, job_name='frappe.core.doctype.scheduled_job_type.scheduled_job_type.run_scheduled_jo..., kwargs={'job_type': 'frappe.integrations.doctype.google_calendar.google_calendar.s..., method='frappe.core.doctype.scheduled_job_type.scheduled_job_type.run_scheduled_jo..., site='erpnext.localhost', user='Administrator') (erpnext.localhost||scheduled_job||s60e2kq4sq)
2025-04-22 20:47:40,002 Successfully completed frappe.utils.background_jobs.execute_job(event=None, is_async=True, job_name='frappe.core.doctype.scheduled_job_type.scheduled_job_type.run_scheduled_jo..., kwargs={'job_type': 'frappe.integrations.doctype.google_calendar.google_calendar.s..., method='frappe.core.doctype.scheduled_job_type.scheduled_job_type.run_scheduled_jo..., site='erpnext.localhost', user='Administrator') job in 0:00:00.535436s on worker 788fcd017c71498f9ef65546fcf28348
2025-04-22 20:47:40,003 home-rohy-evalaivr-evaluation:default: Job OK (erpnext.localhost||scheduled_job||s60e2kq4sq)
2025-04-22 20:47:40,003 Result is kept for 600 seconds
2025-04-22 20:47:40,016 home-rohy-evalaivr-evaluation:default: frappe.utils.background_jobs.execute_job(event=None, is_async=True, job_name='frappe.core.doctype.scheduled_job_type.scheduled_job_type.run_scheduled_jo..., kwargs={'job_type': 'frappe.deferred_insert.save_to_db', 'scheduled_job_type': 's6..., method='frappe.core.doctype.scheduled_job_type.scheduled_job_type.run_scheduled_jo..., site='erpnext.localhost', user='Administrator') (erpnext.localhost||scheduled_job||s6065rp0ec)
2025-04-22 20:47:40,252 Successfully completed frappe.utils.background_jobs.execute_job(event=None, is_async=True, job_name='frappe.core.doctype.scheduled_job_type.scheduled_job_type.run_scheduled_jo..., kwargs={'job_type': 'frappe.deferred_insert.save_to_db', 'scheduled_job_type': 's6..., method='frappe.core.doctype.scheduled_job_type.scheduled_job_type.run_scheduled_jo..., site='erpnext.localhost', user='Administrator') job in 0:00:00.224833s on worker 788fcd017c71498f9ef65546fcf28348
2025-04-22 20:47:40,253 home-rohy-evalaivr-evaluation:default: Job OK (erpnext.localhost||scheduled_job||s6065rp0ec)
2025-04-22 20:47:40,253 Result is kept for 600 seconds
2025-04-22 20:47:40,263 home-rohy-evalaivr-evaluation:default: frappe.utils.background_jobs.execute_job(event=None, is_async=True, job_name='frappe.core.doctype.scheduled_job_type.scheduled_job_type.run_scheduled_jo..., kwargs={'job_type': 'frappe.monitor.flush', 'scheduled_job_type': 's60ssvifus'}, method='frappe.core.doctype.scheduled_job_type.scheduled_job_type.run_scheduled_jo..., site='erpnext.localhost', user='Administrator') (erpnext.localhost||scheduled_job||s60ssvifus)
2025-04-22 20:47:40,547 Successfully completed frappe.utils.background_jobs.execute_job(event=None, is_async=True, job_name='frappe.core.doctype.scheduled_job_type.scheduled_job_type.run_scheduled_jo..., kwargs={'job_type': 'frappe.monitor.flush', 'scheduled_job_type': 's60ssvifus'}, method='frappe.core.doctype.scheduled_job_type.scheduled_job_type.run_scheduled_jo..., site='erpnext.localhost', user='Administrator') job in 0:00:00.273494s on worker 788fcd017c71498f9ef65546fcf28348
2025-04-22 20:47:40,548 home-rohy-evalaivr-evaluation:default: Job OK (erpnext.localhost||scheduled_job||s60ssvifus)
2025-04-22 20:47:40,548 Result is kept for 600 seconds
2025-04-22 20:47:40,557 home-rohy-evalaivr-evaluation:default: frappe.utils.background_jobs.execute_job(event=None, is_async=True, job_name='frappe.core.doctype.scheduled_job_type.scheduled_job_type.run_scheduled_jo..., kwargs={'job_type': 'frappe.utils.global_search.sync_global_search', 'scheduled_jo..., method='frappe.core.doctype.scheduled_job_type.scheduled_job_type.run_scheduled_jo..., site='erpnext.localhost', user='Administrator') (erpnext.localhost||scheduled_job||s6091q3nn9)
2025-04-22 20:47:40,836 Successfully completed frappe.utils.background_jobs.execute_job(event=None, is_async=True, job_name='frappe.core.doctype.scheduled_job_type.scheduled_job_type.run_scheduled_jo..., kwargs={'job_type': 'frappe.utils.global_search.sync_global_search', 'scheduled_jo..., method='frappe.core.doctype.scheduled_job_type.scheduled_job_type.run_scheduled_jo..., site='erpnext.localhost', user='Administrator') job in 0:00:00.264430s on worker 788fcd017c71498f9ef65546fcf28348
2025-04-22 20:47:40,838 home-rohy-evalaivr-evaluation:default: Job OK (erpnext.localhost||scheduled_job||s6091q3nn9)
2025-04-22 20:47:40,838 Result is kept for 600 seconds
2025-04-22 20:47:40,852 home-rohy-evalaivr-evaluation:default: frappe.utils.background_jobs.execute_job(event=None, is_async=True, job_name='frappe.core.doctype.scheduled_job_type.scheduled_job_type.run_scheduled_jo..., kwargs={'job_type': 'frappe.website.doctype.web_page.web_page.check_publish_status..., method='frappe.core.doctype.scheduled_job_type.scheduled_job_type.run_scheduled_jo..., site='erpnext.localhost', user='Administrator') (erpnext.localhost||scheduled_job||s609qc5grc)
2025-04-22 20:47:41,256 Successfully completed frappe.utils.background_jobs.execute_job(event=None, is_async=True, job_name='frappe.core.doctype.scheduled_job_type.scheduled_job_type.run_scheduled_jo..., kwargs={'job_type': 'frappe.website.doctype.web_page.web_page.check_publish_status..., method='frappe.core.doctype.scheduled_job_type.scheduled_job_type.run_scheduled_jo..., site='erpnext.localhost', user='Administrator') job in 0:00:00.390843s on worker 788fcd017c71498f9ef65546fcf28348
2025-04-22 20:47:41,257 home-rohy-evalaivr-evaluation:default: Job OK (erpnext.localhost||scheduled_job||s609qc5grc)
2025-04-22 20:47:41,257 Result is kept for 600 seconds
2025-04-22 20:48:00,864 home-rohy-evalaivr-evaluation:default: frappe.utils.background_jobs.execute_job(event=None, is_async=True, job_name='frappe.core.doctype.scheduled_job_type.scheduled_job_type.run_scheduled_jo..., kwargs={'job_type': 'frappe.monitor.flush', 'scheduled_job_type': 's60ssvifus'}, method='frappe.core.doctype.scheduled_job_type.scheduled_job_type.run_scheduled_jo..., site='erpnext.localhost', user='Administrator') (erpnext.localhost||scheduled_job||s60ssvifus)
2025-04-22 20:48:01,365 Successfully completed frappe.utils.background_jobs.execute_job(event=None, is_async=True, job_name='frappe.core.doctype.scheduled_job_type.scheduled_job_type.run_scheduled_jo..., kwargs={'job_type': 'frappe.monitor.flush', 'scheduled_job_type': 's60ssvifus'}, method='frappe.core.doctype.scheduled_job_type.scheduled_job_type.run_scheduled_jo..., site='erpnext.localhost', user='Administrator') job in 0:00:00.481280s on worker 788fcd017c71498f9ef65546fcf28348
2025-04-22 20:48:01,366 home-rohy-evalaivr-evaluation:default: Job OK (erpnext.localhost||scheduled_job||s60ssvifus)
2025-04-22 20:48:01,366 Result is kept for 600 seconds
2025-04-22 20:48:01,379 home-rohy-evalaivr-evaluation:default: frappe.utils.background_jobs.execute_job(event=None, is_async=True, job_name='frappe.core.doctype.scheduled_job_type.scheduled_job_type.run_scheduled_jo..., kwargs={'job_type': 'frappe.email.queue.flush', 'scheduled_job_type': 's60b9alidp'..., method='frappe.core.doctype.scheduled_job_type.scheduled_job_type.run_scheduled_jo..., site='erpnext.localhost', user='Administrator') (erpnext.localhost||scheduled_job||s60b9alidp)
2025-04-22 20:48:02,257 Successfully completed frappe.utils.background_jobs.execute_job(event=None, is_async=True, job_name='frappe.core.doctype.scheduled_job_type.scheduled_job_type.run_scheduled_jo..., kwargs={'job_type': 'frappe.email.queue.flush', 'scheduled_job_type': 's60b9alidp'..., method='frappe.core.doctype.scheduled_job_type.scheduled_job_type.run_scheduled_jo..., site='erpnext.localhost', user='Administrator') job in 0:00:00.864538s on worker 788fcd017c71498f9ef65546fcf28348
2025-04-22 20:48:02,258 home-rohy-evalaivr-evaluation:default: Job OK (erpnext.localhost||scheduled_job||s60b9alidp)
2025-04-22 20:48:02,258 Result is kept for 600 seconds
2025-04-22 20:48:02,275 home-rohy-evalaivr-evaluation:default: frappe.utils.background_jobs.execute_job(event=None, is_async=True, job_name='frappe.core.doctype.scheduled_job_type.scheduled_job_type.run_scheduled_jo..., kwargs={'job_type': 'frappe.integrations.doctype.google_calendar.google_calendar.s..., method='frappe.core.doctype.scheduled_job_type.scheduled_job_type.run_scheduled_jo..., site='erpnext.localhost', user='Administrator') (erpnext.localhost||scheduled_job||s60e2kq4sq)
2025-04-22 20:48:03,079 Successfully completed frappe.utils.background_jobs.execute_job(event=None, is_async=True, job_name='frappe.core.doctype.scheduled_job_type.scheduled_job_type.run_scheduled_jo..., kwargs={'job_type': 'frappe.integrations.doctype.google_calendar.google_calendar.s..., method='frappe.core.doctype.scheduled_job_type.scheduled_job_type.run_scheduled_jo..., site='erpnext.localhost', user='Administrator') job in 0:00:00.789604s on worker 788fcd017c71498f9ef65546fcf28348
2025-04-22 20:48:03,079 home-rohy-evalaivr-evaluation:default: Job OK (erpnext.localhost||scheduled_job||s60e2kq4sq)
2025-04-22 20:48:03,079 Result is kept for 600 seconds
2025-04-22 20:52:00,465 home-rohy-evalaivr-evaluation:default: frappe.utils.background_jobs.execute_job(event=None, is_async=True, job_name='frappe.core.doctype.scheduled_job_type.scheduled_job_type.run_scheduled_jo..., kwargs={'job_type': 'frappe.email.doctype.email_account.email_account.pull', 'sche..., method='frappe.core.doctype.scheduled_job_type.scheduled_job_type.run_scheduled_jo..., site='erpnext.localhost', user='Administrator') (erpnext.localhost||scheduled_job||s60v5h24ke)
2025-04-22 20:52:00,849 Successfully completed frappe.utils.background_jobs.execute_job(event=None, is_async=True, job_name='frappe.core.doctype.scheduled_job_type.scheduled_job_type.run_scheduled_jo..., kwargs={'job_type': 'frappe.email.doctype.email_account.email_account.pull', 'sche..., method='frappe.core.doctype.scheduled_job_type.scheduled_job_type.run_scheduled_jo..., site='erpnext.localhost', user='Administrator') job in 0:00:00.364369s on worker 788fcd017c71498f9ef65546fcf28348
2025-04-22 20:52:00,849 home-rohy-evalaivr-evaluation:default: Job OK (erpnext.localhost||scheduled_job||s60v5h24ke)
2025-04-22 20:52:00,849 Result is kept for 600 seconds
2025-04-22 20:52:00,862 home-rohy-evalaivr-evaluation:default: frappe.utils.background_jobs.execute_job(event=None, is_async=True, job_name='frappe.core.doctype.scheduled_job_type.scheduled_job_type.run_scheduled_jo..., kwargs={'job_type': 'frappe.email.queue.flush', 'scheduled_job_type': 's60b9alidp'..., method='frappe.core.doctype.scheduled_job_type.scheduled_job_type.run_scheduled_jo..., site='erpnext.localhost', user='Administrator') (erpnext.localhost||scheduled_job||s60b9alidp)
2025-04-22 20:52:01,274 Successfully completed frappe.utils.background_jobs.execute_job(event=None, is_async=True, job_name='frappe.core.doctype.scheduled_job_type.scheduled_job_type.run_scheduled_jo..., kwargs={'job_type': 'frappe.email.queue.flush', 'scheduled_job_type': 's60b9alidp'..., method='frappe.core.doctype.scheduled_job_type.scheduled_job_type.run_scheduled_jo..., site='erpnext.localhost', user='Administrator') job in 0:00:00.399063s on worker 788fcd017c71498f9ef65546fcf28348
2025-04-22 20:52:01,275 home-rohy-evalaivr-evaluation:default: Job OK (erpnext.localhost||scheduled_job||s60b9alidp)
2025-04-22 20:52:01,275 Result is kept for 600 seconds
2025-04-22 20:52:01,288 home-rohy-evalaivr-evaluation:default: frappe.utils.background_jobs.execute_job(event=None, is_async=True, job_name='frappe.core.doctype.scheduled_job_type.scheduled_job_type.run_scheduled_jo..., kwargs={'job_type': 'frappe.monitor.flush', 'scheduled_job_type': 's60ssvifus'}, method='frappe.core.doctype.scheduled_job_type.scheduled_job_type.run_scheduled_jo..., site='erpnext.localhost', user='Administrator') (erpnext.localhost||scheduled_job||s60ssvifus)
2025-04-22 20:52:01,522 Successfully completed frappe.utils.background_jobs.execute_job(event=None, is_async=True, job_name='frappe.core.doctype.scheduled_job_type.scheduled_job_type.run_scheduled_jo..., kwargs={'job_type': 'frappe.monitor.flush', 'scheduled_job_type': 's60ssvifus'}, method='frappe.core.doctype.scheduled_job_type.scheduled_job_type.run_scheduled_jo..., site='erpnext.localhost', user='Administrator') job in 0:00:00.220413s on worker 788fcd017c71498f9ef65546fcf28348
2025-04-22 20:52:01,523 home-rohy-evalaivr-evaluation:default: Job OK (erpnext.localhost||scheduled_job||s60ssvifus)
2025-04-22 20:52:01,523 Result is kept for 600 seconds
2025-04-22 20:52:01,535 home-rohy-evalaivr-evaluation:default: frappe.utils.background_jobs.execute_job(event=None, is_async=True, job_name='frappe.core.doctype.scheduled_job_type.scheduled_job_type.run_scheduled_jo..., kwargs={'job_type': 'frappe.integrations.doctype.google_calendar.google_calendar.s..., method='frappe.core.doctype.scheduled_job_type.scheduled_job_type.run_scheduled_jo..., site='erpnext.localhost', user='Administrator') (erpnext.localhost||scheduled_job||s60e2kq4sq)
2025-04-22 20:52:02,069 Successfully completed frappe.utils.background_jobs.execute_job(event=None, is_async=True, job_name='frappe.core.doctype.scheduled_job_type.scheduled_job_type.run_scheduled_jo..., kwargs={'job_type': 'frappe.integrations.doctype.google_calendar.google_calendar.s..., method='frappe.core.doctype.scheduled_job_type.scheduled_job_type.run_scheduled_jo..., site='erpnext.localhost', user='Administrator') job in 0:00:00.520782s on worker 788fcd017c71498f9ef65546fcf28348
2025-04-22 20:52:02,070 home-rohy-evalaivr-evaluation:default: Job OK (erpnext.localhost||scheduled_job||s60e2kq4sq)
2025-04-22 20:52:02,070 Result is kept for 600 seconds
2025-04-22 20:52:02,084 home-rohy-evalaivr-evaluation:default: frappe.utils.background_jobs.execute_job(event=None, is_async=True, job_name='frappe.core.doctype.scheduled_job_type.scheduled_job_type.run_scheduled_jo..., kwargs={'job_type': 'frappe.email.doctype.notification.notification.trigger_offset..., method='frappe.core.doctype.scheduled_job_type.scheduled_job_type.run_scheduled_jo..., site='erpnext.localhost', user='Administrator') (erpnext.localhost||scheduled_job||s603rpotun)
2025-04-22 20:52:02,337 Successfully completed frappe.utils.background_jobs.execute_job(event=None, is_async=True, job_name='frappe.core.doctype.scheduled_job_type.scheduled_job_type.run_scheduled_jo..., kwargs={'job_type': 'frappe.email.doctype.notification.notification.trigger_offset..., method='frappe.core.doctype.scheduled_job_type.scheduled_job_type.run_scheduled_jo..., site='erpnext.localhost', user='Administrator') job in 0:00:00.240492s on worker 788fcd017c71498f9ef65546fcf28348
2025-04-22 20:52:02,337 home-rohy-evalaivr-evaluation:default: Job OK (erpnext.localhost||scheduled_job||s603rpotun)
2025-04-22 20:52:02,338 Result is kept for 600 seconds
2025-04-22 20:55:59,941 home-rohy-evalaivr-evaluation:default: frappe.utils.background_jobs.execute_job(event=None, is_async=True, job_name='frappe.core.doctype.scheduled_job_type.scheduled_job_type.run_scheduled_jo..., kwargs={'job_type': 'frappe.email.doctype.notification.notification.trigger_offset..., method='frappe.core.doctype.scheduled_job_type.scheduled_job_type.run_scheduled_jo..., site='erpnext.localhost', user='Administrator') (erpnext.localhost||scheduled_job||s603rpotun)
2025-04-22 20:56:00,311 Successfully completed frappe.utils.background_jobs.execute_job(event=None, is_async=True, job_name='frappe.core.doctype.scheduled_job_type.scheduled_job_type.run_scheduled_jo..., kwargs={'job_type': 'frappe.email.doctype.notification.notification.trigger_offset..., method='frappe.core.doctype.scheduled_job_type.scheduled_job_type.run_scheduled_jo..., site='erpnext.localhost', user='Administrator') job in 0:00:00.353897s on worker 788fcd017c71498f9ef65546fcf28348
2025-04-22 20:56:00,311 home-rohy-evalaivr-evaluation:default: Job OK (erpnext.localhost||scheduled_job||s603rpotun)
2025-04-22 20:56:00,311 Result is kept for 600 seconds
2025-04-22 20:56:00,325 Cleaning registries for queue: home-rohy-evalaivr-evaluation:short
2025-04-22 20:56:00,338 Cleaning registries for queue: home-rohy-evalaivr-evaluation:default
2025-04-22 20:56:00,342 Cleaning registries for queue: home-rohy-evalaivr-evaluation:long
2025-04-22 20:56:00,985 home-rohy-evalaivr-evaluation:default: frappe.utils.background_jobs.execute_job(event=None, is_async=True, job_name='frappe.core.doctype.scheduled_job_type.scheduled_job_type.run_scheduled_jo..., kwargs={'job_type': 'frappe.monitor.flush', 'scheduled_job_type': 's60ssvifus'}, method='frappe.core.doctype.scheduled_job_type.scheduled_job_type.run_scheduled_jo..., site='erpnext.localhost', user='Administrator') (erpnext.localhost||scheduled_job||s60ssvifus)
2025-04-22 20:56:01,239 Successfully completed frappe.utils.background_jobs.execute_job(event=None, is_async=True, job_name='frappe.core.doctype.scheduled_job_type.scheduled_job_type.run_scheduled_jo..., kwargs={'job_type': 'frappe.monitor.flush', 'scheduled_job_type': 's60ssvifus'}, method='frappe.core.doctype.scheduled_job_type.scheduled_job_type.run_scheduled_jo..., site='erpnext.localhost', user='Administrator') job in 0:00:00.238917s on worker 788fcd017c71498f9ef65546fcf28348
2025-04-22 20:56:01,240 home-rohy-evalaivr-evaluation:default: Job OK (erpnext.localhost||scheduled_job||s60ssvifus)
2025-04-22 20:56:01,240 Result is kept for 600 seconds
2025-04-22 20:56:01,251 home-rohy-evalaivr-evaluation:default: frappe.utils.background_jobs.execute_job(event=None, is_async=True, job_name='frappe.core.doctype.scheduled_job_type.scheduled_job_type.run_scheduled_jo..., kwargs={'job_type': 'frappe.email.queue.flush', 'scheduled_job_type': 's60b9alidp'..., method='frappe.core.doctype.scheduled_job_type.scheduled_job_type.run_scheduled_jo..., site='erpnext.localhost', user='Administrator') (erpnext.localhost||scheduled_job||s60b9alidp)
2025-04-22 20:56:01,698 Successfully completed frappe.utils.background_jobs.execute_job(event=None, is_async=True, job_name='frappe.core.doctype.scheduled_job_type.scheduled_job_type.run_scheduled_jo..., kwargs={'job_type': 'frappe.email.queue.flush', 'scheduled_job_type': 's60b9alidp'..., method='frappe.core.doctype.scheduled_job_type.scheduled_job_type.run_scheduled_jo..., site='erpnext.localhost', user='Administrator') job in 0:00:00.435653s on worker 788fcd017c71498f9ef65546fcf28348
2025-04-22 20:56:01,699 home-rohy-evalaivr-evaluation:default: Job OK (erpnext.localhost||scheduled_job||s60b9alidp)
2025-04-22 20:56:01,699 Result is kept for 600 seconds
2025-04-22 20:56:01,712 home-rohy-evalaivr-evaluation:default: frappe.utils.background_jobs.execute_job(event=None, is_async=True, job_name='frappe.core.doctype.scheduled_job_type.scheduled_job_type.run_scheduled_jo..., kwargs={'job_type': 'frappe.integrations.doctype.google_calendar.google_calendar.s..., method='frappe.core.doctype.scheduled_job_type.scheduled_job_type.run_scheduled_jo..., site='erpnext.localhost', user='Administrator') (erpnext.localhost||scheduled_job||s60e2kq4sq)
2025-04-22 20:56:02,210 Successfully completed frappe.utils.background_jobs.execute_job(event=None, is_async=True, job_name='frappe.core.doctype.scheduled_job_type.scheduled_job_type.run_scheduled_jo..., kwargs={'job_type': 'frappe.integrations.doctype.google_calendar.google_calendar.s..., method='frappe.core.doctype.scheduled_job_type.scheduled_job_type.run_scheduled_jo..., site='erpnext.localhost', user='Administrator') job in 0:00:00.484835s on worker 788fcd017c71498f9ef65546fcf28348
2025-04-22 20:56:02,210 home-rohy-evalaivr-evaluation:default: Job OK (erpnext.localhost||scheduled_job||s60e2kq4sq)
2025-04-22 20:56:02,210 Result is kept for 600 seconds
2025-04-22 21:00:00,513 home-rohy-evalaivr-evaluation:default: frappe.utils.background_jobs.execute_job(event=None, is_async=True, job_name='frappe.core.doctype.scheduled_job_type.scheduled_job_type.run_scheduled_jo..., kwargs={'job_type': 'frappe.website.doctype.web_page.web_page.check_publish_status..., method='frappe.core.doctype.scheduled_job_type.scheduled_job_type.run_scheduled_jo..., site='erpnext.localhost', user='Administrator') (erpnext.localhost||scheduled_job||s609qc5grc)
2025-04-22 21:00:01,021 Successfully completed frappe.utils.background_jobs.execute_job(event=None, is_async=True, job_name='frappe.core.doctype.scheduled_job_type.scheduled_job_type.run_scheduled_jo..., kwargs={'job_type': 'frappe.website.doctype.web_page.web_page.check_publish_status..., method='frappe.core.doctype.scheduled_job_type.scheduled_job_type.run_scheduled_jo..., site='erpnext.localhost', user='Administrator') job in 0:00:00.493278s on worker 788fcd017c71498f9ef65546fcf28348
2025-04-22 21:00:01,021 home-rohy-evalaivr-evaluation:default: Job OK (erpnext.localhost||scheduled_job||s609qc5grc)
2025-04-22 21:00:01,021 Result is kept for 600 seconds
2025-04-22 21:00:01,034 home-rohy-evalaivr-evaluation:default: frappe.utils.background_jobs.execute_job(event=None, is_async=True, job_name='frappe.core.doctype.scheduled_job_type.scheduled_job_type.run_scheduled_jo..., kwargs={'job_type': 'erpnext.utilities.doctype.video.video.update_youtube_data', '..., method='frappe.core.doctype.scheduled_job_type.scheduled_job_type.run_scheduled_jo..., site='erpnext.localhost', user='Administrator') (erpnext.localhost||scheduled_job||tgspm1s388)
2025-04-22 21:00:01,723 Successfully completed frappe.utils.background_jobs.execute_job(event=None, is_async=True, job_name='frappe.core.doctype.scheduled_job_type.scheduled_job_type.run_scheduled_jo..., kwargs={'job_type': 'erpnext.utilities.doctype.video.video.update_youtube_data', '..., method='frappe.core.doctype.scheduled_job_type.scheduled_job_type.run_scheduled_jo..., site='erpnext.localhost', user='Administrator') job in 0:00:00.677017s on worker 788fcd017c71498f9ef65546fcf28348
2025-04-22 21:00:01,723 home-rohy-evalaivr-evaluation:default: Job OK (erpnext.localhost||scheduled_job||tgspm1s388)
2025-04-22 21:00:01,723 Result is kept for 600 seconds
2025-04-22 21:00:01,737 home-rohy-evalaivr-evaluation:default: frappe.utils.background_jobs.execute_job(event=None, is_async=True, job_name='frappe.core.doctype.scheduled_job_type.scheduled_job_type.run_scheduled_jo..., kwargs={'job_type': 'frappe.email.doctype.email_account.email_account.notify_unrep..., method='frappe.core.doctype.scheduled_job_type.scheduled_job_type.run_scheduled_jo..., site='erpnext.localhost', user='Administrator') (erpnext.localhost||scheduled_job||s60tvhcbpc)
2025-04-22 21:00:02,028 Successfully completed frappe.utils.background_jobs.execute_job(event=None, is_async=True, job_name='frappe.core.doctype.scheduled_job_type.scheduled_job_type.run_scheduled_jo..., kwargs={'job_type': 'frappe.email.doctype.email_account.email_account.notify_unrep..., method='frappe.core.doctype.scheduled_job_type.scheduled_job_type.run_scheduled_jo..., site='erpnext.localhost', user='Administrator') job in 0:00:00.278396s on worker 788fcd017c71498f9ef65546fcf28348
2025-04-22 21:00:02,028 home-rohy-evalaivr-evaluation:default: Job OK (erpnext.localhost||scheduled_job||s60tvhcbpc)
2025-04-22 21:00:02,029 Result is kept for 600 seconds
2025-04-22 21:00:02,041 home-rohy-evalaivr-evaluation:default: frappe.utils.background_jobs.execute_job(event=None, is_async=True, job_name='frappe.core.doctype.scheduled_job_type.scheduled_job_type.run_scheduled_jo..., kwargs={'job_type': 'frappe.monitor.flush', 'scheduled_job_type': 's60ssvifus'}, method='frappe.core.doctype.scheduled_job_type.scheduled_job_type.run_scheduled_jo..., site='erpnext.localhost', user='Administrator') (erpnext.localhost||scheduled_job||s60ssvifus)
2025-04-22 21:00:02,274 Successfully completed frappe.utils.background_jobs.execute_job(event=None, is_async=True, job_name='frappe.core.doctype.scheduled_job_type.scheduled_job_type.run_scheduled_jo..., kwargs={'job_type': 'frappe.monitor.flush', 'scheduled_job_type': 's60ssvifus'}, method='frappe.core.doctype.scheduled_job_type.scheduled_job_type.run_scheduled_jo..., site='erpnext.localhost', user='Administrator') job in 0:00:00.222081s on worker 788fcd017c71498f9ef65546fcf28348
2025-04-22 21:00:02,275 home-rohy-evalaivr-evaluation:default: Job OK (erpnext.localhost||scheduled_job||s60ssvifus)
2025-04-22 21:00:02,275 Result is kept for 600 seconds
2025-04-22 21:00:02,288 home-rohy-evalaivr-evaluation:default: frappe.utils.background_jobs.execute_job(event=None, is_async=True, job_name='frappe.core.doctype.scheduled_job_type.scheduled_job_type.run_scheduled_jo..., kwargs={'job_type': 'erpnext.projects.doctype.project.project.collect_project_stat..., method='frappe.core.doctype.scheduled_job_type.scheduled_job_type.run_scheduled_jo..., site='erpnext.localhost', user='Administrator') (erpnext.localhost||scheduled_job||tgs4o4k734)
2025-04-22 21:00:02,688 Successfully completed frappe.utils.background_jobs.execute_job(event=None, is_async=True, job_name='frappe.core.doctype.scheduled_job_type.scheduled_job_type.run_scheduled_jo..., kwargs={'job_type': 'erpnext.projects.doctype.project.project.collect_project_stat..., method='frappe.core.doctype.scheduled_job_type.scheduled_job_type.run_scheduled_jo..., site='erpnext.localhost', user='Administrator') job in 0:00:00.388330s on worker 788fcd017c71498f9ef65546fcf28348
2025-04-22 21:00:02,688 home-rohy-evalaivr-evaluation:default: Job OK (erpnext.localhost||scheduled_job||tgs4o4k734)
2025-04-22 21:00:02,688 Result is kept for 600 seconds
2025-04-22 21:00:02,702 home-rohy-evalaivr-evaluation:default: frappe.utils.background_jobs.execute_job(event=None, is_async=True, job_name='frappe.core.doctype.scheduled_job_type.scheduled_job_type.run_scheduled_jo..., kwargs={'job_type': 'frappe.oauth.delete_oauth2_data', 'scheduled_job_type': 's607..., method='frappe.core.doctype.scheduled_job_type.scheduled_job_type.run_scheduled_jo..., site='erpnext.localhost', user='Administrator') (erpnext.localhost||scheduled_job||s607u2ss9g)
2025-04-22 21:00:02,942 Successfully completed frappe.utils.background_jobs.execute_job(event=None, is_async=True, job_name='frappe.core.doctype.scheduled_job_type.scheduled_job_type.run_scheduled_jo..., kwargs={'job_type': 'frappe.oauth.delete_oauth2_data', 'scheduled_job_type': 's607..., method='frappe.core.doctype.scheduled_job_type.scheduled_job_type.run_scheduled_jo..., site='erpnext.localhost', user='Administrator') job in 0:00:00.229451s on worker 788fcd017c71498f9ef65546fcf28348
2025-04-22 21:00:02,943 home-rohy-evalaivr-evaluation:default: Job OK (erpnext.localhost||scheduled_job||s607u2ss9g)
2025-04-22 21:00:02,943 Result is kept for 600 seconds
2025-04-22 21:00:02,955 home-rohy-evalaivr-evaluation:default: frappe.utils.background_jobs.execute_job(event=None, is_async=True, job_name='frappe.core.doctype.scheduled_job_type.scheduled_job_type.run_scheduled_jo..., kwargs={'job_type': 'frappe.email.doctype.notification.notification.trigger_offset..., method='frappe.core.doctype.scheduled_job_type.scheduled_job_type.run_scheduled_jo..., site='erpnext.localhost', user='Administrator') (erpnext.localhost||scheduled_job||s603rpotun)
2025-04-22 21:00:03,209 Successfully completed frappe.utils.background_jobs.execute_job(event=None, is_async=True, job_name='frappe.core.doctype.scheduled_job_type.scheduled_job_type.run_scheduled_jo..., kwargs={'job_type': 'frappe.email.doctype.notification.notification.trigger_offset..., method='frappe.core.doctype.scheduled_job_type.scheduled_job_type.run_scheduled_jo..., site='erpnext.localhost', user='Administrator') job in 0:00:00.242437s on worker 788fcd017c71498f9ef65546fcf28348
2025-04-22 21:00:03,209 home-rohy-evalaivr-evaluation:default: Job OK (erpnext.localhost||scheduled_job||s603rpotun)
2025-04-22 21:00:03,209 Result is kept for 600 seconds
2025-04-22 21:00:03,219 home-rohy-evalaivr-evaluation:default: frappe.utils.background_jobs.execute_job(event=None, is_async=True, job_name='frappe.core.doctype.scheduled_job_type.scheduled_job_type.run_scheduled_jo..., kwargs={'job_type': 'erpnext.erpnext_integrations.doctype.plaid_settings.plaid_set..., method='frappe.core.doctype.scheduled_job_type.scheduled_job_type.run_scheduled_jo..., site='erpnext.localhost', user='Administrator') (erpnext.localhost||scheduled_job||tgsq64od4l)
2025-04-22 21:00:03,506 Successfully completed frappe.utils.background_jobs.execute_job(event=None, is_async=True, job_name='frappe.core.doctype.scheduled_job_type.scheduled_job_type.run_scheduled_jo..., kwargs={'job_type': 'erpnext.erpnext_integrations.doctype.plaid_settings.plaid_set..., method='frappe.core.doctype.scheduled_job_type.scheduled_job_type.run_scheduled_jo..., site='erpnext.localhost', user='Administrator') job in 0:00:00.275368s on worker 788fcd017c71498f9ef65546fcf28348
2025-04-22 21:00:03,506 home-rohy-evalaivr-evaluation:default: Job OK (erpnext.localhost||scheduled_job||tgsq64od4l)
2025-04-22 21:00:03,506 Result is kept for 600 seconds
2025-04-22 21:00:03,518 home-rohy-evalaivr-evaluation:default: frappe.utils.background_jobs.execute_job(event=None, is_async=True, job_name='frappe.core.doctype.scheduled_job_type.scheduled_job_type.run_scheduled_jo..., kwargs={'job_type': 'frappe.deferred_insert.save_to_db', 'scheduled_job_type': 's6..., method='frappe.core.doctype.scheduled_job_type.scheduled_job_type.run_scheduled_jo..., site='erpnext.localhost', user='Administrator') (erpnext.localhost||scheduled_job||s6065rp0ec)
2025-04-22 21:00:03,723 Successfully completed frappe.utils.background_jobs.execute_job(event=None, is_async=True, job_name='frappe.core.doctype.scheduled_job_type.scheduled_job_type.run_scheduled_jo..., kwargs={'job_type': 'frappe.deferred_insert.save_to_db', 'scheduled_job_type': 's6..., method='frappe.core.doctype.scheduled_job_type.scheduled_job_type.run_scheduled_jo..., site='erpnext.localhost', user='Administrator') job in 0:00:00.192893s on worker 788fcd017c71498f9ef65546fcf28348
2025-04-22 21:00:03,723 home-rohy-evalaivr-evaluation:default: Job OK (erpnext.localhost||scheduled_job||s6065rp0ec)
2025-04-22 21:00:03,723 Result is kept for 600 seconds
2025-04-22 21:00:03,735 home-rohy-evalaivr-evaluation:default: frappe.utils.background_jobs.execute_job(event=None, is_async=True, job_name='frappe.core.doctype.scheduled_job_type.scheduled_job_type.run_scheduled_jo..., kwargs={'job_type': 'frappe.model.utils.user_settings.sync_user_settings', 'schedu..., method='frappe.core.doctype.scheduled_job_type.scheduled_job_type.run_scheduled_jo..., site='erpnext.localhost', user='Administrator') (erpnext.localhost||scheduled_job||s605plhvkj)
2025-04-22 21:00:04,051 Successfully completed frappe.utils.background_jobs.execute_job(event=None, is_async=True, job_name='frappe.core.doctype.scheduled_job_type.scheduled_job_type.run_scheduled_jo..., kwargs={'job_type': 'frappe.model.utils.user_settings.sync_user_settings', 'schedu..., method='frappe.core.doctype.scheduled_job_type.scheduled_job_type.run_scheduled_jo..., site='erpnext.localhost', user='Administrator') job in 0:00:00.304565s on worker 788fcd017c71498f9ef65546fcf28348
2025-04-22 21:00:04,052 home-rohy-evalaivr-evaluation:default: Job OK (erpnext.localhost||scheduled_job||s605plhvkj)
2025-04-22 21:00:04,052 Result is kept for 600 seconds
2025-04-22 21:00:04,064 home-rohy-evalaivr-evaluation:default: frappe.utils.background_jobs.execute_job(event=None, is_async=True, job_name='frappe.core.doctype.scheduled_job_type.scheduled_job_type.run_scheduled_jo..., kwargs={'job_type': 'frappe.desk.form.document_follow.send_hourly_updates', 'sched..., method='frappe.core.doctype.scheduled_job_type.scheduled_job_type.run_scheduled_jo..., site='erpnext.localhost', user='Administrator') (erpnext.localhost||scheduled_job||s60s4fqf9p)
2025-04-22 21:00:04,308 Successfully completed frappe.utils.background_jobs.execute_job(event=None, is_async=True, job_name='frappe.core.doctype.scheduled_job_type.scheduled_job_type.run_scheduled_jo..., kwargs={'job_type': 'frappe.desk.form.document_follow.send_hourly_updates', 'sched..., method='frappe.core.doctype.scheduled_job_type.scheduled_job_type.run_scheduled_jo..., site='erpnext.localhost', user='Administrator') job in 0:00:00.232651s on worker 788fcd017c71498f9ef65546fcf28348
2025-04-22 21:00:04,308 home-rohy-evalaivr-evaluation:default: Job OK (erpnext.localhost||scheduled_job||s60s4fqf9p)
2025-04-22 21:00:04,308 Result is kept for 600 seconds
2025-04-22 21:00:04,319 home-rohy-evalaivr-evaluation:default: frappe.utils.background_jobs.execute_job(event=None, is_async=True, job_name='frappe.core.doctype.scheduled_job_type.scheduled_job_type.run_scheduled_jo..., kwargs={'job_type': 'frappe.email.doctype.email_account.email_account.pull', 'sche..., method='frappe.core.doctype.scheduled_job_type.scheduled_job_type.run_scheduled_jo..., site='erpnext.localhost', user='Administrator') (erpnext.localhost||scheduled_job||s60v5h24ke)
2025-04-22 21:00:04,571 Successfully completed frappe.utils.background_jobs.execute_job(event=None, is_async=True, job_name='frappe.core.doctype.scheduled_job_type.scheduled_job_type.run_scheduled_jo..., kwargs={'job_type': 'frappe.email.doctype.email_account.email_account.pull', 'sche..., method='frappe.core.doctype.scheduled_job_type.scheduled_job_type.run_scheduled_jo..., site='erpnext.localhost', user='Administrator') job in 0:00:00.239543s on worker 788fcd017c71498f9ef65546fcf28348
2025-04-22 21:00:04,571 home-rohy-evalaivr-evaluation:default: Job OK (erpnext.localhost||scheduled_job||s60v5h24ke)
2025-04-22 21:00:04,571 Result is kept for 600 seconds
2025-04-22 21:00:04,595 home-rohy-evalaivr-evaluation:default: frappe.utils.background_jobs.execute_job(event=None, is_async=True, job_name='frappe.core.doctype.scheduled_job_type.scheduled_job_type.run_scheduled_jo..., kwargs={'job_type': 'frappe.email.doctype.newsletter.newsletter.send_scheduled_ema..., method='frappe.core.doctype.scheduled_job_type.scheduled_job_type.run_scheduled_jo..., site='erpnext.localhost', user='Administrator') (erpnext.localhost||scheduled_job||s60i57jue2)
2025-04-22 21:00:05,010 Successfully completed frappe.utils.background_jobs.execute_job(event=None, is_async=True, job_name='frappe.core.doctype.scheduled_job_type.scheduled_job_type.run_scheduled_jo..., kwargs={'job_type': 'frappe.email.doctype.newsletter.newsletter.send_scheduled_ema..., method='frappe.core.doctype.scheduled_job_type.scheduled_job_type.run_scheduled_jo..., site='erpnext.localhost', user='Administrator') job in 0:00:00.402952s on worker 788fcd017c71498f9ef65546fcf28348
2025-04-22 21:00:05,010 home-rohy-evalaivr-evaluation:default: Job OK (erpnext.localhost||scheduled_job||s60i57jue2)
2025-04-22 21:00:05,011 Result is kept for 600 seconds
2025-04-22 21:00:05,024 home-rohy-evalaivr-evaluation:default: frappe.utils.background_jobs.execute_job(event=None, is_async=True, job_name='frappe.core.doctype.scheduled_job_type.scheduled_job_type.run_scheduled_jo..., kwargs={'job_type': 'frappe.website.doctype.personal_data_deletion_request.persona..., method='frappe.core.doctype.scheduled_job_type.scheduled_job_type.run_scheduled_jo..., site='erpnext.localhost', user='Administrator') (erpnext.localhost||scheduled_job||s60gv7ka84)
2025-04-22 21:00:05,319 Successfully completed frappe.utils.background_jobs.execute_job(event=None, is_async=True, job_name='frappe.core.doctype.scheduled_job_type.scheduled_job_type.run_scheduled_jo..., kwargs={'job_type': 'frappe.website.doctype.personal_data_deletion_request.persona..., method='frappe.core.doctype.scheduled_job_type.scheduled_job_type.run_scheduled_jo..., site='erpnext.localhost', user='Administrator') job in 0:00:00.283228s on worker 788fcd017c71498f9ef65546fcf28348
2025-04-22 21:00:05,319 home-rohy-evalaivr-evaluation:default: Job OK (erpnext.localhost||scheduled_job||s60gv7ka84)
2025-04-22 21:00:05,319 Result is kept for 600 seconds
2025-04-22 21:00:05,330 home-rohy-evalaivr-evaluation:default: frappe.utils.background_jobs.execute_job(event=None, is_async=True, job_name='frappe.core.doctype.scheduled_job_type.scheduled_job_type.run_scheduled_jo..., kwargs={'job_type': 'frappe.integrations.doctype.google_calendar.google_calendar.s..., method='frappe.core.doctype.scheduled_job_type.scheduled_job_type.run_scheduled_jo..., site='erpnext.localhost', user='Administrator') (erpnext.localhost||scheduled_job||s60e2kq4sq)
2025-04-22 21:00:05,784 Successfully completed frappe.utils.background_jobs.execute_job(event=None, is_async=True, job_name='frappe.core.doctype.scheduled_job_type.scheduled_job_type.run_scheduled_jo..., kwargs={'job_type': 'frappe.integrations.doctype.google_calendar.google_calendar.s..., method='frappe.core.doctype.scheduled_job_type.scheduled_job_type.run_scheduled_jo..., site='erpnext.localhost', user='Administrator') job in 0:00:00.441556s on worker 788fcd017c71498f9ef65546fcf28348
2025-04-22 21:00:05,784 home-rohy-evalaivr-evaluation:default: Job OK (erpnext.localhost||scheduled_job||s60e2kq4sq)
2025-04-22 21:00:05,784 Result is kept for 600 seconds
2025-04-22 21:00:05,798 home-rohy-evalaivr-evaluation:default: frappe.utils.background_jobs.execute_job(event=None, is_async=True, job_name='frappe.core.doctype.scheduled_job_type.scheduled_job_type.run_scheduled_jo..., kwargs={'job_type': 'erpnext.manufacturing.doctype.bom_update_log.bom_update_log.r..., method='frappe.core.doctype.scheduled_job_type.scheduled_job_type.run_scheduled_jo..., site='erpnext.localhost', user='Administrator') (erpnext.localhost||scheduled_job||tgsg535gbe)
2025-04-22 21:00:06,089 Successfully completed frappe.utils.background_jobs.execute_job(event=None, is_async=True, job_name='frappe.core.doctype.scheduled_job_type.scheduled_job_type.run_scheduled_jo..., kwargs={'job_type': 'erpnext.manufacturing.doctype.bom_update_log.bom_update_log.r..., method='frappe.core.doctype.scheduled_job_type.scheduled_job_type.run_scheduled_jo..., site='erpnext.localhost', user='Administrator') job in 0:00:00.279199s on worker 788fcd017c71498f9ef65546fcf28348
2025-04-22 21:00:06,090 home-rohy-evalaivr-evaluation:default: Job OK (erpnext.localhost||scheduled_job||tgsg535gbe)
2025-04-22 21:00:06,090 Result is kept for 600 seconds
2025-04-22 21:00:06,103 home-rohy-evalaivr-evaluation:default: frappe.utils.background_jobs.execute_job(event=None, is_async=True, job_name='frappe.core.doctype.scheduled_job_type.scheduled_job_type.run_scheduled_jo..., kwargs={'job_type': 'frappe.desk.page.backups.backups.delete_downloadable_backups'..., method='frappe.core.doctype.scheduled_job_type.scheduled_job_type.run_scheduled_jo..., site='erpnext.localhost', user='Administrator') (erpnext.localhost||scheduled_job||s60eklalh1)
2025-04-22 21:00:06,372 Successfully completed frappe.utils.background_jobs.execute_job(event=None, is_async=True, job_name='frappe.core.doctype.scheduled_job_type.scheduled_job_type.run_scheduled_jo..., kwargs={'job_type': 'frappe.desk.page.backups.backups.delete_downloadable_backups'..., method='frappe.core.doctype.scheduled_job_type.scheduled_job_type.run_scheduled_jo..., site='erpnext.localhost', user='Administrator') job in 0:00:00.256843s on worker 788fcd017c71498f9ef65546fcf28348
2025-04-22 21:00:06,373 home-rohy-evalaivr-evaluation:default: Job OK (erpnext.localhost||scheduled_job||s60eklalh1)
2025-04-22 21:00:06,373 Result is kept for 600 seconds
2025-04-22 21:00:06,387 home-rohy-evalaivr-evaluation:default: frappe.utils.background_jobs.execute_job(event=None, is_async=True, job_name='frappe.core.doctype.scheduled_job_type.scheduled_job_type.run_scheduled_jo..., kwargs={'job_type': 'frappe.email.queue.flush', 'scheduled_job_type': 's60b9alidp'..., method='frappe.core.doctype.scheduled_job_type.scheduled_job_type.run_scheduled_jo..., site='erpnext.localhost', user='Administrator') (erpnext.localhost||scheduled_job||s60b9alidp)
2025-04-22 21:00:06,772 Successfully completed frappe.utils.background_jobs.execute_job(event=None, is_async=True, job_name='frappe.core.doctype.scheduled_job_type.scheduled_job_type.run_scheduled_jo..., kwargs={'job_type': 'frappe.email.queue.flush', 'scheduled_job_type': 's60b9alidp'..., method='frappe.core.doctype.scheduled_job_type.scheduled_job_type.run_scheduled_jo..., site='erpnext.localhost', user='Administrator') job in 0:00:00.371675s on worker 788fcd017c71498f9ef65546fcf28348
2025-04-22 21:00:06,772 home-rohy-evalaivr-evaluation:default: Job OK (erpnext.localhost||scheduled_job||s60b9alidp)
2025-04-22 21:00:06,772 Result is kept for 600 seconds
2025-04-22 21:00:06,784 home-rohy-evalaivr-evaluation:default: frappe.utils.background_jobs.execute_job(event=None, is_async=True, job_name='frappe.core.doctype.scheduled_job_type.scheduled_job_type.run_scheduled_jo..., kwargs={'job_type': 'frappe.twofactor.delete_all_barcodes_for_users', 'scheduled_j..., method='frappe.core.doctype.scheduled_job_type.scheduled_job_type.run_scheduled_jo..., site='erpnext.localhost', user='Administrator') (erpnext.localhost||scheduled_job||s606f3j3k3)
2025-04-22 21:00:07,053 Successfully completed frappe.utils.background_jobs.execute_job(event=None, is_async=True, job_name='frappe.core.doctype.scheduled_job_type.scheduled_job_type.run_scheduled_jo..., kwargs={'job_type': 'frappe.twofactor.delete_all_barcodes_for_users', 'scheduled_j..., method='frappe.core.doctype.scheduled_job_type.scheduled_job_type.run_scheduled_jo..., site='erpnext.localhost', user='Administrator') job in 0:00:00.257279s on worker 788fcd017c71498f9ef65546fcf28348
2025-04-22 21:00:07,053 home-rohy-evalaivr-evaluation:default: Job OK (erpnext.localhost||scheduled_job||s606f3j3k3)
2025-04-22 21:00:07,054 Result is kept for 600 seconds
2025-04-22 21:00:07,067 home-rohy-evalaivr-evaluation:default: frappe.utils.background_jobs.execute_job(event=None, is_async=True, job_name='frappe.core.doctype.scheduled_job_type.scheduled_job_type.run_scheduled_jo..., kwargs={'job_type': 'frappe.model.utils.link_count.update_link_count', 'scheduled_..., method='frappe.core.doctype.scheduled_job_type.scheduled_job_type.run_scheduled_jo..., site='erpnext.localhost', user='Administrator') (erpnext.localhost||scheduled_job||s608b5ancb)
2025-04-22 21:00:07,318 Successfully completed frappe.utils.background_jobs.execute_job(event=None, is_async=True, job_name='frappe.core.doctype.scheduled_job_type.scheduled_job_type.run_scheduled_jo..., kwargs={'job_type': 'frappe.model.utils.link_count.update_link_count', 'scheduled_..., method='frappe.core.doctype.scheduled_job_type.scheduled_job_type.run_scheduled_jo..., site='erpnext.localhost', user='Administrator') job in 0:00:00.235260s on worker 788fcd017c71498f9ef65546fcf28348
2025-04-22 21:00:07,319 home-rohy-evalaivr-evaluation:default: Job OK (erpnext.localhost||scheduled_job||s608b5ancb)
2025-04-22 21:00:07,319 Result is kept for 600 seconds
2025-04-22 21:00:07,333 home-rohy-evalaivr-evaluation:default: frappe.utils.background_jobs.execute_job(event=None, is_async=True, job_name='frappe.core.doctype.scheduled_job_type.scheduled_job_type.run_scheduled_jo..., kwargs={'job_type': 'erpnext.projects.doctype.project.project.hourly_reminder', 's..., method='frappe.core.doctype.scheduled_job_type.scheduled_job_type.run_scheduled_jo..., site='erpnext.localhost', user='Administrator') (erpnext.localhost||scheduled_job||tgsn011kqd)
2025-04-22 21:00:07,617 Successfully completed frappe.utils.background_jobs.execute_job(event=None, is_async=True, job_name='frappe.core.doctype.scheduled_job_type.scheduled_job_type.run_scheduled_jo..., kwargs={'job_type': 'erpnext.projects.doctype.project.project.hourly_reminder', 's..., method='frappe.core.doctype.scheduled_job_type.scheduled_job_type.run_scheduled_jo..., site='erpnext.localhost', user='Administrator') job in 0:00:00.272723s on worker 788fcd017c71498f9ef65546fcf28348
2025-04-22 21:00:07,618 home-rohy-evalaivr-evaluation:default: Job OK (erpnext.localhost||scheduled_job||tgsn011kqd)
2025-04-22 21:00:07,618 Result is kept for 600 seconds
2025-04-22 21:00:07,628 home-rohy-evalaivr-evaluation:default: frappe.utils.background_jobs.execute_job(event=None, is_async=True, job_name='frappe.core.doctype.scheduled_job_type.scheduled_job_type.run_scheduled_jo..., kwargs={'job_type': 'erpnext.projects.doctype.project.project.project_status_updat..., method='frappe.core.doctype.scheduled_job_type.scheduled_job_type.run_scheduled_jo..., site='erpnext.localhost', user='Administrator') (erpnext.localhost||scheduled_job||tgsqk4bptv)
2025-04-22 21:00:07,929 Successfully completed frappe.utils.background_jobs.execute_job(event=None, is_async=True, job_name='frappe.core.doctype.scheduled_job_type.scheduled_job_type.run_scheduled_jo..., kwargs={'job_type': 'erpnext.projects.doctype.project.project.project_status_updat..., method='frappe.core.doctype.scheduled_job_type.scheduled_job_type.run_scheduled_jo..., site='erpnext.localhost', user='Administrator') job in 0:00:00.289070s on worker 788fcd017c71498f9ef65546fcf28348
2025-04-22 21:00:07,929 home-rohy-evalaivr-evaluation:default: Job OK (erpnext.localhost||scheduled_job||tgsqk4bptv)
2025-04-22 21:00:07,929 Result is kept for 600 seconds
2025-04-22 21:00:07,940 home-rohy-evalaivr-evaluation:default: frappe.utils.background_jobs.execute_job(event=None, is_async=True, job_name='frappe.core.doctype.scheduled_job_type.scheduled_job_type.run_scheduled_jo..., kwargs={'job_type': 'frappe.automation.doctype.reminder.reminder.send_reminders', ..., method='frappe.core.doctype.scheduled_job_type.scheduled_job_type.run_scheduled_jo..., site='erpnext.localhost', user='Administrator') (erpnext.localhost||scheduled_job||s60860egc9)
2025-04-22 21:00:08,231 Successfully completed frappe.utils.background_jobs.execute_job(event=None, is_async=True, job_name='frappe.core.doctype.scheduled_job_type.scheduled_job_type.run_scheduled_jo..., kwargs={'job_type': 'frappe.automation.doctype.reminder.reminder.send_reminders', ..., method='frappe.core.doctype.scheduled_job_type.scheduled_job_type.run_scheduled_jo..., site='erpnext.localhost', user='Administrator') job in 0:00:00.278659s on worker 788fcd017c71498f9ef65546fcf28348
2025-04-22 21:00:08,231 home-rohy-evalaivr-evaluation:default: Job OK (erpnext.localhost||scheduled_job||s60860egc9)
2025-04-22 21:00:08,231 Result is kept for 600 seconds
2025-04-22 21:00:08,240 home-rohy-evalaivr-evaluation:default: frappe.utils.background_jobs.execute_job(event=None, is_async=True, job_name='frappe.core.doctype.scheduled_job_type.scheduled_job_type.run_scheduled_jo..., kwargs={'job_type': 'frappe.utils.global_search.sync_global_search', 'scheduled_jo..., method='frappe.core.doctype.scheduled_job_type.scheduled_job_type.run_scheduled_jo..., site='erpnext.localhost', user='Administrator') (erpnext.localhost||scheduled_job||s6091q3nn9)
2025-04-22 21:00:08,481 Successfully completed frappe.utils.background_jobs.execute_job(event=None, is_async=True, job_name='frappe.core.doctype.scheduled_job_type.scheduled_job_type.run_scheduled_jo..., kwargs={'job_type': 'frappe.utils.global_search.sync_global_search', 'scheduled_jo..., method='frappe.core.doctype.scheduled_job_type.scheduled_job_type.run_scheduled_jo..., site='erpnext.localhost', user='Administrator') job in 0:00:00.230842s on worker 788fcd017c71498f9ef65546fcf28348
2025-04-22 21:00:08,482 home-rohy-evalaivr-evaluation:default: Job OK (erpnext.localhost||scheduled_job||s6091q3nn9)
2025-04-22 21:00:08,482 Result is kept for 600 seconds
2025-04-22 21:04:00,008 home-rohy-evalaivr-evaluation:default: frappe.utils.background_jobs.execute_job(event=None, is_async=True, job_name='frappe.core.doctype.scheduled_job_type.scheduled_job_type.run_scheduled_jo..., kwargs={'job_type': 'frappe.integrations.doctype.google_calendar.google_calendar.s..., method='frappe.core.doctype.scheduled_job_type.scheduled_job_type.run_scheduled_jo..., site='erpnext.localhost', user='Administrator') (erpnext.localhost||scheduled_job||s60e2kq4sq)
2025-04-22 21:04:00,632 Successfully completed frappe.utils.background_jobs.execute_job(event=None, is_async=True, job_name='frappe.core.doctype.scheduled_job_type.scheduled_job_type.run_scheduled_jo..., kwargs={'job_type': 'frappe.integrations.doctype.google_calendar.google_calendar.s..., method='frappe.core.doctype.scheduled_job_type.scheduled_job_type.run_scheduled_jo..., site='erpnext.localhost', user='Administrator') job in 0:00:00.609468s on worker 788fcd017c71498f9ef65546fcf28348
2025-04-22 21:04:00,632 home-rohy-evalaivr-evaluation:default: Job OK (erpnext.localhost||scheduled_job||s60e2kq4sq)
2025-04-22 21:04:00,632 Result is kept for 600 seconds
2025-04-22 21:04:00,644 home-rohy-evalaivr-evaluation:default: frappe.utils.background_jobs.execute_job(event=None, is_async=True, job_name='frappe.core.doctype.scheduled_job_type.scheduled_job_type.run_scheduled_jo..., kwargs={'job_type': 'frappe.monitor.flush', 'scheduled_job_type': 's60ssvifus'}, method='frappe.core.doctype.scheduled_job_type.scheduled_job_type.run_scheduled_jo..., site='erpnext.localhost', user='Administrator') (erpnext.localhost||scheduled_job||s60ssvifus)
2025-04-22 21:04:00,857 Successfully completed frappe.utils.background_jobs.execute_job(event=None, is_async=True, job_name='frappe.core.doctype.scheduled_job_type.scheduled_job_type.run_scheduled_jo..., kwargs={'job_type': 'frappe.monitor.flush', 'scheduled_job_type': 's60ssvifus'}, method='frappe.core.doctype.scheduled_job_type.scheduled_job_type.run_scheduled_jo..., site='erpnext.localhost', user='Administrator') job in 0:00:00.201763s on worker 788fcd017c71498f9ef65546fcf28348
2025-04-22 21:04:00,857 home-rohy-evalaivr-evaluation:default: Job OK (erpnext.localhost||scheduled_job||s60ssvifus)
2025-04-22 21:04:00,857 Result is kept for 600 seconds
2025-04-22 21:04:00,868 home-rohy-evalaivr-evaluation:long: frappe.utils.background_jobs.execute_job(event=None, is_async=True, job_name='frappe.core.doctype.scheduled_job_type.scheduled_job_type.run_scheduled_jo..., kwargs={'job_type': 'erpnext.utilities.bulk_transaction.retry', 'scheduled_job_typ..., method='frappe.core.doctype.scheduled_job_type.scheduled_job_type.run_scheduled_jo..., site='erpnext.localhost', user='Administrator') (erpnext.localhost||scheduled_job||tgv8dg7hqb)
2025-04-22 21:04:01,139 Successfully completed frappe.utils.background_jobs.execute_job(event=None, is_async=True, job_name='frappe.core.doctype.scheduled_job_type.scheduled_job_type.run_scheduled_jo..., kwargs={'job_type': 'erpnext.utilities.bulk_transaction.retry', 'scheduled_job_typ..., method='frappe.core.doctype.scheduled_job_type.scheduled_job_type.run_scheduled_jo..., site='erpnext.localhost', user='Administrator') job in 0:00:00.261083s on worker 788fcd017c71498f9ef65546fcf28348
2025-04-22 21:04:01,140 home-rohy-evalaivr-evaluation:long: Job OK (erpnext.localhost||scheduled_job||tgv8dg7hqb)
2025-04-22 21:04:01,140 Result is kept for 600 seconds
2025-04-22 21:07:59,387 home-rohy-evalaivr-evaluation:long: frappe.utils.background_jobs.execute_job(event=None, is_async=True, job_name='frappe.core.doctype.scheduled_job_type.scheduled_job_type.run_scheduled_jo..., kwargs={'job_type': 'erpnext.stock.doctype.repost_item_valuation.repost_item_valua..., method='frappe.core.doctype.scheduled_job_type.scheduled_job_type.run_scheduled_jo..., site='erpnext.localhost', user='Administrator') (erpnext.localhost||scheduled_job||tgvgbvpl46)
2025-04-22 21:07:59,841 Successfully completed frappe.utils.background_jobs.execute_job(event=None, is_async=True, job_name='frappe.core.doctype.scheduled_job_type.scheduled_job_type.run_scheduled_jo..., kwargs={'job_type': 'erpnext.stock.doctype.repost_item_valuation.repost_item_valua..., method='frappe.core.doctype.scheduled_job_type.scheduled_job_type.run_scheduled_jo..., site='erpnext.localhost', user='Administrator') job in 0:00:00.437794s on worker 788fcd017c71498f9ef65546fcf28348
2025-04-22 21:07:59,841 home-rohy-evalaivr-evaluation:long: Job OK (erpnext.localhost||scheduled_job||tgvgbvpl46)
2025-04-22 21:07:59,842 Result is kept for 600 seconds
2025-04-22 21:07:59,853 Cleaning registries for queue: home-rohy-evalaivr-evaluation:short
2025-04-22 21:07:59,857 Cleaning registries for queue: home-rohy-evalaivr-evaluation:default
2025-04-22 21:07:59,861 Cleaning registries for queue: home-rohy-evalaivr-evaluation:long
2025-04-22 21:07:59,867 home-rohy-evalaivr-evaluation:default: frappe.utils.background_jobs.execute_job(event=None, is_async=True, job_name='frappe.core.doctype.scheduled_job_type.scheduled_job_type.run_scheduled_jo..., kwargs={'job_type': 'frappe.email.queue.flush', 'scheduled_job_type': 's60b9alidp'..., method='frappe.core.doctype.scheduled_job_type.scheduled_job_type.run_scheduled_jo..., site='erpnext.localhost', user='Administrator') (erpnext.localhost||scheduled_job||s60b9alidp)
2025-04-22 21:08:00,340 Successfully completed frappe.utils.background_jobs.execute_job(event=None, is_async=True, job_name='frappe.core.doctype.scheduled_job_type.scheduled_job_type.run_scheduled_jo..., kwargs={'job_type': 'frappe.email.queue.flush', 'scheduled_job_type': 's60b9alidp'..., method='frappe.core.doctype.scheduled_job_type.scheduled_job_type.run_scheduled_jo..., site='erpnext.localhost', user='Administrator') job in 0:00:00.458712s on worker 788fcd017c71498f9ef65546fcf28348
2025-04-22 21:08:00,341 home-rohy-evalaivr-evaluation:default: Job OK (erpnext.localhost||scheduled_job||s60b9alidp)
2025-04-22 21:08:00,341 Result is kept for 600 seconds
2025-04-22 21:08:00,354 home-rohy-evalaivr-evaluation:default: frappe.utils.background_jobs.execute_job(event=None, is_async=True, job_name='frappe.core.doctype.scheduled_job_type.scheduled_job_type.run_scheduled_jo..., kwargs={'job_type': 'frappe.email.doctype.notification.notification.trigger_offset..., method='frappe.core.doctype.scheduled_job_type.scheduled_job_type.run_scheduled_jo..., site='erpnext.localhost', user='Administrator') (erpnext.localhost||scheduled_job||s603rpotun)
2025-04-22 21:08:00,681 Successfully completed frappe.utils.background_jobs.execute_job(event=None, is_async=True, job_name='frappe.core.doctype.scheduled_job_type.scheduled_job_type.run_scheduled_jo..., kwargs={'job_type': 'frappe.email.doctype.notification.notification.trigger_offset..., method='frappe.core.doctype.scheduled_job_type.scheduled_job_type.run_scheduled_jo..., site='erpnext.localhost', user='Administrator') job in 0:00:00.315212s on worker 788fcd017c71498f9ef65546fcf28348
2025-04-22 21:08:00,682 home-rohy-evalaivr-evaluation:default: Job OK (erpnext.localhost||scheduled_job||s603rpotun)
2025-04-22 21:08:00,682 Result is kept for 600 seconds
2025-04-22 21:08:00,694 home-rohy-evalaivr-evaluation:default: frappe.utils.background_jobs.execute_job(event=None, is_async=True, job_name='frappe.core.doctype.scheduled_job_type.scheduled_job_type.run_scheduled_jo..., kwargs={'job_type': 'frappe.monitor.flush', 'scheduled_job_type': 's60ssvifus'}, method='frappe.core.doctype.scheduled_job_type.scheduled_job_type.run_scheduled_jo..., site='erpnext.localhost', user='Administrator') (erpnext.localhost||scheduled_job||s60ssvifus)
2025-04-22 21:08:01,040 Successfully completed frappe.utils.background_jobs.execute_job(event=None, is_async=True, job_name='frappe.core.doctype.scheduled_job_type.scheduled_job_type.run_scheduled_jo..., kwargs={'job_type': 'frappe.monitor.flush', 'scheduled_job_type': 's60ssvifus'}, method='frappe.core.doctype.scheduled_job_type.scheduled_job_type.run_scheduled_jo..., site='erpnext.localhost', user='Administrator') job in 0:00:00.326832s on worker 788fcd017c71498f9ef65546fcf28348
2025-04-22 21:08:01,041 home-rohy-evalaivr-evaluation:default: Job OK (erpnext.localhost||scheduled_job||s60ssvifus)
2025-04-22 21:08:01,043 Result is kept for 600 seconds
2025-04-22 21:08:01,057 home-rohy-evalaivr-evaluation:default: frappe.utils.background_jobs.execute_job(event=None, is_async=True, job_name='frappe.core.doctype.scheduled_job_type.scheduled_job_type.run_scheduled_jo..., kwargs={'job_type': 'frappe.integrations.doctype.google_calendar.google_calendar.s..., method='frappe.core.doctype.scheduled_job_type.scheduled_job_type.run_scheduled_jo..., site='erpnext.localhost', user='Administrator') (erpnext.localhost||scheduled_job||s60e2kq4sq)
2025-04-22 21:08:02,974 Successfully completed frappe.utils.background_jobs.execute_job(event=None, is_async=True, job_name='frappe.core.doctype.scheduled_job_type.scheduled_job_type.run_scheduled_jo..., kwargs={'job_type': 'frappe.integrations.doctype.google_calendar.google_calendar.s..., method='frappe.core.doctype.scheduled_job_type.scheduled_job_type.run_scheduled_jo..., site='erpnext.localhost', user='Administrator') job in 0:00:01.875710s on worker 788fcd017c71498f9ef65546fcf28348
2025-04-22 21:08:02,975 home-rohy-evalaivr-evaluation:default: Job OK (erpnext.localhost||scheduled_job||s60e2kq4sq)
2025-04-22 21:08:02,975 Result is kept for 600 seconds
2025-04-22 21:12:00,731 home-rohy-evalaivr-evaluation:default: frappe.utils.background_jobs.execute_job(event=None, is_async=True, job_name='frappe.core.doctype.scheduled_job_type.scheduled_job_type.run_scheduled_jo..., kwargs={'job_type': 'frappe.integrations.doctype.google_calendar.google_calendar.s..., method='frappe.core.doctype.scheduled_job_type.scheduled_job_type.run_scheduled_jo..., site='erpnext.localhost', user='Administrator') (erpnext.localhost||scheduled_job||s60e2kq4sq)
2025-04-22 21:12:02,406 Successfully completed frappe.utils.background_jobs.execute_job(event=None, is_async=True, job_name='frappe.core.doctype.scheduled_job_type.scheduled_job_type.run_scheduled_jo..., kwargs={'job_type': 'frappe.integrations.doctype.google_calendar.google_calendar.s..., method='frappe.core.doctype.scheduled_job_type.scheduled_job_type.run_scheduled_jo..., site='erpnext.localhost', user='Administrator') job in 0:00:01.478758s on worker 788fcd017c71498f9ef65546fcf28348
2025-04-22 21:12:02,406 home-rohy-evalaivr-evaluation:default: Job OK (erpnext.localhost||scheduled_job||s60e2kq4sq)
2025-04-22 21:12:02,406 Result is kept for 600 seconds
2025-04-22 21:12:02,437 home-rohy-evalaivr-evaluation:default: frappe.utils.background_jobs.execute_job(event=None, is_async=True, job_name='frappe.core.doctype.scheduled_job_type.scheduled_job_type.run_scheduled_jo..., kwargs={'job_type': 'frappe.email.doctype.notification.notification.trigger_offset..., method='frappe.core.doctype.scheduled_job_type.scheduled_job_type.run_scheduled_jo..., site='erpnext.localhost', user='Administrator') (erpnext.localhost||scheduled_job||s603rpotun)
2025-04-22 21:12:02,706 Successfully completed frappe.utils.background_jobs.execute_job(event=None, is_async=True, job_name='frappe.core.doctype.scheduled_job_type.scheduled_job_type.run_scheduled_jo..., kwargs={'job_type': 'frappe.email.doctype.notification.notification.trigger_offset..., method='frappe.core.doctype.scheduled_job_type.scheduled_job_type.run_scheduled_jo..., site='erpnext.localhost', user='Administrator') job in 0:00:00.252929s on worker 788fcd017c71498f9ef65546fcf28348
2025-04-22 21:12:02,706 home-rohy-evalaivr-evaluation:default: Job OK (erpnext.localhost||scheduled_job||s603rpotun)
2025-04-22 21:12:02,707 Result is kept for 600 seconds
2025-04-22 21:12:02,719 home-rohy-evalaivr-evaluation:default: frappe.utils.background_jobs.execute_job(event=None, is_async=True, job_name='frappe.core.doctype.scheduled_job_type.scheduled_job_type.run_scheduled_jo..., kwargs={'job_type': 'frappe.email.queue.flush', 'scheduled_job_type': 's60b9alidp'..., method='frappe.core.doctype.scheduled_job_type.scheduled_job_type.run_scheduled_jo..., site='erpnext.localhost', user='Administrator') (erpnext.localhost||scheduled_job||s60b9alidp)
2025-04-22 21:12:03,149 Successfully completed frappe.utils.background_jobs.execute_job(event=None, is_async=True, job_name='frappe.core.doctype.scheduled_job_type.scheduled_job_type.run_scheduled_jo..., kwargs={'job_type': 'frappe.email.queue.flush', 'scheduled_job_type': 's60b9alidp'..., method='frappe.core.doctype.scheduled_job_type.scheduled_job_type.run_scheduled_jo..., site='erpnext.localhost', user='Administrator') job in 0:00:00.417443s on worker 788fcd017c71498f9ef65546fcf28348
2025-04-22 21:12:03,150 home-rohy-evalaivr-evaluation:default: Job OK (erpnext.localhost||scheduled_job||s60b9alidp)
2025-04-22 21:12:03,150 Result is kept for 600 seconds
2025-04-22 21:12:03,162 home-rohy-evalaivr-evaluation:default: frappe.utils.background_jobs.execute_job(event=None, is_async=True, job_name='frappe.core.doctype.scheduled_job_type.scheduled_job_type.run_scheduled_jo..., kwargs={'job_type': 'frappe.email.doctype.email_account.email_account.pull', 'sche..., method='frappe.core.doctype.scheduled_job_type.scheduled_job_type.run_scheduled_jo..., site='erpnext.localhost', user='Administrator') (erpnext.localhost||scheduled_job||s60v5h24ke)
2025-04-22 21:12:03,442 Successfully completed frappe.utils.background_jobs.execute_job(event=None, is_async=True, job_name='frappe.core.doctype.scheduled_job_type.scheduled_job_type.run_scheduled_jo..., kwargs={'job_type': 'frappe.email.doctype.email_account.email_account.pull', 'sche..., method='frappe.core.doctype.scheduled_job_type.scheduled_job_type.run_scheduled_jo..., site='erpnext.localhost', user='Administrator') job in 0:00:00.265454s on worker 788fcd017c71498f9ef65546fcf28348
2025-04-22 21:12:03,443 home-rohy-evalaivr-evaluation:default: Job OK (erpnext.localhost||scheduled_job||s60v5h24ke)
2025-04-22 21:12:03,443 Result is kept for 600 seconds
2025-04-22 21:12:03,454 home-rohy-evalaivr-evaluation:default: frappe.utils.background_jobs.execute_job(event=None, is_async=True, job_name='frappe.core.doctype.scheduled_job_type.scheduled_job_type.run_scheduled_jo..., kwargs={'job_type': 'frappe.monitor.flush', 'scheduled_job_type': 's60ssvifus'}, method='frappe.core.doctype.scheduled_job_type.scheduled_job_type.run_scheduled_jo..., site='erpnext.localhost', user='Administrator') (erpnext.localhost||scheduled_job||s60ssvifus)
2025-04-22 21:12:03,712 Successfully completed frappe.utils.background_jobs.execute_job(event=None, is_async=True, job_name='frappe.core.doctype.scheduled_job_type.scheduled_job_type.run_scheduled_jo..., kwargs={'job_type': 'frappe.monitor.flush', 'scheduled_job_type': 's60ssvifus'}, method='frappe.core.doctype.scheduled_job_type.scheduled_job_type.run_scheduled_jo..., site='erpnext.localhost', user='Administrator') job in 0:00:00.244818s on worker 788fcd017c71498f9ef65546fcf28348
2025-04-22 21:12:03,712 home-rohy-evalaivr-evaluation:default: Job OK (erpnext.localhost||scheduled_job||s60ssvifus)
2025-04-22 21:12:03,713 Result is kept for 600 seconds
2025-04-22 21:16:00,209 home-rohy-evalaivr-evaluation:default: frappe.utils.background_jobs.execute_job(event=None, is_async=True, job_name='frappe.core.doctype.scheduled_job_type.scheduled_job_type.run_scheduled_jo..., kwargs={'job_type': 'frappe.integrations.doctype.google_calendar.google_calendar.s..., method='frappe.core.doctype.scheduled_job_type.scheduled_job_type.run_scheduled_jo..., site='erpnext.localhost', user='Administrator') (erpnext.localhost||scheduled_job||s60e2kq4sq)
2025-04-22 21:16:00,709 Successfully completed frappe.utils.background_jobs.execute_job(event=None, is_async=True, job_name='frappe.core.doctype.scheduled_job_type.scheduled_job_type.run_scheduled_jo..., kwargs={'job_type': 'frappe.integrations.doctype.google_calendar.google_calendar.s..., method='frappe.core.doctype.scheduled_job_type.scheduled_job_type.run_scheduled_jo..., site='erpnext.localhost', user='Administrator') job in 0:00:00.481652s on worker 788fcd017c71498f9ef65546fcf28348
2025-04-22 21:16:00,710 home-rohy-evalaivr-evaluation:default: Job OK (erpnext.localhost||scheduled_job||s60e2kq4sq)
2025-04-22 21:16:00,710 Result is kept for 600 seconds
2025-04-22 21:16:00,727 home-rohy-evalaivr-evaluation:default: frappe.utils.background_jobs.execute_job(event=None, is_async=True, job_name='frappe.core.doctype.scheduled_job_type.scheduled_job_type.run_scheduled_jo..., kwargs={'job_type': 'frappe.twofactor.delete_all_barcodes_for_users', 'scheduled_j..., method='frappe.core.doctype.scheduled_job_type.scheduled_job_type.run_scheduled_jo..., site='erpnext.localhost', user='Administrator') (erpnext.localhost||scheduled_job||s606f3j3k3)
2025-04-22 21:16:01,090 Successfully completed frappe.utils.background_jobs.execute_job(event=None, is_async=True, job_name='frappe.core.doctype.scheduled_job_type.scheduled_job_type.run_scheduled_jo..., kwargs={'job_type': 'frappe.twofactor.delete_all_barcodes_for_users', 'scheduled_j..., method='frappe.core.doctype.scheduled_job_type.scheduled_job_type.run_scheduled_jo..., site='erpnext.localhost', user='Administrator') job in 0:00:00.351027s on worker 788fcd017c71498f9ef65546fcf28348
2025-04-22 21:16:01,091 home-rohy-evalaivr-evaluation:default: Job OK (erpnext.localhost||scheduled_job||s606f3j3k3)
2025-04-22 21:16:01,091 Result is kept for 600 seconds
2025-04-22 21:16:01,105 home-rohy-evalaivr-evaluation:default: frappe.utils.background_jobs.execute_job(event=None, is_async=True, job_name='frappe.core.doctype.scheduled_job_type.scheduled_job_type.run_scheduled_jo..., kwargs={'job_type': 'frappe.deferred_insert.save_to_db', 'scheduled_job_type': 's6..., method='frappe.core.doctype.scheduled_job_type.scheduled_job_type.run_scheduled_jo..., site='erpnext.localhost', user='Administrator') (erpnext.localhost||scheduled_job||s6065rp0ec)
2025-04-22 21:16:01,531 Successfully completed frappe.utils.background_jobs.execute_job(event=None, is_async=True, job_name='frappe.core.doctype.scheduled_job_type.scheduled_job_type.run_scheduled_jo..., kwargs={'job_type': 'frappe.deferred_insert.save_to_db', 'scheduled_job_type': 's6..., method='frappe.core.doctype.scheduled_job_type.scheduled_job_type.run_scheduled_jo..., site='erpnext.localhost', user='Administrator') job in 0:00:00.413297s on worker 788fcd017c71498f9ef65546fcf28348
2025-04-22 21:16:01,532 home-rohy-evalaivr-evaluation:default: Job OK (erpnext.localhost||scheduled_job||s6065rp0ec)
2025-04-22 21:16:01,532 Result is kept for 600 seconds
2025-04-22 21:16:01,547 home-rohy-evalaivr-evaluation:default: frappe.utils.background_jobs.execute_job(event=None, is_async=True, job_name='frappe.core.doctype.scheduled_job_type.scheduled_job_type.run_scheduled_jo..., kwargs={'job_type': 'frappe.email.doctype.notification.notification.trigger_offset..., method='frappe.core.doctype.scheduled_job_type.scheduled_job_type.run_scheduled_jo..., site='erpnext.localhost', user='Administrator') (erpnext.localhost||scheduled_job||s603rpotun)
2025-04-22 21:16:01,834 Successfully completed frappe.utils.background_jobs.execute_job(event=None, is_async=True, job_name='frappe.core.doctype.scheduled_job_type.scheduled_job_type.run_scheduled_jo..., kwargs={'job_type': 'frappe.email.doctype.notification.notification.trigger_offset..., method='frappe.core.doctype.scheduled_job_type.scheduled_job_type.run_scheduled_jo..., site='erpnext.localhost', user='Administrator') job in 0:00:00.275184s on worker 788fcd017c71498f9ef65546fcf28348
2025-04-22 21:16:01,835 home-rohy-evalaivr-evaluation:default: Job OK (erpnext.localhost||scheduled_job||s603rpotun)
2025-04-22 21:16:01,835 Result is kept for 600 seconds
2025-04-22 21:16:01,846 home-rohy-evalaivr-evaluation:default: frappe.utils.background_jobs.execute_job(event=None, is_async=True, job_name='frappe.core.doctype.scheduled_job_type.scheduled_job_type.run_scheduled_jo..., kwargs={'job_type': 'frappe.utils.global_search.sync_global_search', 'scheduled_jo..., method='frappe.core.doctype.scheduled_job_type.scheduled_job_type.run_scheduled_jo..., site='erpnext.localhost', user='Administrator') (erpnext.localhost||scheduled_job||s6091q3nn9)
2025-04-22 21:16:02,099 Successfully completed frappe.utils.background_jobs.execute_job(event=None, is_async=True, job_name='frappe.core.doctype.scheduled_job_type.scheduled_job_type.run_scheduled_jo..., kwargs={'job_type': 'frappe.utils.global_search.sync_global_search', 'scheduled_jo..., method='frappe.core.doctype.scheduled_job_type.scheduled_job_type.run_scheduled_jo..., site='erpnext.localhost', user='Administrator') job in 0:00:00.239483s on worker 788fcd017c71498f9ef65546fcf28348
2025-04-22 21:16:02,100 home-rohy-evalaivr-evaluation:default: Job OK (erpnext.localhost||scheduled_job||s6091q3nn9)
2025-04-22 21:16:02,100 Result is kept for 600 seconds
2025-04-22 21:16:02,112 home-rohy-evalaivr-evaluation:default: frappe.utils.background_jobs.execute_job(event=None, is_async=True, job_name='frappe.core.doctype.scheduled_job_type.scheduled_job_type.run_scheduled_jo..., kwargs={'job_type': 'frappe.email.queue.flush', 'scheduled_job_type': 's60b9alidp'..., method='frappe.core.doctype.scheduled_job_type.scheduled_job_type.run_scheduled_jo..., site='erpnext.localhost', user='Administrator') (erpnext.localhost||scheduled_job||s60b9alidp)
2025-04-22 21:16:02,521 Successfully completed frappe.utils.background_jobs.execute_job(event=None, is_async=True, job_name='frappe.core.doctype.scheduled_job_type.scheduled_job_type.run_scheduled_jo..., kwargs={'job_type': 'frappe.email.queue.flush', 'scheduled_job_type': 's60b9alidp'..., method='frappe.core.doctype.scheduled_job_type.scheduled_job_type.run_scheduled_jo..., site='erpnext.localhost', user='Administrator') job in 0:00:00.397398s on worker 788fcd017c71498f9ef65546fcf28348
2025-04-22 21:16:02,521 home-rohy-evalaivr-evaluation:default: Job OK (erpnext.localhost||scheduled_job||s60b9alidp)
2025-04-22 21:16:02,521 Result is kept for 600 seconds
2025-04-22 21:16:02,537 home-rohy-evalaivr-evaluation:default: frappe.utils.background_jobs.execute_job(event=None, is_async=True, job_name='frappe.core.doctype.scheduled_job_type.scheduled_job_type.run_scheduled_jo..., kwargs={'job_type': 'frappe.monitor.flush', 'scheduled_job_type': 's60ssvifus'}, method='frappe.core.doctype.scheduled_job_type.scheduled_job_type.run_scheduled_jo..., site='erpnext.localhost', user='Administrator') (erpnext.localhost||scheduled_job||s60ssvifus)
2025-04-22 21:16:02,803 Successfully completed frappe.utils.background_jobs.execute_job(event=None, is_async=True, job_name='frappe.core.doctype.scheduled_job_type.scheduled_job_type.run_scheduled_jo..., kwargs={'job_type': 'frappe.monitor.flush', 'scheduled_job_type': 's60ssvifus'}, method='frappe.core.doctype.scheduled_job_type.scheduled_job_type.run_scheduled_jo..., site='erpnext.localhost', user='Administrator') job in 0:00:00.253845s on worker 788fcd017c71498f9ef65546fcf28348
2025-04-22 21:16:02,804 home-rohy-evalaivr-evaluation:default: Job OK (erpnext.localhost||scheduled_job||s60ssvifus)
2025-04-22 21:16:02,804 Result is kept for 600 seconds
2025-04-22 21:16:02,816 home-rohy-evalaivr-evaluation:default: frappe.utils.background_jobs.execute_job(event=None, is_async=True, job_name='frappe.core.doctype.scheduled_job_type.scheduled_job_type.run_scheduled_jo..., kwargs={'job_type': 'frappe.automation.doctype.reminder.reminder.send_reminders', ..., method='frappe.core.doctype.scheduled_job_type.scheduled_job_type.run_scheduled_jo..., site='erpnext.localhost', user='Administrator') (erpnext.localhost||scheduled_job||s60860egc9)
2025-04-22 21:16:03,165 Successfully completed frappe.utils.background_jobs.execute_job(event=None, is_async=True, job_name='frappe.core.doctype.scheduled_job_type.scheduled_job_type.run_scheduled_jo..., kwargs={'job_type': 'frappe.automation.doctype.reminder.reminder.send_reminders', ..., method='frappe.core.doctype.scheduled_job_type.scheduled_job_type.run_scheduled_jo..., site='erpnext.localhost', user='Administrator') job in 0:00:00.335029s on worker 788fcd017c71498f9ef65546fcf28348
2025-04-22 21:16:03,165 home-rohy-evalaivr-evaluation:default: Job OK (erpnext.localhost||scheduled_job||s60860egc9)
2025-04-22 21:16:03,166 Result is kept for 600 seconds
2025-04-22 21:16:03,181 home-rohy-evalaivr-evaluation:default: frappe.utils.background_jobs.execute_job(event=None, is_async=True, job_name='frappe.core.doctype.scheduled_job_type.scheduled_job_type.run_scheduled_jo..., kwargs={'job_type': 'frappe.email.doctype.email_account.email_account.notify_unrep..., method='frappe.core.doctype.scheduled_job_type.scheduled_job_type.run_scheduled_jo..., site='erpnext.localhost', user='Administrator') (erpnext.localhost||scheduled_job||s60tvhcbpc)
2025-04-22 21:16:03,577 Successfully completed frappe.utils.background_jobs.execute_job(event=None, is_async=True, job_name='frappe.core.doctype.scheduled_job_type.scheduled_job_type.run_scheduled_jo..., kwargs={'job_type': 'frappe.email.doctype.email_account.email_account.notify_unrep..., method='frappe.core.doctype.scheduled_job_type.scheduled_job_type.run_scheduled_jo..., site='erpnext.localhost', user='Administrator') job in 0:00:00.383832s on worker 788fcd017c71498f9ef65546fcf28348
2025-04-22 21:16:03,578 home-rohy-evalaivr-evaluation:default: Job OK (erpnext.localhost||scheduled_job||s60tvhcbpc)
2025-04-22 21:16:03,578 Result is kept for 600 seconds
2025-04-22 21:16:03,589 home-rohy-evalaivr-evaluation:default: frappe.utils.background_jobs.execute_job(event=None, is_async=True, job_name='frappe.core.doctype.scheduled_job_type.scheduled_job_type.run_scheduled_jo..., kwargs={'job_type': 'frappe.website.doctype.web_page.web_page.check_publish_status..., method='frappe.core.doctype.scheduled_job_type.scheduled_job_type.run_scheduled_jo..., site='erpnext.localhost', user='Administrator') (erpnext.localhost||scheduled_job||s609qc5grc)
2025-04-22 21:16:04,039 Successfully completed frappe.utils.background_jobs.execute_job(event=None, is_async=True, job_name='frappe.core.doctype.scheduled_job_type.scheduled_job_type.run_scheduled_jo..., kwargs={'job_type': 'frappe.website.doctype.web_page.web_page.check_publish_status..., method='frappe.core.doctype.scheduled_job_type.scheduled_job_type.run_scheduled_jo..., site='erpnext.localhost', user='Administrator') job in 0:00:00.439060s on worker 788fcd017c71498f9ef65546fcf28348
2025-04-22 21:16:04,039 home-rohy-evalaivr-evaluation:default: Job OK (erpnext.localhost||scheduled_job||s609qc5grc)
2025-04-22 21:16:04,040 Result is kept for 600 seconds
2025-04-22 21:16:04,052 home-rohy-evalaivr-evaluation:default: frappe.utils.background_jobs.execute_job(event=None, is_async=True, job_name='frappe.core.doctype.scheduled_job_type.scheduled_job_type.run_scheduled_jo..., kwargs={'job_type': 'frappe.oauth.delete_oauth2_data', 'scheduled_job_type': 's607..., method='frappe.core.doctype.scheduled_job_type.scheduled_job_type.run_scheduled_jo..., site='erpnext.localhost', user='Administrator') (erpnext.localhost||scheduled_job||s607u2ss9g)
2025-04-22 21:16:04,340 Successfully completed frappe.utils.background_jobs.execute_job(event=None, is_async=True, job_name='frappe.core.doctype.scheduled_job_type.scheduled_job_type.run_scheduled_jo..., kwargs={'job_type': 'frappe.oauth.delete_oauth2_data', 'scheduled_job_type': 's607..., method='frappe.core.doctype.scheduled_job_type.scheduled_job_type.run_scheduled_jo..., site='erpnext.localhost', user='Administrator') job in 0:00:00.276339s on worker 788fcd017c71498f9ef65546fcf28348
2025-04-22 21:16:04,340 home-rohy-evalaivr-evaluation:default: Job OK (erpnext.localhost||scheduled_job||s607u2ss9g)
2025-04-22 21:16:04,340 Result is kept for 600 seconds
2025-04-22 21:16:04,353 home-rohy-evalaivr-evaluation:default: frappe.utils.background_jobs.execute_job(event=None, is_async=True, job_name='frappe.core.doctype.scheduled_job_type.scheduled_job_type.run_scheduled_jo..., kwargs={'job_type': 'erpnext.manufacturing.doctype.bom_update_log.bom_update_log.r..., method='frappe.core.doctype.scheduled_job_type.scheduled_job_type.run_scheduled_jo..., site='erpnext.localhost', user='Administrator') (erpnext.localhost||scheduled_job||tgsg535gbe)
2025-04-22 21:16:04,613 Successfully completed frappe.utils.background_jobs.execute_job(event=None, is_async=True, job_name='frappe.core.doctype.scheduled_job_type.scheduled_job_type.run_scheduled_jo..., kwargs={'job_type': 'erpnext.manufacturing.doctype.bom_update_log.bom_update_log.r..., method='frappe.core.doctype.scheduled_job_type.scheduled_job_type.run_scheduled_jo..., site='erpnext.localhost', user='Administrator') job in 0:00:00.248667s on worker 788fcd017c71498f9ef65546fcf28348
2025-04-22 21:16:04,613 home-rohy-evalaivr-evaluation:default: Job OK (erpnext.localhost||scheduled_job||tgsg535gbe)
2025-04-22 21:16:04,614 Result is kept for 600 seconds
2025-04-22 21:20:00,487 home-rohy-evalaivr-evaluation:default: frappe.utils.background_jobs.execute_job(event=None, is_async=True, job_name='frappe.core.doctype.scheduled_job_type.scheduled_job_type.run_scheduled_jo..., kwargs={'job_type': 'frappe.monitor.flush', 'scheduled_job_type': 's60ssvifus'}, method='frappe.core.doctype.scheduled_job_type.scheduled_job_type.run_scheduled_jo..., site='erpnext.localhost', user='Administrator') (erpnext.localhost||scheduled_job||s60ssvifus)
2025-04-22 21:20:00,759 Successfully completed frappe.utils.background_jobs.execute_job(event=None, is_async=True, job_name='frappe.core.doctype.scheduled_job_type.scheduled_job_type.run_scheduled_jo..., kwargs={'job_type': 'frappe.monitor.flush', 'scheduled_job_type': 's60ssvifus'}, method='frappe.core.doctype.scheduled_job_type.scheduled_job_type.run_scheduled_jo..., site='erpnext.localhost', user='Administrator') job in 0:00:00.257713s on worker 788fcd017c71498f9ef65546fcf28348
2025-04-22 21:20:00,759 home-rohy-evalaivr-evaluation:default: Job OK (erpnext.localhost||scheduled_job||s60ssvifus)
2025-04-22 21:20:00,759 Result is kept for 600 seconds
2025-04-22 21:20:00,772 Cleaning registries for queue: home-rohy-evalaivr-evaluation:short
2025-04-22 21:20:00,786 Cleaning registries for queue: home-rohy-evalaivr-evaluation:default
2025-04-22 21:20:00,789 Cleaning registries for queue: home-rohy-evalaivr-evaluation:long
2025-04-22 21:20:00,795 home-rohy-evalaivr-evaluation:default: frappe.utils.background_jobs.execute_job(event=None, is_async=True, job_name='frappe.core.doctype.scheduled_job_type.scheduled_job_type.run_scheduled_jo..., kwargs={'job_type': 'frappe.email.doctype.notification.notification.trigger_offset..., method='frappe.core.doctype.scheduled_job_type.scheduled_job_type.run_scheduled_jo..., site='erpnext.localhost', user='Administrator') (erpnext.localhost||scheduled_job||s603rpotun)
2025-04-22 21:20:01,025 Successfully completed frappe.utils.background_jobs.execute_job(event=None, is_async=True, job_name='frappe.core.doctype.scheduled_job_type.scheduled_job_type.run_scheduled_jo..., kwargs={'job_type': 'frappe.email.doctype.notification.notification.trigger_offset..., method='frappe.core.doctype.scheduled_job_type.scheduled_job_type.run_scheduled_jo..., site='erpnext.localhost', user='Administrator') job in 0:00:00.218543s on worker 788fcd017c71498f9ef65546fcf28348
2025-04-22 21:20:01,025 home-rohy-evalaivr-evaluation:default: Job OK (erpnext.localhost||scheduled_job||s603rpotun)
2025-04-22 21:20:01,025 Result is kept for 600 seconds
2025-04-22 21:20:01,037 home-rohy-evalaivr-evaluation:default: frappe.utils.background_jobs.execute_job(event=None, is_async=True, job_name='frappe.core.doctype.scheduled_job_type.scheduled_job_type.run_scheduled_jo..., kwargs={'job_type': 'frappe.integrations.doctype.google_calendar.google_calendar.s..., method='frappe.core.doctype.scheduled_job_type.scheduled_job_type.run_scheduled_jo..., site='erpnext.localhost', user='Administrator') (erpnext.localhost||scheduled_job||s60e2kq4sq)
2025-04-22 21:20:01,540 Successfully completed frappe.utils.background_jobs.execute_job(event=None, is_async=True, job_name='frappe.core.doctype.scheduled_job_type.scheduled_job_type.run_scheduled_jo..., kwargs={'job_type': 'frappe.integrations.doctype.google_calendar.google_calendar.s..., method='frappe.core.doctype.scheduled_job_type.scheduled_job_type.run_scheduled_jo..., site='erpnext.localhost', user='Administrator') job in 0:00:00.491141s on worker 788fcd017c71498f9ef65546fcf28348
2025-04-22 21:20:01,541 home-rohy-evalaivr-evaluation:default: Job OK (erpnext.localhost||scheduled_job||s60e2kq4sq)
2025-04-22 21:20:01,541 Result is kept for 600 seconds
2025-04-22 21:20:01,554 home-rohy-evalaivr-evaluation:default: frappe.utils.background_jobs.execute_job(event=None, is_async=True, job_name='frappe.core.doctype.scheduled_job_type.scheduled_job_type.run_scheduled_jo..., kwargs={'job_type': 'frappe.email.queue.flush', 'scheduled_job_type': 's60b9alidp'..., method='frappe.core.doctype.scheduled_job_type.scheduled_job_type.run_scheduled_jo..., site='erpnext.localhost', user='Administrator') (erpnext.localhost||scheduled_job||s60b9alidp)
2025-04-22 21:20:02,117 Successfully completed frappe.utils.background_jobs.execute_job(event=None, is_async=True, job_name='frappe.core.doctype.scheduled_job_type.scheduled_job_type.run_scheduled_jo..., kwargs={'job_type': 'frappe.email.queue.flush', 'scheduled_job_type': 's60b9alidp'..., method='frappe.core.doctype.scheduled_job_type.scheduled_job_type.run_scheduled_jo..., site='erpnext.localhost', user='Administrator') job in 0:00:00.551679s on worker 788fcd017c71498f9ef65546fcf28348
2025-04-22 21:20:02,118 home-rohy-evalaivr-evaluation:default: Job OK (erpnext.localhost||scheduled_job||s60b9alidp)
2025-04-22 21:20:02,118 Result is kept for 600 seconds
2025-04-22 21:20:02,130 home-rohy-evalaivr-evaluation:default: frappe.utils.background_jobs.execute_job(event=None, is_async=True, job_name='frappe.core.doctype.scheduled_job_type.scheduled_job_type.run_scheduled_jo..., kwargs={'job_type': 'frappe.email.doctype.email_account.email_account.pull', 'sche..., method='frappe.core.doctype.scheduled_job_type.scheduled_job_type.run_scheduled_jo..., site='erpnext.localhost', user='Administrator') (erpnext.localhost||scheduled_job||s60v5h24ke)
2025-04-22 21:20:02,432 Successfully completed frappe.utils.background_jobs.execute_job(event=None, is_async=True, job_name='frappe.core.doctype.scheduled_job_type.scheduled_job_type.run_scheduled_jo..., kwargs={'job_type': 'frappe.email.doctype.email_account.email_account.pull', 'sche..., method='frappe.core.doctype.scheduled_job_type.scheduled_job_type.run_scheduled_jo..., site='erpnext.localhost', user='Administrator') job in 0:00:00.288840s on worker 788fcd017c71498f9ef65546fcf28348
2025-04-22 21:20:02,432 home-rohy-evalaivr-evaluation:default: Job OK (erpnext.localhost||scheduled_job||s60v5h24ke)
2025-04-22 21:20:02,432 Result is kept for 600 seconds
2025-04-22 21:24:00,903 home-rohy-evalaivr-evaluation:default: frappe.utils.background_jobs.execute_job(event=None, is_async=True, job_name='frappe.core.doctype.scheduled_job_type.scheduled_job_type.run_scheduled_jo..., kwargs={'job_type': 'frappe.integrations.doctype.google_calendar.google_calendar.s..., method='frappe.core.doctype.scheduled_job_type.scheduled_job_type.run_scheduled_jo..., site='erpnext.localhost', user='Administrator') (erpnext.localhost||scheduled_job||s60e2kq4sq)
2025-04-22 21:24:01,458 Successfully completed frappe.utils.background_jobs.execute_job(event=None, is_async=True, job_name='frappe.core.doctype.scheduled_job_type.scheduled_job_type.run_scheduled_jo..., kwargs={'job_type': 'frappe.integrations.doctype.google_calendar.google_calendar.s..., method='frappe.core.doctype.scheduled_job_type.scheduled_job_type.run_scheduled_jo..., site='erpnext.localhost', user='Administrator') job in 0:00:00.537717s on worker 788fcd017c71498f9ef65546fcf28348
2025-04-22 21:24:01,459 home-rohy-evalaivr-evaluation:default: Job OK (erpnext.localhost||scheduled_job||s60e2kq4sq)
2025-04-22 21:24:01,460 Result is kept for 600 seconds
2025-04-22 21:24:01,475 home-rohy-evalaivr-evaluation:default: frappe.utils.background_jobs.execute_job(event=None, is_async=True, job_name='frappe.core.doctype.scheduled_job_type.scheduled_job_type.run_scheduled_jo..., kwargs={'job_type': 'frappe.email.queue.flush', 'scheduled_job_type': 's60b9alidp'..., method='frappe.core.doctype.scheduled_job_type.scheduled_job_type.run_scheduled_jo..., site='erpnext.localhost', user='Administrator') (erpnext.localhost||scheduled_job||s60b9alidp)
2025-04-22 21:24:01,852 Successfully completed frappe.utils.background_jobs.execute_job(event=None, is_async=True, job_name='frappe.core.doctype.scheduled_job_type.scheduled_job_type.run_scheduled_jo..., kwargs={'job_type': 'frappe.email.queue.flush', 'scheduled_job_type': 's60b9alidp'..., method='frappe.core.doctype.scheduled_job_type.scheduled_job_type.run_scheduled_jo..., site='erpnext.localhost', user='Administrator') job in 0:00:00.357085s on worker 788fcd017c71498f9ef65546fcf28348
2025-04-22 21:24:01,852 home-rohy-evalaivr-evaluation:default: Job OK (erpnext.localhost||scheduled_job||s60b9alidp)
2025-04-22 21:24:01,852 Result is kept for 600 seconds
2025-04-22 21:24:01,866 home-rohy-evalaivr-evaluation:default: frappe.utils.background_jobs.execute_job(event=None, is_async=True, job_name='frappe.core.doctype.scheduled_job_type.scheduled_job_type.run_scheduled_jo..., kwargs={'job_type': 'frappe.monitor.flush', 'scheduled_job_type': 's60ssvifus'}, method='frappe.core.doctype.scheduled_job_type.scheduled_job_type.run_scheduled_jo..., site='erpnext.localhost', user='Administrator') (erpnext.localhost||scheduled_job||s60ssvifus)
2025-04-22 21:24:02,094 Successfully completed frappe.utils.background_jobs.execute_job(event=None, is_async=True, job_name='frappe.core.doctype.scheduled_job_type.scheduled_job_type.run_scheduled_jo..., kwargs={'job_type': 'frappe.monitor.flush', 'scheduled_job_type': 's60ssvifus'}, method='frappe.core.doctype.scheduled_job_type.scheduled_job_type.run_scheduled_jo..., site='erpnext.localhost', user='Administrator') job in 0:00:00.216092s on worker 788fcd017c71498f9ef65546fcf28348
2025-04-22 21:24:02,094 home-rohy-evalaivr-evaluation:default: Job OK (erpnext.localhost||scheduled_job||s60ssvifus)
2025-04-22 21:24:02,094 Result is kept for 600 seconds
2025-04-22 21:28:28,037 home-rohy-evalaivr-evaluation:default: frappe.utils.background_jobs.execute_job(event=None, is_async=True, job_name='frappe.core.doctype.scheduled_job_type.scheduled_job_type.run_scheduled_jo..., kwargs={'job_type': 'frappe.email.queue.flush', 'scheduled_job_type': 's60b9alidp'..., method='frappe.core.doctype.scheduled_job_type.scheduled_job_type.run_scheduled_jo..., site='erpnext.localhost', user='Administrator') (erpnext.localhost||scheduled_job||s60b9alidp)
2025-04-22 21:28:28,684 Successfully completed frappe.utils.background_jobs.execute_job(event=None, is_async=True, job_name='frappe.core.doctype.scheduled_job_type.scheduled_job_type.run_scheduled_jo..., kwargs={'job_type': 'frappe.email.queue.flush', 'scheduled_job_type': 's60b9alidp'..., method='frappe.core.doctype.scheduled_job_type.scheduled_job_type.run_scheduled_jo..., site='erpnext.localhost', user='Administrator') job in 0:00:00.613917s on worker 788fcd017c71498f9ef65546fcf28348
2025-04-22 21:28:28,685 home-rohy-evalaivr-evaluation:default: Job OK (erpnext.localhost||scheduled_job||s60b9alidp)
2025-04-22 21:28:28,685 Result is kept for 600 seconds
2025-04-22 21:28:28,698 home-rohy-evalaivr-evaluation:default: frappe.utils.background_jobs.execute_job(event=None, is_async=True, job_name='frappe.core.doctype.scheduled_job_type.scheduled_job_type.run_scheduled_jo..., kwargs={'job_type': 'frappe.integrations.doctype.google_calendar.google_calendar.s..., method='frappe.core.doctype.scheduled_job_type.scheduled_job_type.run_scheduled_jo..., site='erpnext.localhost', user='Administrator') (erpnext.localhost||scheduled_job||s60e2kq4sq)
2025-04-22 21:28:29,362 Successfully completed frappe.utils.background_jobs.execute_job(event=None, is_async=True, job_name='frappe.core.doctype.scheduled_job_type.scheduled_job_type.run_scheduled_jo..., kwargs={'job_type': 'frappe.integrations.doctype.google_calendar.google_calendar.s..., method='frappe.core.doctype.scheduled_job_type.scheduled_job_type.run_scheduled_jo..., site='erpnext.localhost', user='Administrator') job in 0:00:00.650147s on worker 788fcd017c71498f9ef65546fcf28348
2025-04-22 21:28:29,362 home-rohy-evalaivr-evaluation:default: Job OK (erpnext.localhost||scheduled_job||s60e2kq4sq)
2025-04-22 21:28:29,362 Result is kept for 600 seconds
2025-04-22 21:28:29,377 home-rohy-evalaivr-evaluation:default: frappe.utils.background_jobs.execute_job(event=None, is_async=True, job_name='frappe.core.doctype.scheduled_job_type.scheduled_job_type.run_scheduled_jo..., kwargs={'job_type': 'frappe.email.doctype.notification.notification.trigger_offset..., method='frappe.core.doctype.scheduled_job_type.scheduled_job_type.run_scheduled_jo..., site='erpnext.localhost', user='Administrator') (erpnext.localhost||scheduled_job||s603rpotun)
2025-04-22 21:28:29,643 Successfully completed frappe.utils.background_jobs.execute_job(event=None, is_async=True, job_name='frappe.core.doctype.scheduled_job_type.scheduled_job_type.run_scheduled_jo..., kwargs={'job_type': 'frappe.email.doctype.notification.notification.trigger_offset..., method='frappe.core.doctype.scheduled_job_type.scheduled_job_type.run_scheduled_jo..., site='erpnext.localhost', user='Administrator') job in 0:00:00.253835s on worker 788fcd017c71498f9ef65546fcf28348
2025-04-22 21:28:29,644 home-rohy-evalaivr-evaluation:default: Job OK (erpnext.localhost||scheduled_job||s603rpotun)
2025-04-22 21:28:29,644 Result is kept for 600 seconds
2025-04-22 21:28:29,655 home-rohy-evalaivr-evaluation:default: frappe.utils.background_jobs.execute_job(event=None, is_async=True, job_name='frappe.core.doctype.scheduled_job_type.scheduled_job_type.run_scheduled_jo..., kwargs={'job_type': 'frappe.monitor.flush', 'scheduled_job_type': 's60ssvifus'}, method='frappe.core.doctype.scheduled_job_type.scheduled_job_type.run_scheduled_jo..., site='erpnext.localhost', user='Administrator') (erpnext.localhost||scheduled_job||s60ssvifus)
2025-04-22 21:28:29,910 Successfully completed frappe.utils.background_jobs.execute_job(event=None, is_async=True, job_name='frappe.core.doctype.scheduled_job_type.scheduled_job_type.run_scheduled_jo..., kwargs={'job_type': 'frappe.monitor.flush', 'scheduled_job_type': 's60ssvifus'}, method='frappe.core.doctype.scheduled_job_type.scheduled_job_type.run_scheduled_jo..., site='erpnext.localhost', user='Administrator') job in 0:00:00.241484s on worker 788fcd017c71498f9ef65546fcf28348
2025-04-22 21:28:29,911 home-rohy-evalaivr-evaluation:default: Job OK (erpnext.localhost||scheduled_job||s60ssvifus)
2025-04-22 21:28:29,911 Result is kept for 600 seconds
2025-04-22 21:31:59,124 home-rohy-evalaivr-evaluation:default: frappe.utils.background_jobs.execute_job(event=None, is_async=True, job_name='frappe.core.doctype.scheduled_job_type.scheduled_job_type.run_scheduled_jo..., kwargs={'job_type': 'erpnext.manufacturing.doctype.bom_update_log.bom_update_log.r..., method='frappe.core.doctype.scheduled_job_type.scheduled_job_type.run_scheduled_jo..., site='erpnext.localhost', user='Administrator') (erpnext.localhost||scheduled_job||tgsg535gbe)
2025-04-22 21:31:59,594 Successfully completed frappe.utils.background_jobs.execute_job(event=None, is_async=True, job_name='frappe.core.doctype.scheduled_job_type.scheduled_job_type.run_scheduled_jo..., kwargs={'job_type': 'erpnext.manufacturing.doctype.bom_update_log.bom_update_log.r..., method='frappe.core.doctype.scheduled_job_type.scheduled_job_type.run_scheduled_jo..., site='erpnext.localhost', user='Administrator') job in 0:00:00.437728s on worker 788fcd017c71498f9ef65546fcf28348
2025-04-22 21:31:59,594 home-rohy-evalaivr-evaluation:default: Job OK (erpnext.localhost||scheduled_job||tgsg535gbe)
2025-04-22 21:31:59,594 Result is kept for 600 seconds
2025-04-22 21:31:59,606 Cleaning registries for queue: home-rohy-evalaivr-evaluation:short
2025-04-22 21:31:59,615 Cleaning registries for queue: home-rohy-evalaivr-evaluation:default
2025-04-22 21:31:59,619 Cleaning registries for queue: home-rohy-evalaivr-evaluation:long
2025-04-22 21:31:59,626 home-rohy-evalaivr-evaluation:default: frappe.utils.background_jobs.execute_job(event=None, is_async=True, job_name='frappe.core.doctype.scheduled_job_type.scheduled_job_type.run_scheduled_jo..., kwargs={'job_type': 'frappe.core.doctype.prepared_report.prepared_report.expire_st..., method='frappe.core.doctype.scheduled_job_type.scheduled_job_type.run_scheduled_jo..., site='erpnext.localhost', user='Administrator') (erpnext.localhost||scheduled_job||s608d12rfr)
2025-04-22 21:32:00,118 Successfully completed frappe.utils.background_jobs.execute_job(event=None, is_async=True, job_name='frappe.core.doctype.scheduled_job_type.scheduled_job_type.run_scheduled_jo..., kwargs={'job_type': 'frappe.core.doctype.prepared_report.prepared_report.expire_st..., method='frappe.core.doctype.scheduled_job_type.scheduled_job_type.run_scheduled_jo..., site='erpnext.localhost', user='Administrator') job in 0:00:00.480916s on worker 788fcd017c71498f9ef65546fcf28348
2025-04-22 21:32:00,119 home-rohy-evalaivr-evaluation:default: Job OK (erpnext.localhost||scheduled_job||s608d12rfr)
2025-04-22 21:32:00,119 Result is kept for 600 seconds
2025-04-22 21:32:00,130 home-rohy-evalaivr-evaluation:default: frappe.utils.background_jobs.execute_job(event=None, is_async=True, job_name='frappe.core.doctype.scheduled_job_type.scheduled_job_type.run_scheduled_jo..., kwargs={'job_type': 'frappe.email.doctype.email_account.email_account.pull', 'sche..., method='frappe.core.doctype.scheduled_job_type.scheduled_job_type.run_scheduled_jo..., site='erpnext.localhost', user='Administrator') (erpnext.localhost||scheduled_job||s60v5h24ke)
2025-04-22 21:32:00,500 Successfully completed frappe.utils.background_jobs.execute_job(event=None, is_async=True, job_name='frappe.core.doctype.scheduled_job_type.scheduled_job_type.run_scheduled_jo..., kwargs={'job_type': 'frappe.email.doctype.email_account.email_account.pull', 'sche..., method='frappe.core.doctype.scheduled_job_type.scheduled_job_type.run_scheduled_jo..., site='erpnext.localhost', user='Administrator') job in 0:00:00.355989s on worker 788fcd017c71498f9ef65546fcf28348
2025-04-22 21:32:00,501 home-rohy-evalaivr-evaluation:default: Job OK (erpnext.localhost||scheduled_job||s60v5h24ke)
2025-04-22 21:32:00,501 Result is kept for 600 seconds
2025-04-22 21:32:00,514 home-rohy-evalaivr-evaluation:default: frappe.utils.background_jobs.execute_job(event=None, is_async=True, job_name='frappe.core.doctype.scheduled_job_type.scheduled_job_type.run_scheduled_jo..., kwargs={'job_type': 'frappe.email.doctype.email_account.email_account.notify_unrep..., method='frappe.core.doctype.scheduled_job_type.scheduled_job_type.run_scheduled_jo..., site='erpnext.localhost', user='Administrator') (erpnext.localhost||scheduled_job||s60tvhcbpc)
2025-04-22 21:32:00,831 Successfully completed frappe.utils.background_jobs.execute_job(event=None, is_async=True, job_name='frappe.core.doctype.scheduled_job_type.scheduled_job_type.run_scheduled_jo..., kwargs={'job_type': 'frappe.email.doctype.email_account.email_account.notify_unrep..., method='frappe.core.doctype.scheduled_job_type.scheduled_job_type.run_scheduled_jo..., site='erpnext.localhost', user='Administrator') job in 0:00:00.305990s on worker 788fcd017c71498f9ef65546fcf28348
2025-04-22 21:32:00,831 home-rohy-evalaivr-evaluation:default: Job OK (erpnext.localhost||scheduled_job||s60tvhcbpc)
2025-04-22 21:32:00,831 Result is kept for 600 seconds
2025-04-22 21:32:00,842 home-rohy-evalaivr-evaluation:default: frappe.utils.background_jobs.execute_job(event=None, is_async=True, job_name='frappe.core.doctype.scheduled_job_type.scheduled_job_type.run_scheduled_jo..., kwargs={'job_type': 'frappe.oauth.delete_oauth2_data', 'scheduled_job_type': 's607..., method='frappe.core.doctype.scheduled_job_type.scheduled_job_type.run_scheduled_jo..., site='erpnext.localhost', user='Administrator') (erpnext.localhost||scheduled_job||s607u2ss9g)
2025-04-22 21:32:01,132 Successfully completed frappe.utils.background_jobs.execute_job(event=None, is_async=True, job_name='frappe.core.doctype.scheduled_job_type.scheduled_job_type.run_scheduled_jo..., kwargs={'job_type': 'frappe.oauth.delete_oauth2_data', 'scheduled_job_type': 's607..., method='frappe.core.doctype.scheduled_job_type.scheduled_job_type.run_scheduled_jo..., site='erpnext.localhost', user='Administrator') job in 0:00:00.277148s on worker 788fcd017c71498f9ef65546fcf28348
2025-04-22 21:32:01,132 home-rohy-evalaivr-evaluation:default: Job OK (erpnext.localhost||scheduled_job||s607u2ss9g)
2025-04-22 21:32:01,133 Result is kept for 600 seconds
2025-04-22 21:32:01,144 home-rohy-evalaivr-evaluation:default: frappe.utils.background_jobs.execute_job(event=None, is_async=True, job_name='frappe.core.doctype.scheduled_job_type.scheduled_job_type.run_scheduled_jo..., kwargs={'job_type': 'frappe.twofactor.delete_all_barcodes_for_users', 'scheduled_j..., method='frappe.core.doctype.scheduled_job_type.scheduled_job_type.run_scheduled_jo..., site='erpnext.localhost', user='Administrator') (erpnext.localhost||scheduled_job||s606f3j3k3)
2025-04-22 21:32:01,426 Successfully completed frappe.utils.background_jobs.execute_job(event=None, is_async=True, job_name='frappe.core.doctype.scheduled_job_type.scheduled_job_type.run_scheduled_jo..., kwargs={'job_type': 'frappe.twofactor.delete_all_barcodes_for_users', 'scheduled_j..., method='frappe.core.doctype.scheduled_job_type.scheduled_job_type.run_scheduled_jo..., site='erpnext.localhost', user='Administrator') job in 0:00:00.270117s on worker 788fcd017c71498f9ef65546fcf28348
2025-04-22 21:32:01,426 home-rohy-evalaivr-evaluation:default: Job OK (erpnext.localhost||scheduled_job||s606f3j3k3)
2025-04-22 21:32:01,427 Result is kept for 600 seconds
2025-04-22 21:32:01,437 home-rohy-evalaivr-evaluation:default: frappe.utils.background_jobs.execute_job(event=None, is_async=True, job_name='frappe.core.doctype.scheduled_job_type.scheduled_job_type.run_scheduled_jo..., kwargs={'job_type': 'frappe.website.doctype.web_page.web_page.check_publish_status..., method='frappe.core.doctype.scheduled_job_type.scheduled_job_type.run_scheduled_jo..., site='erpnext.localhost', user='Administrator') (erpnext.localhost||scheduled_job||s609qc5grc)
2025-04-22 21:32:01,870 Successfully completed frappe.utils.background_jobs.execute_job(event=None, is_async=True, job_name='frappe.core.doctype.scheduled_job_type.scheduled_job_type.run_scheduled_jo..., kwargs={'job_type': 'frappe.website.doctype.web_page.web_page.check_publish_status..., method='frappe.core.doctype.scheduled_job_type.scheduled_job_type.run_scheduled_jo..., site='erpnext.localhost', user='Administrator') job in 0:00:00.421049s on worker 788fcd017c71498f9ef65546fcf28348
2025-04-22 21:32:01,870 home-rohy-evalaivr-evaluation:default: Job OK (erpnext.localhost||scheduled_job||s609qc5grc)
2025-04-22 21:32:01,870 Result is kept for 600 seconds
2025-04-22 21:32:01,882 home-rohy-evalaivr-evaluation:default: frappe.utils.background_jobs.execute_job(event=None, is_async=True, job_name='frappe.core.doctype.scheduled_job_type.scheduled_job_type.run_scheduled_jo..., kwargs={'job_type': 'erpnext.accounts.doctype.gl_entry.gl_entry.rename_gle_sle_doc..., method='frappe.core.doctype.scheduled_job_type.scheduled_job_type.run_scheduled_jo..., site='erpnext.localhost', user='Administrator') (erpnext.localhost||scheduled_job||tgs1rnqh8d)
2025-04-22 21:32:02,355 Successfully completed frappe.utils.background_jobs.execute_job(event=None, is_async=True, job_name='frappe.core.doctype.scheduled_job_type.scheduled_job_type.run_scheduled_jo..., kwargs={'job_type': 'erpnext.accounts.doctype.gl_entry.gl_entry.rename_gle_sle_doc..., method='frappe.core.doctype.scheduled_job_type.scheduled_job_type.run_scheduled_jo..., site='erpnext.localhost', user='Administrator') job in 0:00:00.460583s on worker 788fcd017c71498f9ef65546fcf28348
2025-04-22 21:32:02,355 home-rohy-evalaivr-evaluation:default: Job OK (erpnext.localhost||scheduled_job||tgs1rnqh8d)
2025-04-22 21:32:02,355 Result is kept for 600 seconds
2025-04-22 21:32:02,368 home-rohy-evalaivr-evaluation:default: frappe.utils.background_jobs.execute_job(event=None, is_async=True, job_name='frappe.core.doctype.scheduled_job_type.scheduled_job_type.run_scheduled_jo..., kwargs={'job_type': 'frappe.utils.global_search.sync_global_search', 'scheduled_jo..., method='frappe.core.doctype.scheduled_job_type.scheduled_job_type.run_scheduled_jo..., site='erpnext.localhost', user='Administrator') (erpnext.localhost||scheduled_job||s6091q3nn9)
2025-04-22 21:32:02,599 Successfully completed frappe.utils.background_jobs.execute_job(event=None, is_async=True, job_name='frappe.core.doctype.scheduled_job_type.scheduled_job_type.run_scheduled_jo..., kwargs={'job_type': 'frappe.utils.global_search.sync_global_search', 'scheduled_jo..., method='frappe.core.doctype.scheduled_job_type.scheduled_job_type.run_scheduled_jo..., site='erpnext.localhost', user='Administrator') job in 0:00:00.216198s on worker 788fcd017c71498f9ef65546fcf28348
2025-04-22 21:32:02,599 home-rohy-evalaivr-evaluation:default: Job OK (erpnext.localhost||scheduled_job||s6091q3nn9)
2025-04-22 21:32:02,599 Result is kept for 600 seconds
2025-04-22 21:32:02,611 home-rohy-evalaivr-evaluation:default: frappe.utils.background_jobs.execute_job(event=None, is_async=True, job_name='frappe.core.doctype.scheduled_job_type.scheduled_job_type.run_scheduled_jo..., kwargs={'job_type': 'frappe.deferred_insert.save_to_db', 'scheduled_job_type': 's6..., method='frappe.core.doctype.scheduled_job_type.scheduled_job_type.run_scheduled_jo..., site='erpnext.localhost', user='Administrator') (erpnext.localhost||scheduled_job||s6065rp0ec)
2025-04-22 21:32:03,101 Successfully completed frappe.utils.background_jobs.execute_job(event=None, is_async=True, job_name='frappe.core.doctype.scheduled_job_type.scheduled_job_type.run_scheduled_jo..., kwargs={'job_type': 'frappe.deferred_insert.save_to_db', 'scheduled_job_type': 's6..., method='frappe.core.doctype.scheduled_job_type.scheduled_job_type.run_scheduled_jo..., site='erpnext.localhost', user='Administrator') job in 0:00:00.478401s on worker 788fcd017c71498f9ef65546fcf28348
2025-04-22 21:32:03,101 home-rohy-evalaivr-evaluation:default: Job OK (erpnext.localhost||scheduled_job||s6065rp0ec)
2025-04-22 21:32:03,101 Result is kept for 600 seconds
2025-04-22 21:32:03,114 home-rohy-evalaivr-evaluation:default: frappe.utils.background_jobs.execute_job(event=None, is_async=True, job_name='frappe.core.doctype.scheduled_job_type.scheduled_job_type.run_scheduled_jo..., kwargs={'job_type': 'erpnext.utilities.doctype.video.video.update_youtube_data', '..., method='frappe.core.doctype.scheduled_job_type.scheduled_job_type.run_scheduled_jo..., site='erpnext.localhost', user='Administrator') (erpnext.localhost||scheduled_job||tgspm1s388)
2025-04-22 21:32:03,812 Successfully completed frappe.utils.background_jobs.execute_job(event=None, is_async=True, job_name='frappe.core.doctype.scheduled_job_type.scheduled_job_type.run_scheduled_jo..., kwargs={'job_type': 'erpnext.utilities.doctype.video.video.update_youtube_data', '..., method='frappe.core.doctype.scheduled_job_type.scheduled_job_type.run_scheduled_jo..., site='erpnext.localhost', user='Administrator') job in 0:00:00.685848s on worker 788fcd017c71498f9ef65546fcf28348
2025-04-22 21:32:03,812 home-rohy-evalaivr-evaluation:default: Job OK (erpnext.localhost||scheduled_job||tgspm1s388)
2025-04-22 21:32:03,812 Result is kept for 600 seconds
2025-04-22 21:32:03,824 home-rohy-evalaivr-evaluation:default: frappe.utils.background_jobs.execute_job(event=None, is_async=True, job_name='frappe.core.doctype.scheduled_job_type.scheduled_job_type.run_scheduled_jo..., kwargs={'job_type': 'frappe.automation.doctype.reminder.reminder.send_reminders', ..., method='frappe.core.doctype.scheduled_job_type.scheduled_job_type.run_scheduled_jo..., site='erpnext.localhost', user='Administrator') (erpnext.localhost||scheduled_job||s60860egc9)
2025-04-22 21:32:04,099 Successfully completed frappe.utils.background_jobs.execute_job(event=None, is_async=True, job_name='frappe.core.doctype.scheduled_job_type.scheduled_job_type.run_scheduled_jo..., kwargs={'job_type': 'frappe.automation.doctype.reminder.reminder.send_reminders', ..., method='frappe.core.doctype.scheduled_job_type.scheduled_job_type.run_scheduled_jo..., site='erpnext.localhost', user='Administrator') job in 0:00:00.262712s on worker 788fcd017c71498f9ef65546fcf28348
2025-04-22 21:32:04,099 home-rohy-evalaivr-evaluation:default: Job OK (erpnext.localhost||scheduled_job||s60860egc9)
2025-04-22 21:32:04,099 Result is kept for 600 seconds
2025-04-22 21:32:04,110 home-rohy-evalaivr-evaluation:default: frappe.utils.background_jobs.execute_job(event=None, is_async=True, job_name='frappe.core.doctype.scheduled_job_type.scheduled_job_type.run_scheduled_jo..., kwargs={'job_type': 'frappe.email.doctype.notification.notification.trigger_offset..., method='frappe.core.doctype.scheduled_job_type.scheduled_job_type.run_scheduled_jo..., site='erpnext.localhost', user='Administrator') (erpnext.localhost||scheduled_job||s603rpotun)
2025-04-22 21:32:04,327 Successfully completed frappe.utils.background_jobs.execute_job(event=None, is_async=True, job_name='frappe.core.doctype.scheduled_job_type.scheduled_job_type.run_scheduled_jo..., kwargs={'job_type': 'frappe.email.doctype.notification.notification.trigger_offset..., method='frappe.core.doctype.scheduled_job_type.scheduled_job_type.run_scheduled_jo..., site='erpnext.localhost', user='Administrator') job in 0:00:00.204998s on worker 788fcd017c71498f9ef65546fcf28348
2025-04-22 21:32:04,328 home-rohy-evalaivr-evaluation:default: Job OK (erpnext.localhost||scheduled_job||s603rpotun)
2025-04-22 21:32:04,328 Result is kept for 600 seconds
2025-04-22 21:32:04,339 home-rohy-evalaivr-evaluation:default: frappe.utils.background_jobs.execute_job(event=None, is_async=True, job_name='frappe.core.doctype.scheduled_job_type.scheduled_job_type.run_scheduled_jo..., kwargs={'job_type': 'frappe.monitor.flush', 'scheduled_job_type': 's60ssvifus'}, method='frappe.core.doctype.scheduled_job_type.scheduled_job_type.run_scheduled_jo..., site='erpnext.localhost', user='Administrator') (erpnext.localhost||scheduled_job||s60ssvifus)
2025-04-22 21:32:04,605 Successfully completed frappe.utils.background_jobs.execute_job(event=None, is_async=True, job_name='frappe.core.doctype.scheduled_job_type.scheduled_job_type.run_scheduled_jo..., kwargs={'job_type': 'frappe.monitor.flush', 'scheduled_job_type': 's60ssvifus'}, method='frappe.core.doctype.scheduled_job_type.scheduled_job_type.run_scheduled_jo..., site='erpnext.localhost', user='Administrator') job in 0:00:00.256354s on worker 788fcd017c71498f9ef65546fcf28348
2025-04-22 21:32:04,606 home-rohy-evalaivr-evaluation:default: Job OK (erpnext.localhost||scheduled_job||s60ssvifus)
2025-04-22 21:32:04,606 Result is kept for 600 seconds
2025-04-22 21:32:04,617 home-rohy-evalaivr-evaluation:default: frappe.utils.background_jobs.execute_job(event=None, is_async=True, job_name='frappe.core.doctype.scheduled_job_type.scheduled_job_type.run_scheduled_jo..., kwargs={'job_type': 'frappe.email.queue.flush', 'scheduled_job_type': 's60b9alidp'..., method='frappe.core.doctype.scheduled_job_type.scheduled_job_type.run_scheduled_jo..., site='erpnext.localhost', user='Administrator') (erpnext.localhost||scheduled_job||s60b9alidp)
2025-04-22 21:32:04,972 Successfully completed frappe.utils.background_jobs.execute_job(event=None, is_async=True, job_name='frappe.core.doctype.scheduled_job_type.scheduled_job_type.run_scheduled_jo..., kwargs={'job_type': 'frappe.email.queue.flush', 'scheduled_job_type': 's60b9alidp'..., method='frappe.core.doctype.scheduled_job_type.scheduled_job_type.run_scheduled_jo..., site='erpnext.localhost', user='Administrator') job in 0:00:00.344384s on worker 788fcd017c71498f9ef65546fcf28348
2025-04-22 21:32:04,972 home-rohy-evalaivr-evaluation:default: Job OK (erpnext.localhost||scheduled_job||s60b9alidp)
2025-04-22 21:32:04,973 Result is kept for 600 seconds
2025-04-22 21:32:04,987 home-rohy-evalaivr-evaluation:default: frappe.utils.background_jobs.execute_job(event=None, is_async=True, job_name='frappe.core.doctype.scheduled_job_type.scheduled_job_type.run_scheduled_jo..., kwargs={'job_type': 'frappe.integrations.doctype.google_calendar.google_calendar.s..., method='frappe.core.doctype.scheduled_job_type.scheduled_job_type.run_scheduled_jo..., site='erpnext.localhost', user='Administrator') (erpnext.localhost||scheduled_job||s60e2kq4sq)
2025-04-22 21:32:05,417 Successfully completed frappe.utils.background_jobs.execute_job(event=None, is_async=True, job_name='frappe.core.doctype.scheduled_job_type.scheduled_job_type.run_scheduled_jo..., kwargs={'job_type': 'frappe.integrations.doctype.google_calendar.google_calendar.s..., method='frappe.core.doctype.scheduled_job_type.scheduled_job_type.run_scheduled_jo..., site='erpnext.localhost', user='Administrator') job in 0:00:00.419835s on worker 788fcd017c71498f9ef65546fcf28348
2025-04-22 21:32:05,417 home-rohy-evalaivr-evaluation:default: Job OK (erpnext.localhost||scheduled_job||s60e2kq4sq)
2025-04-22 21:32:05,417 Result is kept for 600 seconds
2025-04-22 21:37:32,734 home-rohy-evalaivr-evaluation:default: frappe.utils.background_jobs.execute_job(event=None, is_async=True, job_name='frappe.core.doctype.scheduled_job_type.scheduled_job_type.run_scheduled_jo..., kwargs={'job_type': 'frappe.email.queue.flush', 'scheduled_job_type': 's60b9alidp'..., method='frappe.core.doctype.scheduled_job_type.scheduled_job_type.run_scheduled_jo..., site='erpnext.localhost', user='Administrator') (erpnext.localhost||scheduled_job||s60b9alidp)
2025-04-22 21:37:33,010 Successfully completed frappe.utils.background_jobs.execute_job(event=None, is_async=True, job_name='frappe.core.doctype.scheduled_job_type.scheduled_job_type.run_scheduled_jo..., kwargs={'job_type': 'frappe.email.queue.flush', 'scheduled_job_type': 's60b9alidp'..., method='frappe.core.doctype.scheduled_job_type.scheduled_job_type.run_scheduled_jo..., site='erpnext.localhost', user='Administrator') job in 0:00:00.259165s on worker 788fcd017c71498f9ef65546fcf28348
2025-04-22 21:37:33,010 home-rohy-evalaivr-evaluation:default: Job OK (erpnext.localhost||scheduled_job||s60b9alidp)
2025-04-22 21:37:33,010 Result is kept for 600 seconds
2025-04-22 21:37:33,017 home-rohy-evalaivr-evaluation:default: frappe.utils.background_jobs.execute_job(event=None, is_async=True, job_name='frappe.core.doctype.scheduled_job_type.scheduled_job_type.run_scheduled_jo..., kwargs={'job_type': 'frappe.monitor.flush', 'scheduled_job_type': 's60ssvifus'}, method='frappe.core.doctype.scheduled_job_type.scheduled_job_type.run_scheduled_jo..., site='erpnext.localhost', user='Administrator') (erpnext.localhost||scheduled_job||s60ssvifus)
2025-04-22 21:37:33,123 Successfully completed frappe.utils.background_jobs.execute_job(event=None, is_async=True, job_name='frappe.core.doctype.scheduled_job_type.scheduled_job_type.run_scheduled_jo..., kwargs={'job_type': 'frappe.monitor.flush', 'scheduled_job_type': 's60ssvifus'}, method='frappe.core.doctype.scheduled_job_type.scheduled_job_type.run_scheduled_jo..., site='erpnext.localhost', user='Administrator') job in 0:00:00.100028s on worker 788fcd017c71498f9ef65546fcf28348
2025-04-22 21:37:33,123 home-rohy-evalaivr-evaluation:default: Job OK (erpnext.localhost||scheduled_job||s60ssvifus)
2025-04-22 21:37:33,123 Result is kept for 600 seconds
2025-04-22 21:37:33,129 home-rohy-evalaivr-evaluation:default: frappe.utils.background_jobs.execute_job(event=None, is_async=True, job_name='frappe.core.doctype.scheduled_job_type.scheduled_job_type.run_scheduled_jo..., kwargs={'job_type': 'frappe.email.doctype.notification.notification.trigger_offset..., method='frappe.core.doctype.scheduled_job_type.scheduled_job_type.run_scheduled_jo..., site='erpnext.localhost', user='Administrator') (erpnext.localhost||scheduled_job||s603rpotun)
2025-04-22 21:37:33,244 Successfully completed frappe.utils.background_jobs.execute_job(event=None, is_async=True, job_name='frappe.core.doctype.scheduled_job_type.scheduled_job_type.run_scheduled_jo..., kwargs={'job_type': 'frappe.email.doctype.notification.notification.trigger_offset..., method='frappe.core.doctype.scheduled_job_type.scheduled_job_type.run_scheduled_jo..., site='erpnext.localhost', user='Administrator') job in 0:00:00.109252s on worker 788fcd017c71498f9ef65546fcf28348
2025-04-22 21:37:33,244 home-rohy-evalaivr-evaluation:default: Job OK (erpnext.localhost||scheduled_job||s603rpotun)
2025-04-22 21:37:33,244 Result is kept for 600 seconds
2025-04-22 21:37:33,249 home-rohy-evalaivr-evaluation:default: frappe.utils.background_jobs.execute_job(event=None, is_async=True, job_name='frappe.core.doctype.scheduled_job_type.scheduled_job_type.run_scheduled_jo..., kwargs={'job_type': 'frappe.integrations.doctype.google_calendar.google_calendar.s..., method='frappe.core.doctype.scheduled_job_type.scheduled_job_type.run_scheduled_jo..., site='erpnext.localhost', user='Administrator') (erpnext.localhost||scheduled_job||s60e2kq4sq)
2025-04-22 21:37:33,534 Successfully completed frappe.utils.background_jobs.execute_job(event=None, is_async=True, job_name='frappe.core.doctype.scheduled_job_type.scheduled_job_type.run_scheduled_jo..., kwargs={'job_type': 'frappe.integrations.doctype.google_calendar.google_calendar.s..., method='frappe.core.doctype.scheduled_job_type.scheduled_job_type.run_scheduled_jo..., site='erpnext.localhost', user='Administrator') job in 0:00:00.280231s on worker 788fcd017c71498f9ef65546fcf28348
2025-04-22 21:37:33,534 home-rohy-evalaivr-evaluation:default: Job OK (erpnext.localhost||scheduled_job||s60e2kq4sq)
2025-04-22 21:37:33,535 Result is kept for 600 seconds
2025-04-22 21:40:00,947 home-rohy-evalaivr-evaluation:default: frappe.utils.background_jobs.execute_job(event=None, is_async=True, job_name='frappe.core.doctype.scheduled_job_type.scheduled_job_type.run_scheduled_jo..., kwargs={'job_type': 'frappe.email.doctype.notification.notification.trigger_offset..., method='frappe.core.doctype.scheduled_job_type.scheduled_job_type.run_scheduled_jo..., site='erpnext.localhost', user='Administrator') (erpnext.localhost||scheduled_job||s603rpotun)
2025-04-22 21:40:01,157 Successfully completed frappe.utils.background_jobs.execute_job(event=None, is_async=True, job_name='frappe.core.doctype.scheduled_job_type.scheduled_job_type.run_scheduled_jo..., kwargs={'job_type': 'frappe.email.doctype.notification.notification.trigger_offset..., method='frappe.core.doctype.scheduled_job_type.scheduled_job_type.run_scheduled_jo..., site='erpnext.localhost', user='Administrator') job in 0:00:00.200570s on worker 788fcd017c71498f9ef65546fcf28348
2025-04-22 21:40:01,158 home-rohy-evalaivr-evaluation:default: Job OK (erpnext.localhost||scheduled_job||s603rpotun)
2025-04-22 21:40:01,158 Result is kept for 600 seconds
2025-04-22 21:40:01,165 home-rohy-evalaivr-evaluation:default: frappe.utils.background_jobs.execute_job(event=None, is_async=True, job_name='frappe.core.doctype.scheduled_job_type.scheduled_job_type.run_scheduled_jo..., kwargs={'job_type': 'frappe.integrations.doctype.google_calendar.google_calendar.s..., method='frappe.core.doctype.scheduled_job_type.scheduled_job_type.run_scheduled_jo..., site='erpnext.localhost', user='Administrator') (erpnext.localhost||scheduled_job||s60e2kq4sq)
2025-04-22 21:40:01,499 Successfully completed frappe.utils.background_jobs.execute_job(event=None, is_async=True, job_name='frappe.core.doctype.scheduled_job_type.scheduled_job_type.run_scheduled_jo..., kwargs={'job_type': 'frappe.integrations.doctype.google_calendar.google_calendar.s..., method='frappe.core.doctype.scheduled_job_type.scheduled_job_type.run_scheduled_jo..., site='erpnext.localhost', user='Administrator') job in 0:00:00.326655s on worker 788fcd017c71498f9ef65546fcf28348
2025-04-22 21:40:01,499 home-rohy-evalaivr-evaluation:default: Job OK (erpnext.localhost||scheduled_job||s60e2kq4sq)
2025-04-22 21:40:01,499 Result is kept for 600 seconds
2025-04-22 21:40:01,510 home-rohy-evalaivr-evaluation:default: frappe.utils.background_jobs.execute_job(event=None, is_async=True, job_name='frappe.core.doctype.scheduled_job_type.scheduled_job_type.run_scheduled_jo..., kwargs={'job_type': 'frappe.email.queue.flush', 'scheduled_job_type': 's60b9alidp'..., method='frappe.core.doctype.scheduled_job_type.scheduled_job_type.run_scheduled_jo..., site='erpnext.localhost', user='Administrator') (erpnext.localhost||scheduled_job||s60b9alidp)
2025-04-22 21:40:01,823 Successfully completed frappe.utils.background_jobs.execute_job(event=None, is_async=True, job_name='frappe.core.doctype.scheduled_job_type.scheduled_job_type.run_scheduled_jo..., kwargs={'job_type': 'frappe.email.queue.flush', 'scheduled_job_type': 's60b9alidp'..., method='frappe.core.doctype.scheduled_job_type.scheduled_job_type.run_scheduled_jo..., site='erpnext.localhost', user='Administrator') job in 0:00:00.303484s on worker 788fcd017c71498f9ef65546fcf28348
2025-04-22 21:40:01,823 home-rohy-evalaivr-evaluation:default: Job OK (erpnext.localhost||scheduled_job||s60b9alidp)
2025-04-22 21:40:01,823 Result is kept for 600 seconds
2025-04-22 21:40:01,832 home-rohy-evalaivr-evaluation:default: frappe.utils.background_jobs.execute_job(event=None, is_async=True, job_name='frappe.core.doctype.scheduled_job_type.scheduled_job_type.run_scheduled_jo..., kwargs={'job_type': 'frappe.email.doctype.email_account.email_account.pull', 'sche..., method='frappe.core.doctype.scheduled_job_type.scheduled_job_type.run_scheduled_jo..., site='erpnext.localhost', user='Administrator') (erpnext.localhost||scheduled_job||s60v5h24ke)
2025-04-22 21:40:02,040 Successfully completed frappe.utils.background_jobs.execute_job(event=None, is_async=True, job_name='frappe.core.doctype.scheduled_job_type.scheduled_job_type.run_scheduled_jo..., kwargs={'job_type': 'frappe.email.doctype.email_account.email_account.pull', 'sche..., method='frappe.core.doctype.scheduled_job_type.scheduled_job_type.run_scheduled_jo..., site='erpnext.localhost', user='Administrator') job in 0:00:00.200985s on worker 788fcd017c71498f9ef65546fcf28348
2025-04-22 21:40:02,040 home-rohy-evalaivr-evaluation:default: Job OK (erpnext.localhost||scheduled_job||s60v5h24ke)
2025-04-22 21:40:02,040 Result is kept for 600 seconds
2025-04-22 21:40:02,046 home-rohy-evalaivr-evaluation:default: frappe.utils.background_jobs.execute_job(event=None, is_async=True, job_name='frappe.core.doctype.scheduled_job_type.scheduled_job_type.run_scheduled_jo..., kwargs={'job_type': 'frappe.monitor.flush', 'scheduled_job_type': 's60ssvifus'}, method='frappe.core.doctype.scheduled_job_type.scheduled_job_type.run_scheduled_jo..., site='erpnext.localhost', user='Administrator') (erpnext.localhost||scheduled_job||s60ssvifus)
2025-04-22 21:40:02,198 Successfully completed frappe.utils.background_jobs.execute_job(event=None, is_async=True, job_name='frappe.core.doctype.scheduled_job_type.scheduled_job_type.run_scheduled_jo..., kwargs={'job_type': 'frappe.monitor.flush', 'scheduled_job_type': 's60ssvifus'}, method='frappe.core.doctype.scheduled_job_type.scheduled_job_type.run_scheduled_jo..., site='erpnext.localhost', user='Administrator') job in 0:00:00.146393s on worker 788fcd017c71498f9ef65546fcf28348
2025-04-22 21:40:02,198 home-rohy-evalaivr-evaluation:default: Job OK (erpnext.localhost||scheduled_job||s60ssvifus)
2025-04-22 21:40:02,198 Result is kept for 600 seconds
2025-04-22 21:44:00,303 home-rohy-evalaivr-evaluation:default: frappe.utils.background_jobs.execute_job(event=None, is_async=True, job_name='frappe.core.doctype.scheduled_job_type.scheduled_job_type.run_scheduled_jo..., kwargs={'job_type': 'frappe.integrations.doctype.google_calendar.google_calendar.s..., method='frappe.core.doctype.scheduled_job_type.scheduled_job_type.run_scheduled_jo..., site='erpnext.localhost', user='Administrator') (erpnext.localhost||scheduled_job||s60e2kq4sq)
2025-04-22 21:44:00,843 Successfully completed frappe.utils.background_jobs.execute_job(event=None, is_async=True, job_name='frappe.core.doctype.scheduled_job_type.scheduled_job_type.run_scheduled_jo..., kwargs={'job_type': 'frappe.integrations.doctype.google_calendar.google_calendar.s..., method='frappe.core.doctype.scheduled_job_type.scheduled_job_type.run_scheduled_jo..., site='erpnext.localhost', user='Administrator') job in 0:00:00.512256s on worker 788fcd017c71498f9ef65546fcf28348
2025-04-22 21:44:00,843 home-rohy-evalaivr-evaluation:default: Job OK (erpnext.localhost||scheduled_job||s60e2kq4sq)
2025-04-22 21:44:00,843 Result is kept for 600 seconds
2025-04-22 21:44:00,851 Cleaning registries for queue: home-rohy-evalaivr-evaluation:short
2025-04-22 21:44:00,855 Cleaning registries for queue: home-rohy-evalaivr-evaluation:default
2025-04-22 21:44:00,857 Cleaning registries for queue: home-rohy-evalaivr-evaluation:long
2025-04-22 21:44:00,859 home-rohy-evalaivr-evaluation:default: frappe.utils.background_jobs.execute_job(event=None, is_async=True, job_name='frappe.core.doctype.scheduled_job_type.scheduled_job_type.run_scheduled_jo..., kwargs={'job_type': 'frappe.monitor.flush', 'scheduled_job_type': 's60ssvifus'}, method='frappe.core.doctype.scheduled_job_type.scheduled_job_type.run_scheduled_jo..., site='erpnext.localhost', user='Administrator') (erpnext.localhost||scheduled_job||s60ssvifus)
2025-04-22 21:44:00,974 Successfully completed frappe.utils.background_jobs.execute_job(event=None, is_async=True, job_name='frappe.core.doctype.scheduled_job_type.scheduled_job_type.run_scheduled_jo..., kwargs={'job_type': 'frappe.monitor.flush', 'scheduled_job_type': 's60ssvifus'}, method='frappe.core.doctype.scheduled_job_type.scheduled_job_type.run_scheduled_jo..., site='erpnext.localhost', user='Administrator') job in 0:00:00.108946s on worker 788fcd017c71498f9ef65546fcf28348
2025-04-22 21:44:00,974 home-rohy-evalaivr-evaluation:default: Job OK (erpnext.localhost||scheduled_job||s60ssvifus)
2025-04-22 21:44:00,974 Result is kept for 600 seconds
2025-04-22 21:44:00,980 home-rohy-evalaivr-evaluation:default: frappe.utils.background_jobs.execute_job(event=None, is_async=True, job_name='frappe.core.doctype.scheduled_job_type.scheduled_job_type.run_scheduled_jo..., kwargs={'job_type': 'frappe.email.queue.flush', 'scheduled_job_type': 's60b9alidp'..., method='frappe.core.doctype.scheduled_job_type.scheduled_job_type.run_scheduled_jo..., site='erpnext.localhost', user='Administrator') (erpnext.localhost||scheduled_job||s60b9alidp)
2025-04-22 21:44:01,197 Successfully completed frappe.utils.background_jobs.execute_job(event=None, is_async=True, job_name='frappe.core.doctype.scheduled_job_type.scheduled_job_type.run_scheduled_jo..., kwargs={'job_type': 'frappe.email.queue.flush', 'scheduled_job_type': 's60b9alidp'..., method='frappe.core.doctype.scheduled_job_type.scheduled_job_type.run_scheduled_jo..., site='erpnext.localhost', user='Administrator') job in 0:00:00.212192s on worker 788fcd017c71498f9ef65546fcf28348
2025-04-22 21:44:01,198 home-rohy-evalaivr-evaluation:default: Job OK (erpnext.localhost||scheduled_job||s60b9alidp)
2025-04-22 21:44:01,198 Result is kept for 600 seconds
2025-04-22 21:47:59,601 home-rohy-evalaivr-evaluation:default: frappe.utils.background_jobs.execute_job(event=None, is_async=True, job_name='frappe.core.doctype.scheduled_job_type.scheduled_job_type.run_scheduled_jo..., kwargs={'job_type': 'frappe.automation.doctype.reminder.reminder.send_reminders', ..., method='frappe.core.doctype.scheduled_job_type.scheduled_job_type.run_scheduled_jo..., site='erpnext.localhost', user='Administrator') (erpnext.localhost||scheduled_job||s60860egc9)
2025-04-22 21:47:59,769 Successfully completed frappe.utils.background_jobs.execute_job(event=None, is_async=True, job_name='frappe.core.doctype.scheduled_job_type.scheduled_job_type.run_scheduled_jo..., kwargs={'job_type': 'frappe.automation.doctype.reminder.reminder.send_reminders', ..., method='frappe.core.doctype.scheduled_job_type.scheduled_job_type.run_scheduled_jo..., site='erpnext.localhost', user='Administrator') job in 0:00:00.157845s on worker 788fcd017c71498f9ef65546fcf28348
2025-04-22 21:47:59,769 home-rohy-evalaivr-evaluation:default: Job OK (erpnext.localhost||scheduled_job||s60860egc9)
2025-04-22 21:47:59,769 Result is kept for 600 seconds
2025-04-22 21:47:59,775 home-rohy-evalaivr-evaluation:default: frappe.utils.background_jobs.execute_job(event=None, is_async=True, job_name='frappe.core.doctype.scheduled_job_type.scheduled_job_type.run_scheduled_jo..., kwargs={'job_type': 'frappe.twofactor.delete_all_barcodes_for_users', 'scheduled_j..., method='frappe.core.doctype.scheduled_job_type.scheduled_job_type.run_scheduled_jo..., site='erpnext.localhost', user='Administrator') (erpnext.localhost||scheduled_job||s606f3j3k3)
2025-04-22 21:47:59,923 Successfully completed frappe.utils.background_jobs.execute_job(event=None, is_async=True, job_name='frappe.core.doctype.scheduled_job_type.scheduled_job_type.run_scheduled_jo..., kwargs={'job_type': 'frappe.twofactor.delete_all_barcodes_for_users', 'scheduled_j..., method='frappe.core.doctype.scheduled_job_type.scheduled_job_type.run_scheduled_jo..., site='erpnext.localhost', user='Administrator') job in 0:00:00.142994s on worker 788fcd017c71498f9ef65546fcf28348
2025-04-22 21:47:59,923 home-rohy-evalaivr-evaluation:default: Job OK (erpnext.localhost||scheduled_job||s606f3j3k3)
2025-04-22 21:47:59,924 Result is kept for 600 seconds
2025-04-22 21:47:59,929 home-rohy-evalaivr-evaluation:default: frappe.utils.background_jobs.execute_job(event=None, is_async=True, job_name='frappe.core.doctype.scheduled_job_type.scheduled_job_type.run_scheduled_jo..., kwargs={'job_type': 'frappe.deferred_insert.save_to_db', 'scheduled_job_type': 's6..., method='frappe.core.doctype.scheduled_job_type.scheduled_job_type.run_scheduled_jo..., site='erpnext.localhost', user='Administrator') (erpnext.localhost||scheduled_job||s6065rp0ec)
2025-04-22 21:48:00,042 Successfully completed frappe.utils.background_jobs.execute_job(event=None, is_async=True, job_name='frappe.core.doctype.scheduled_job_type.scheduled_job_type.run_scheduled_jo..., kwargs={'job_type': 'frappe.deferred_insert.save_to_db', 'scheduled_job_type': 's6..., method='frappe.core.doctype.scheduled_job_type.scheduled_job_type.run_scheduled_jo..., site='erpnext.localhost', user='Administrator') job in 0:00:00.107196s on worker 788fcd017c71498f9ef65546fcf28348
2025-04-22 21:48:00,042 home-rohy-evalaivr-evaluation:default: Job OK (erpnext.localhost||scheduled_job||s6065rp0ec)
2025-04-22 21:48:00,042 Result is kept for 600 seconds
2025-04-22 21:48:00,047 home-rohy-evalaivr-evaluation:default: frappe.utils.background_jobs.execute_job(event=None, is_async=True, job_name='frappe.core.doctype.scheduled_job_type.scheduled_job_type.run_scheduled_jo..., kwargs={'job_type': 'frappe.utils.global_search.sync_global_search', 'scheduled_jo..., method='frappe.core.doctype.scheduled_job_type.scheduled_job_type.run_scheduled_jo..., site='erpnext.localhost', user='Administrator') (erpnext.localhost||scheduled_job||s6091q3nn9)
2025-04-22 21:48:00,154 Successfully completed frappe.utils.background_jobs.execute_job(event=None, is_async=True, job_name='frappe.core.doctype.scheduled_job_type.scheduled_job_type.run_scheduled_jo..., kwargs={'job_type': 'frappe.utils.global_search.sync_global_search', 'scheduled_jo..., method='frappe.core.doctype.scheduled_job_type.scheduled_job_type.run_scheduled_jo..., site='erpnext.localhost', user='Administrator') job in 0:00:00.101695s on worker 788fcd017c71498f9ef65546fcf28348
2025-04-22 21:48:00,155 home-rohy-evalaivr-evaluation:default: Job OK (erpnext.localhost||scheduled_job||s6091q3nn9)
2025-04-22 21:48:00,155 Result is kept for 600 seconds
2025-04-22 21:48:00,161 home-rohy-evalaivr-evaluation:default: frappe.utils.background_jobs.execute_job(event=None, is_async=True, job_name='frappe.core.doctype.scheduled_job_type.scheduled_job_type.run_scheduled_jo..., kwargs={'job_type': 'frappe.email.doctype.notification.notification.trigger_offset..., method='frappe.core.doctype.scheduled_job_type.scheduled_job_type.run_scheduled_jo..., site='erpnext.localhost', user='Administrator') (erpnext.localhost||scheduled_job||s603rpotun)
2025-04-22 21:48:00,338 Successfully completed frappe.utils.background_jobs.execute_job(event=None, is_async=True, job_name='frappe.core.doctype.scheduled_job_type.scheduled_job_type.run_scheduled_jo..., kwargs={'job_type': 'frappe.email.doctype.notification.notification.trigger_offset..., method='frappe.core.doctype.scheduled_job_type.scheduled_job_type.run_scheduled_jo..., site='erpnext.localhost', user='Administrator') job in 0:00:00.171572s on worker 788fcd017c71498f9ef65546fcf28348
2025-04-22 21:48:00,338 home-rohy-evalaivr-evaluation:default: Job OK (erpnext.localhost||scheduled_job||s603rpotun)
2025-04-22 21:48:00,338 Result is kept for 600 seconds
2025-04-22 21:48:00,344 home-rohy-evalaivr-evaluation:default: frappe.utils.background_jobs.execute_job(event=None, is_async=True, job_name='frappe.core.doctype.scheduled_job_type.scheduled_job_type.run_scheduled_jo..., kwargs={'job_type': 'frappe.oauth.delete_oauth2_data', 'scheduled_job_type': 's607..., method='frappe.core.doctype.scheduled_job_type.scheduled_job_type.run_scheduled_jo..., site='erpnext.localhost', user='Administrator') (erpnext.localhost||scheduled_job||s607u2ss9g)
2025-04-22 21:48:00,506 Successfully completed frappe.utils.background_jobs.execute_job(event=None, is_async=True, job_name='frappe.core.doctype.scheduled_job_type.scheduled_job_type.run_scheduled_jo..., kwargs={'job_type': 'frappe.oauth.delete_oauth2_data', 'scheduled_job_type': 's607..., method='frappe.core.doctype.scheduled_job_type.scheduled_job_type.run_scheduled_jo..., site='erpnext.localhost', user='Administrator') job in 0:00:00.155319s on worker 788fcd017c71498f9ef65546fcf28348
2025-04-22 21:48:00,506 home-rohy-evalaivr-evaluation:default: Job OK (erpnext.localhost||scheduled_job||s607u2ss9g)
2025-04-22 21:48:00,506 Result is kept for 600 seconds
2025-04-22 21:48:00,511 home-rohy-evalaivr-evaluation:default: frappe.utils.background_jobs.execute_job(event=None, is_async=True, job_name='frappe.core.doctype.scheduled_job_type.scheduled_job_type.run_scheduled_jo..., kwargs={'job_type': 'erpnext.manufacturing.doctype.bom_update_log.bom_update_log.r..., method='frappe.core.doctype.scheduled_job_type.scheduled_job_type.run_scheduled_jo..., site='erpnext.localhost', user='Administrator') (erpnext.localhost||scheduled_job||tgsg535gbe)
2025-04-22 21:48:00,634 Successfully completed frappe.utils.background_jobs.execute_job(event=None, is_async=True, job_name='frappe.core.doctype.scheduled_job_type.scheduled_job_type.run_scheduled_jo..., kwargs={'job_type': 'erpnext.manufacturing.doctype.bom_update_log.bom_update_log.r..., method='frappe.core.doctype.scheduled_job_type.scheduled_job_type.run_scheduled_jo..., site='erpnext.localhost', user='Administrator') job in 0:00:00.116945s on worker 788fcd017c71498f9ef65546fcf28348
2025-04-22 21:48:00,634 home-rohy-evalaivr-evaluation:default: Job OK (erpnext.localhost||scheduled_job||tgsg535gbe)
2025-04-22 21:48:00,634 Result is kept for 600 seconds
2025-04-22 21:48:00,640 home-rohy-evalaivr-evaluation:default: frappe.utils.background_jobs.execute_job(event=None, is_async=True, job_name='frappe.core.doctype.scheduled_job_type.scheduled_job_type.run_scheduled_jo..., kwargs={'job_type': 'frappe.website.doctype.web_page.web_page.check_publish_status..., method='frappe.core.doctype.scheduled_job_type.scheduled_job_type.run_scheduled_jo..., site='erpnext.localhost', user='Administrator') (erpnext.localhost||scheduled_job||s609qc5grc)
2025-04-22 21:48:00,865 Successfully completed frappe.utils.background_jobs.execute_job(event=None, is_async=True, job_name='frappe.core.doctype.scheduled_job_type.scheduled_job_type.run_scheduled_jo..., kwargs={'job_type': 'frappe.website.doctype.web_page.web_page.check_publish_status..., method='frappe.core.doctype.scheduled_job_type.scheduled_job_type.run_scheduled_jo..., site='erpnext.localhost', user='Administrator') job in 0:00:00.219074s on worker 788fcd017c71498f9ef65546fcf28348
2025-04-22 21:48:00,865 home-rohy-evalaivr-evaluation:default: Job OK (erpnext.localhost||scheduled_job||s609qc5grc)
2025-04-22 21:48:00,865 Result is kept for 600 seconds
2025-04-22 21:48:00,872 home-rohy-evalaivr-evaluation:default: frappe.utils.background_jobs.execute_job(event=None, is_async=True, job_name='frappe.core.doctype.scheduled_job_type.scheduled_job_type.run_scheduled_jo..., kwargs={'job_type': 'frappe.email.doctype.email_account.email_account.notify_unrep..., method='frappe.core.doctype.scheduled_job_type.scheduled_job_type.run_scheduled_jo..., site='erpnext.localhost', user='Administrator') (erpnext.localhost||scheduled_job||s60tvhcbpc)
2025-04-22 21:48:01,022 Successfully completed frappe.utils.background_jobs.execute_job(event=None, is_async=True, job_name='frappe.core.doctype.scheduled_job_type.scheduled_job_type.run_scheduled_jo..., kwargs={'job_type': 'frappe.email.doctype.email_account.email_account.notify_unrep..., method='frappe.core.doctype.scheduled_job_type.scheduled_job_type.run_scheduled_jo..., site='erpnext.localhost', user='Administrator') job in 0:00:00.139807s on worker 788fcd017c71498f9ef65546fcf28348
2025-04-22 21:48:01,023 home-rohy-evalaivr-evaluation:default: Job OK (erpnext.localhost||scheduled_job||s60tvhcbpc)
2025-04-22 21:48:01,023 Result is kept for 600 seconds
2025-04-22 21:48:01,028 home-rohy-evalaivr-evaluation:default: frappe.utils.background_jobs.execute_job(event=None, is_async=True, job_name='frappe.core.doctype.scheduled_job_type.scheduled_job_type.run_scheduled_jo..., kwargs={'job_type': 'frappe.integrations.doctype.google_calendar.google_calendar.s..., method='frappe.core.doctype.scheduled_job_type.scheduled_job_type.run_scheduled_jo..., site='erpnext.localhost', user='Administrator') (erpnext.localhost||scheduled_job||s60e2kq4sq)
2025-04-22 21:48:01,280 Successfully completed frappe.utils.background_jobs.execute_job(event=None, is_async=True, job_name='frappe.core.doctype.scheduled_job_type.scheduled_job_type.run_scheduled_jo..., kwargs={'job_type': 'frappe.integrations.doctype.google_calendar.google_calendar.s..., method='frappe.core.doctype.scheduled_job_type.scheduled_job_type.run_scheduled_jo..., site='erpnext.localhost', user='Administrator') job in 0:00:00.246062s on worker 788fcd017c71498f9ef65546fcf28348
2025-04-22 21:48:01,280 home-rohy-evalaivr-evaluation:default: Job OK (erpnext.localhost||scheduled_job||s60e2kq4sq)
2025-04-22 21:48:01,280 Result is kept for 600 seconds
2025-04-22 21:48:01,287 home-rohy-evalaivr-evaluation:default: frappe.utils.background_jobs.execute_job(event=None, is_async=True, job_name='frappe.core.doctype.scheduled_job_type.scheduled_job_type.run_scheduled_jo..., kwargs={'job_type': 'frappe.monitor.flush', 'scheduled_job_type': 's60ssvifus'}, method='frappe.core.doctype.scheduled_job_type.scheduled_job_type.run_scheduled_jo..., site='erpnext.localhost', user='Administrator') (erpnext.localhost||scheduled_job||s60ssvifus)
2025-04-22 21:48:01,422 Successfully completed frappe.utils.background_jobs.execute_job(event=None, is_async=True, job_name='frappe.core.doctype.scheduled_job_type.scheduled_job_type.run_scheduled_jo..., kwargs={'job_type': 'frappe.monitor.flush', 'scheduled_job_type': 's60ssvifus'}, method='frappe.core.doctype.scheduled_job_type.scheduled_job_type.run_scheduled_jo..., site='erpnext.localhost', user='Administrator') job in 0:00:00.129177s on worker 788fcd017c71498f9ef65546fcf28348
2025-04-22 21:48:01,422 home-rohy-evalaivr-evaluation:default: Job OK (erpnext.localhost||scheduled_job||s60ssvifus)
2025-04-22 21:48:01,423 Result is kept for 600 seconds
2025-04-22 21:48:01,428 home-rohy-evalaivr-evaluation:default: frappe.utils.background_jobs.execute_job(event=None, is_async=True, job_name='frappe.core.doctype.scheduled_job_type.scheduled_job_type.run_scheduled_jo..., kwargs={'job_type': 'frappe.email.queue.flush', 'scheduled_job_type': 's60b9alidp'..., method='frappe.core.doctype.scheduled_job_type.scheduled_job_type.run_scheduled_jo..., site='erpnext.localhost', user='Administrator') (erpnext.localhost||scheduled_job||s60b9alidp)
2025-04-22 21:48:01,614 Successfully completed frappe.utils.background_jobs.execute_job(event=None, is_async=True, job_name='frappe.core.doctype.scheduled_job_type.scheduled_job_type.run_scheduled_jo..., kwargs={'job_type': 'frappe.email.queue.flush', 'scheduled_job_type': 's60b9alidp'..., method='frappe.core.doctype.scheduled_job_type.scheduled_job_type.run_scheduled_jo..., site='erpnext.localhost', user='Administrator') job in 0:00:00.180055s on worker 788fcd017c71498f9ef65546fcf28348
2025-04-22 21:48:01,614 home-rohy-evalaivr-evaluation:default: Job OK (erpnext.localhost||scheduled_job||s60b9alidp)
2025-04-22 21:48:01,614 Result is kept for 600 seconds
2025-04-22 23:00:55,246 Cleaning registries for queue: home-rohy-evalaivr-evaluation:short
2025-04-22 23:00:55,250 Cleaning registries for queue: home-rohy-evalaivr-evaluation:default
2025-04-22 23:00:55,252 Cleaning registries for queue: home-rohy-evalaivr-evaluation:long
2025-04-22 23:11:09,134 Cleaning registries for queue: home-rohy-evalaivr-evaluation:short
2025-04-22 23:11:09,136 Cleaning registries for queue: home-rohy-evalaivr-evaluation:default
2025-04-22 23:11:09,137 Cleaning registries for queue: home-rohy-evalaivr-evaluation:long
2025-04-23 07:13:50,988 Cleaning registries for queue: home-rohy-evalaivr-evaluation:short
2025-04-23 07:13:51,036 Cleaning registries for queue: home-rohy-evalaivr-evaluation:default
2025-04-23 07:13:51,068 Cleaning registries for queue: home-rohy-evalaivr-evaluation:long
2025-04-23 07:14:06,857 home-rohy-evalaivr-evaluation:default: frappe.utils.background_jobs.execute_job(event=None, is_async=True, job_name='frappe.core.doctype.scheduled_job_type.scheduled_job_type.run_scheduled_jo..., kwargs={'job_type': 'erpnext.setup.doctype.company.company.cache_companies_monthly..., method='frappe.core.doctype.scheduled_job_type.scheduled_job_type.run_scheduled_jo..., site='erpnext.localhost', user='Administrator') (erpnext.localhost||scheduled_job||tgtr0lnsr3)
2025-04-23 07:14:08,695 Successfully completed frappe.utils.background_jobs.execute_job(event=None, is_async=True, job_name='frappe.core.doctype.scheduled_job_type.scheduled_job_type.run_scheduled_jo..., kwargs={'job_type': 'erpnext.setup.doctype.company.company.cache_companies_monthly..., method='frappe.core.doctype.scheduled_job_type.scheduled_job_type.run_scheduled_jo..., site='erpnext.localhost', user='Administrator') job in 0:00:01.779006s on worker 788fcd017c71498f9ef65546fcf28348
2025-04-23 07:14:08,696 home-rohy-evalaivr-evaluation:default: Job OK (erpnext.localhost||scheduled_job||tgtr0lnsr3)
2025-04-23 07:14:08,696 Result is kept for 600 seconds
2025-04-23 07:14:08,708 home-rohy-evalaivr-evaluation:default: frappe.utils.background_jobs.execute_job(event=None, is_async=True, job_name='frappe.core.doctype.scheduled_job_type.scheduled_job_type.run_scheduled_jo..., kwargs={'job_type': 'erpnext.crm.doctype.opportunity.opportunity.auto_close_opport..., method='frappe.core.doctype.scheduled_job_type.scheduled_job_type.run_scheduled_jo..., site='erpnext.localhost', user='Administrator') (erpnext.localhost||scheduled_job||tgt426mbq1)
2025-04-23 07:14:09,228 Successfully completed frappe.utils.background_jobs.execute_job(event=None, is_async=True, job_name='frappe.core.doctype.scheduled_job_type.scheduled_job_type.run_scheduled_jo..., kwargs={'job_type': 'erpnext.crm.doctype.opportunity.opportunity.auto_close_opport..., method='frappe.core.doctype.scheduled_job_type.scheduled_job_type.run_scheduled_jo..., site='erpnext.localhost', user='Administrator') job in 0:00:00.477992s on worker 788fcd017c71498f9ef65546fcf28348
2025-04-23 07:14:09,228 home-rohy-evalaivr-evaluation:default: Job OK (erpnext.localhost||scheduled_job||tgt426mbq1)
2025-04-23 07:14:09,228 Result is kept for 600 seconds
2025-04-23 07:14:09,240 home-rohy-evalaivr-evaluation:default: frappe.utils.background_jobs.execute_job(event=None, is_async=True, job_name='frappe.core.doctype.scheduled_job_type.scheduled_job_type.run_scheduled_jo..., kwargs={'job_type': 'erpnext.assets.doctype.asset.asset.make_post_gl_entry', 'sche..., method='frappe.core.doctype.scheduled_job_type.scheduled_job_type.run_scheduled_jo..., site='erpnext.localhost', user='Administrator') (erpnext.localhost||scheduled_job||tgtv1u0dgn)
2025-04-23 07:14:09,797 Successfully completed frappe.utils.background_jobs.execute_job(event=None, is_async=True, job_name='frappe.core.doctype.scheduled_job_type.scheduled_job_type.run_scheduled_jo..., kwargs={'job_type': 'erpnext.assets.doctype.asset.asset.make_post_gl_entry', 'sche..., method='frappe.core.doctype.scheduled_job_type.scheduled_job_type.run_scheduled_jo..., site='erpnext.localhost', user='Administrator') job in 0:00:00.548245s on worker 788fcd017c71498f9ef65546fcf28348
2025-04-23 07:14:09,797 home-rohy-evalaivr-evaluation:default: Job OK (erpnext.localhost||scheduled_job||tgtv1u0dgn)
2025-04-23 07:14:09,797 Result is kept for 600 seconds
2025-04-23 07:14:09,809 home-rohy-evalaivr-evaluation:default: frappe.utils.background_jobs.execute_job(event=None, is_async=True, job_name='frappe.core.doctype.scheduled_job_type.scheduled_job_type.run_scheduled_jo..., kwargs={'job_type': 'erpnext.buying.doctype.supplier_scorecard.supplier_scorecard...., method='frappe.core.doctype.scheduled_job_type.scheduled_job_type.run_scheduled_jo..., site='erpnext.localhost', user='Administrator') (erpnext.localhost||scheduled_job||tgtbtlc906)
2025-04-23 07:14:11,013 Successfully completed frappe.utils.background_jobs.execute_job(event=None, is_async=True, job_name='frappe.core.doctype.scheduled_job_type.scheduled_job_type.run_scheduled_jo..., kwargs={'job_type': 'erpnext.buying.doctype.supplier_scorecard.supplier_scorecard...., method='frappe.core.doctype.scheduled_job_type.scheduled_job_type.run_scheduled_jo..., site='erpnext.localhost', user='Administrator') job in 0:00:01.190503s on worker 788fcd017c71498f9ef65546fcf28348
2025-04-23 07:14:11,015 home-rohy-evalaivr-evaluation:default: Job OK (erpnext.localhost||scheduled_job||tgtbtlc906)
2025-04-23 07:14:11,015 Result is kept for 600 seconds
2025-04-23 07:14:11,028 home-rohy-evalaivr-evaluation:default: frappe.utils.background_jobs.execute_job(event=None, is_async=True, job_name='frappe.core.doctype.scheduled_job_type.scheduled_job_type.run_scheduled_jo..., kwargs={'job_type': 'frappe.email.doctype.notification.notification.trigger_offset..., method='frappe.core.doctype.scheduled_job_type.scheduled_job_type.run_scheduled_jo..., site='erpnext.localhost', user='Administrator') (erpnext.localhost||scheduled_job||s603rpotun)
2025-04-23 07:14:11,279 Successfully completed frappe.utils.background_jobs.execute_job(event=None, is_async=True, job_name='frappe.core.doctype.scheduled_job_type.scheduled_job_type.run_scheduled_jo..., kwargs={'job_type': 'frappe.email.doctype.notification.notification.trigger_offset..., method='frappe.core.doctype.scheduled_job_type.scheduled_job_type.run_scheduled_jo..., site='erpnext.localhost', user='Administrator') job in 0:00:00.239514s on worker 788fcd017c71498f9ef65546fcf28348
2025-04-23 07:14:11,280 home-rohy-evalaivr-evaluation:default: Job OK (erpnext.localhost||scheduled_job||s603rpotun)
2025-04-23 07:14:11,281 Result is kept for 600 seconds
2025-04-23 07:14:11,299 home-rohy-evalaivr-evaluation:default: frappe.utils.background_jobs.execute_job(event=None, is_async=True, job_name='frappe.core.doctype.scheduled_job_type.scheduled_job_type.run_scheduled_jo..., kwargs={'job_type': 'erpnext.manufacturing.doctype.bom_update_log.bom_update_log.r..., method='frappe.core.doctype.scheduled_job_type.scheduled_job_type.run_scheduled_jo..., site='erpnext.localhost', user='Administrator') (erpnext.localhost||scheduled_job||tgsg535gbe)
2025-04-23 07:14:11,532 Successfully completed frappe.utils.background_jobs.execute_job(event=None, is_async=True, job_name='frappe.core.doctype.scheduled_job_type.scheduled_job_type.run_scheduled_jo..., kwargs={'job_type': 'erpnext.manufacturing.doctype.bom_update_log.bom_update_log.r..., method='frappe.core.doctype.scheduled_job_type.scheduled_job_type.run_scheduled_jo..., site='erpnext.localhost', user='Administrator') job in 0:00:00.222963s on worker 788fcd017c71498f9ef65546fcf28348
2025-04-23 07:14:11,532 home-rohy-evalaivr-evaluation:default: Job OK (erpnext.localhost||scheduled_job||tgsg535gbe)
2025-04-23 07:14:11,532 Result is kept for 600 seconds
2025-04-23 07:14:11,541 home-rohy-evalaivr-evaluation:default: frappe.utils.background_jobs.execute_job(event=None, is_async=True, job_name='frappe.core.doctype.scheduled_job_type.scheduled_job_type.run_scheduled_jo..., kwargs={'job_type': 'frappe.email.doctype.notification.notification.trigger_daily_..., method='frappe.core.doctype.scheduled_job_type.scheduled_job_type.run_scheduled_jo..., site='erpnext.localhost', user='Administrator') (erpnext.localhost||scheduled_job||s614nedkqb)
2025-04-23 07:14:11,824 Successfully completed frappe.utils.background_jobs.execute_job(event=None, is_async=True, job_name='frappe.core.doctype.scheduled_job_type.scheduled_job_type.run_scheduled_jo..., kwargs={'job_type': 'frappe.email.doctype.notification.notification.trigger_daily_..., method='frappe.core.doctype.scheduled_job_type.scheduled_job_type.run_scheduled_jo..., site='erpnext.localhost', user='Administrator') job in 0:00:00.273393s on worker 788fcd017c71498f9ef65546fcf28348
2025-04-23 07:14:11,825 home-rohy-evalaivr-evaluation:default: Job OK (erpnext.localhost||scheduled_job||s614nedkqb)
2025-04-23 07:14:11,825 Result is kept for 600 seconds
2025-04-23 07:14:11,834 home-rohy-evalaivr-evaluation:default: frappe.utils.background_jobs.execute_job(event=None, is_async=True, job_name='frappe.core.doctype.scheduled_job_type.scheduled_job_type.run_scheduled_jo..., kwargs={'job_type': 'frappe.desk.notifications.clear_notifications', 'scheduled_jo..., method='frappe.core.doctype.scheduled_job_type.scheduled_job_type.run_scheduled_jo..., site='erpnext.localhost', user='Administrator') (erpnext.localhost||scheduled_job||s61ks132lr)
2025-04-23 07:14:12,076 Successfully completed frappe.utils.background_jobs.execute_job(event=None, is_async=True, job_name='frappe.core.doctype.scheduled_job_type.scheduled_job_type.run_scheduled_jo..., kwargs={'job_type': 'frappe.desk.notifications.clear_notifications', 'scheduled_jo..., method='frappe.core.doctype.scheduled_job_type.scheduled_job_type.run_scheduled_jo..., site='erpnext.localhost', user='Administrator') job in 0:00:00.233431s on worker 788fcd017c71498f9ef65546fcf28348
2025-04-23 07:14:12,077 home-rohy-evalaivr-evaluation:default: Job OK (erpnext.localhost||scheduled_job||s61ks132lr)
2025-04-23 07:14:12,077 Result is kept for 600 seconds
2025-04-23 07:14:12,086 home-rohy-evalaivr-evaluation:default: frappe.utils.background_jobs.execute_job(event=None, is_async=True, job_name='frappe.core.doctype.scheduled_job_type.scheduled_job_type.run_scheduled_jo..., kwargs={'job_type': 'frappe.email.doctype.newsletter.newsletter.send_scheduled_ema..., method='frappe.core.doctype.scheduled_job_type.scheduled_job_type.run_scheduled_jo..., site='erpnext.localhost', user='Administrator') (erpnext.localhost||scheduled_job||s60i57jue2)
2025-04-23 07:14:12,445 Successfully completed frappe.utils.background_jobs.execute_job(event=None, is_async=True, job_name='frappe.core.doctype.scheduled_job_type.scheduled_job_type.run_scheduled_jo..., kwargs={'job_type': 'frappe.email.doctype.newsletter.newsletter.send_scheduled_ema..., method='frappe.core.doctype.scheduled_job_type.scheduled_job_type.run_scheduled_jo..., site='erpnext.localhost', user='Administrator') job in 0:00:00.350536s on worker 788fcd017c71498f9ef65546fcf28348
2025-04-23 07:14:12,445 home-rohy-evalaivr-evaluation:default: Job OK (erpnext.localhost||scheduled_job||s60i57jue2)
2025-04-23 07:14:12,445 Result is kept for 600 seconds
2025-04-23 07:14:12,454 home-rohy-evalaivr-evaluation:default: frappe.utils.background_jobs.execute_job(event=None, is_async=True, job_name='frappe.core.doctype.scheduled_job_type.scheduled_job_type.run_scheduled_jo..., kwargs={'job_type': 'frappe.desk.form.document_follow.send_daily_updates', 'schedu..., method='frappe.core.doctype.scheduled_job_type.scheduled_job_type.run_scheduled_jo..., site='erpnext.localhost', user='Administrator') (erpnext.localhost||scheduled_job||s61grsbs5n)
2025-04-23 07:14:12,826 Successfully completed frappe.utils.background_jobs.execute_job(event=None, is_async=True, job_name='frappe.core.doctype.scheduled_job_type.scheduled_job_type.run_scheduled_jo..., kwargs={'job_type': 'frappe.desk.form.document_follow.send_daily_updates', 'schedu..., method='frappe.core.doctype.scheduled_job_type.scheduled_job_type.run_scheduled_jo..., site='erpnext.localhost', user='Administrator') job in 0:00:00.361915s on worker 788fcd017c71498f9ef65546fcf28348
2025-04-23 07:14:12,826 home-rohy-evalaivr-evaluation:default: Job OK (erpnext.localhost||scheduled_job||s61grsbs5n)
2025-04-23 07:14:12,826 Result is kept for 600 seconds
2025-04-23 07:14:12,836 home-rohy-evalaivr-evaluation:default: frappe.utils.background_jobs.execute_job(event=None, is_async=True, job_name='frappe.core.doctype.scheduled_job_type.scheduled_job_type.run_scheduled_jo..., kwargs={'job_type': 'frappe.website.doctype.personal_data_deletion_request.persona..., method='frappe.core.doctype.scheduled_job_type.scheduled_job_type.run_scheduled_jo..., site='erpnext.localhost', user='Administrator') (erpnext.localhost||scheduled_job||s61ctibhrf)
2025-04-23 07:14:13,392 Successfully completed frappe.utils.background_jobs.execute_job(event=None, is_async=True, job_name='frappe.core.doctype.scheduled_job_type.scheduled_job_type.run_scheduled_jo..., kwargs={'job_type': 'frappe.website.doctype.personal_data_deletion_request.persona..., method='frappe.core.doctype.scheduled_job_type.scheduled_job_type.run_scheduled_jo..., site='erpnext.localhost', user='Administrator') job in 0:00:00.547345s on worker 788fcd017c71498f9ef65546fcf28348
2025-04-23 07:14:13,392 home-rohy-evalaivr-evaluation:default: Job OK (erpnext.localhost||scheduled_job||s61ctibhrf)
2025-04-23 07:14:13,393 Result is kept for 600 seconds
2025-04-23 07:14:13,403 home-rohy-evalaivr-evaluation:default: frappe.utils.background_jobs.execute_job(event=None, is_async=True, job_name='frappe.core.doctype.scheduled_job_type.scheduled_job_type.run_scheduled_jo..., kwargs={'job_type': 'frappe.model.utils.user_settings.sync_user_settings', 'schedu..., method='frappe.core.doctype.scheduled_job_type.scheduled_job_type.run_scheduled_jo..., site='erpnext.localhost', user='Administrator') (erpnext.localhost||scheduled_job||s605plhvkj)
2025-04-23 07:14:13,623 Successfully completed frappe.utils.background_jobs.execute_job(event=None, is_async=True, job_name='frappe.core.doctype.scheduled_job_type.scheduled_job_type.run_scheduled_jo..., kwargs={'job_type': 'frappe.model.utils.user_settings.sync_user_settings', 'schedu..., method='frappe.core.doctype.scheduled_job_type.scheduled_job_type.run_scheduled_jo..., site='erpnext.localhost', user='Administrator') job in 0:00:00.211799s on worker 788fcd017c71498f9ef65546fcf28348
2025-04-23 07:14:13,624 home-rohy-evalaivr-evaluation:default: Job OK (erpnext.localhost||scheduled_job||s605plhvkj)
2025-04-23 07:14:13,624 Result is kept for 600 seconds
2025-04-23 07:14:13,633 home-rohy-evalaivr-evaluation:default: frappe.utils.background_jobs.execute_job(event=None, is_async=True, job_name='frappe.core.doctype.scheduled_job_type.scheduled_job_type.run_scheduled_jo..., kwargs={'job_type': 'erpnext.quality_management.doctype.quality_review.quality_rev..., method='frappe.core.doctype.scheduled_job_type.scheduled_job_type.run_scheduled_jo..., site='erpnext.localhost', user='Administrator') (erpnext.localhost||scheduled_job||tgtgm0788c)
2025-04-23 07:14:13,928 Successfully completed frappe.utils.background_jobs.execute_job(event=None, is_async=True, job_name='frappe.core.doctype.scheduled_job_type.scheduled_job_type.run_scheduled_jo..., kwargs={'job_type': 'erpnext.quality_management.doctype.quality_review.quality_rev..., method='frappe.core.doctype.scheduled_job_type.scheduled_job_type.run_scheduled_jo..., site='erpnext.localhost', user='Administrator') job in 0:00:00.286434s on worker 788fcd017c71498f9ef65546fcf28348
2025-04-23 07:14:13,928 home-rohy-evalaivr-evaluation:default: Job OK (erpnext.localhost||scheduled_job||tgtgm0788c)
2025-04-23 07:14:13,928 Result is kept for 600 seconds
2025-04-23 07:14:13,936 home-rohy-evalaivr-evaluation:default: frappe.utils.background_jobs.execute_job(event=None, is_async=True, job_name='frappe.core.doctype.scheduled_job_type.scheduled_job_type.run_scheduled_jo..., kwargs={'job_type': 'frappe.social.doctype.energy_point_settings.energy_point_sett..., method='frappe.core.doctype.scheduled_job_type.scheduled_job_type.run_scheduled_jo..., site='erpnext.localhost', user='Administrator') (erpnext.localhost||scheduled_job||s61b9s6v7c)
2025-04-23 07:14:14,402 Successfully completed frappe.utils.background_jobs.execute_job(event=None, is_async=True, job_name='frappe.core.doctype.scheduled_job_type.scheduled_job_type.run_scheduled_jo..., kwargs={'job_type': 'frappe.social.doctype.energy_point_settings.energy_point_sett..., method='frappe.core.doctype.scheduled_job_type.scheduled_job_type.run_scheduled_jo..., site='erpnext.localhost', user='Administrator') job in 0:00:00.457257s on worker 788fcd017c71498f9ef65546fcf28348
2025-04-23 07:14:14,402 home-rohy-evalaivr-evaluation:default: Job OK (erpnext.localhost||scheduled_job||s61b9s6v7c)
2025-04-23 07:14:14,402 Result is kept for 600 seconds
2025-04-23 07:14:14,414 home-rohy-evalaivr-evaluation:default: frappe.utils.background_jobs.execute_job(event=None, is_async=True, job_name='frappe.core.doctype.scheduled_job_type.scheduled_job_type.run_scheduled_jo..., kwargs={'job_type': 'frappe.email.queue.flush', 'scheduled_job_type': 's60b9alidp'..., method='frappe.core.doctype.scheduled_job_type.scheduled_job_type.run_scheduled_jo..., site='erpnext.localhost', user='Administrator') (erpnext.localhost||scheduled_job||s60b9alidp)
2025-04-23 07:14:14,947 Successfully completed frappe.utils.background_jobs.execute_job(event=None, is_async=True, job_name='frappe.core.doctype.scheduled_job_type.scheduled_job_type.run_scheduled_jo..., kwargs={'job_type': 'frappe.email.queue.flush', 'scheduled_job_type': 's60b9alidp'..., method='frappe.core.doctype.scheduled_job_type.scheduled_job_type.run_scheduled_jo..., site='erpnext.localhost', user='Administrator') job in 0:00:00.524515s on worker 788fcd017c71498f9ef65546fcf28348
2025-04-23 07:14:14,947 home-rohy-evalaivr-evaluation:default: Job OK (erpnext.localhost||scheduled_job||s60b9alidp)
2025-04-23 07:14:14,947 Result is kept for 600 seconds
2025-04-23 07:14:14,958 home-rohy-evalaivr-evaluation:default: frappe.utils.background_jobs.execute_job(event=None, is_async=True, job_name='frappe.core.doctype.scheduled_job_type.scheduled_job_type.run_scheduled_jo..., kwargs={'job_type': 'erpnext.selling.doctype.quotation.quotation.set_expired_statu..., method='frappe.core.doctype.scheduled_job_type.scheduled_job_type.run_scheduled_jo..., site='erpnext.localhost', user='Administrator') (erpnext.localhost||scheduled_job||tgt0s28k1v)
2025-04-23 07:14:15,335 Successfully completed frappe.utils.background_jobs.execute_job(event=None, is_async=True, job_name='frappe.core.doctype.scheduled_job_type.scheduled_job_type.run_scheduled_jo..., kwargs={'job_type': 'erpnext.selling.doctype.quotation.quotation.set_expired_statu..., method='frappe.core.doctype.scheduled_job_type.scheduled_job_type.run_scheduled_jo..., site='erpnext.localhost', user='Administrator') job in 0:00:00.367544s on worker 788fcd017c71498f9ef65546fcf28348
2025-04-23 07:14:15,335 home-rohy-evalaivr-evaluation:default: Job OK (erpnext.localhost||scheduled_job||tgt0s28k1v)
2025-04-23 07:14:15,335 Result is kept for 600 seconds
2025-04-23 07:14:15,345 home-rohy-evalaivr-evaluation:default: frappe.utils.background_jobs.execute_job(event=None, is_async=True, job_name='frappe.core.doctype.scheduled_job_type.scheduled_job_type.run_scheduled_jo..., kwargs={'job_type': 'erpnext.accounts.doctype.gl_entry.gl_entry.rename_gle_sle_doc..., method='frappe.core.doctype.scheduled_job_type.scheduled_job_type.run_scheduled_jo..., site='erpnext.localhost', user='Administrator') (erpnext.localhost||scheduled_job||tgs1rnqh8d)
2025-04-23 07:14:16,111 Successfully completed frappe.utils.background_jobs.execute_job(event=None, is_async=True, job_name='frappe.core.doctype.scheduled_job_type.scheduled_job_type.run_scheduled_jo..., kwargs={'job_type': 'erpnext.accounts.doctype.gl_entry.gl_entry.rename_gle_sle_doc..., method='frappe.core.doctype.scheduled_job_type.scheduled_job_type.run_scheduled_jo..., site='erpnext.localhost', user='Administrator') job in 0:00:00.756939s on worker 788fcd017c71498f9ef65546fcf28348
2025-04-23 07:14:16,111 home-rohy-evalaivr-evaluation:default: Job OK (erpnext.localhost||scheduled_job||tgs1rnqh8d)
2025-04-23 07:14:16,111 Result is kept for 600 seconds
2025-04-23 07:14:16,122 home-rohy-evalaivr-evaluation:default: frappe.utils.background_jobs.execute_job(event=None, is_async=True, job_name='frappe.core.doctype.scheduled_job_type.scheduled_job_type.run_scheduled_jo..., kwargs={'job_type': 'frappe.email.doctype.email_account.email_account.pull', 'sche..., method='frappe.core.doctype.scheduled_job_type.scheduled_job_type.run_scheduled_jo..., site='erpnext.localhost', user='Administrator') (erpnext.localhost||scheduled_job||s60v5h24ke)
2025-04-23 07:14:16,405 Successfully completed frappe.utils.background_jobs.execute_job(event=None, is_async=True, job_name='frappe.core.doctype.scheduled_job_type.scheduled_job_type.run_scheduled_jo..., kwargs={'job_type': 'frappe.email.doctype.email_account.email_account.pull', 'sche..., method='frappe.core.doctype.scheduled_job_type.scheduled_job_type.run_scheduled_jo..., site='erpnext.localhost', user='Administrator') job in 0:00:00.274471s on worker 788fcd017c71498f9ef65546fcf28348
2025-04-23 07:14:16,406 home-rohy-evalaivr-evaluation:default: Job OK (erpnext.localhost||scheduled_job||s60v5h24ke)
2025-04-23 07:14:16,406 Result is kept for 600 seconds
2025-04-23 07:14:16,414 home-rohy-evalaivr-evaluation:default: frappe.utils.background_jobs.execute_job(event=None, is_async=True, job_name='frappe.core.doctype.scheduled_job_type.scheduled_job_type.run_scheduled_jo..., kwargs={'job_type': 'erpnext.stock.doctype.serial_no.serial_no.update_maintenance_..., method='frappe.core.doctype.scheduled_job_type.scheduled_job_type.run_scheduled_jo..., site='erpnext.localhost', user='Administrator') (erpnext.localhost||scheduled_job||tgts2g2sl7)
2025-04-23 07:14:16,674 Successfully completed frappe.utils.background_jobs.execute_job(event=None, is_async=True, job_name='frappe.core.doctype.scheduled_job_type.scheduled_job_type.run_scheduled_jo..., kwargs={'job_type': 'erpnext.stock.doctype.serial_no.serial_no.update_maintenance_..., method='frappe.core.doctype.scheduled_job_type.scheduled_job_type.run_scheduled_jo..., site='erpnext.localhost', user='Administrator') job in 0:00:00.251987s on worker 788fcd017c71498f9ef65546fcf28348
2025-04-23 07:14:16,674 home-rohy-evalaivr-evaluation:default: Job OK (erpnext.localhost||scheduled_job||tgts2g2sl7)
2025-04-23 07:14:16,674 Result is kept for 600 seconds
2025-04-23 07:14:16,684 home-rohy-evalaivr-evaluation:default: frappe.utils.background_jobs.execute_job(event=None, is_async=True, job_name='frappe.core.doctype.scheduled_job_type.scheduled_job_type.run_scheduled_jo..., kwargs={'job_type': 'frappe.core.doctype.log_settings.log_settings.run_log_clean_u..., method='frappe.core.doctype.scheduled_job_type.scheduled_job_type.run_scheduled_jo..., site='erpnext.localhost', user='Administrator') (erpnext.localhost||scheduled_job||s604ncis1i)
2025-04-23 07:14:17,442 Successfully completed frappe.utils.background_jobs.execute_job(event=None, is_async=True, job_name='frappe.core.doctype.scheduled_job_type.scheduled_job_type.run_scheduled_jo..., kwargs={'job_type': 'frappe.core.doctype.log_settings.log_settings.run_log_clean_u..., method='frappe.core.doctype.scheduled_job_type.scheduled_job_type.run_scheduled_jo..., site='erpnext.localhost', user='Administrator') job in 0:00:00.750285s on worker 788fcd017c71498f9ef65546fcf28348
2025-04-23 07:14:17,443 home-rohy-evalaivr-evaluation:default: Job OK (erpnext.localhost||scheduled_job||s604ncis1i)
2025-04-23 07:14:17,443 Result is kept for 600 seconds
2025-04-23 07:14:17,453 home-rohy-evalaivr-evaluation:default: frappe.utils.background_jobs.execute_job(event=None, is_async=True, job_name='frappe.core.doctype.scheduled_job_type.scheduled_job_type.run_scheduled_jo..., kwargs={'job_type': 'erpnext.utilities.doctype.video.video.update_youtube_data', '..., method='frappe.core.doctype.scheduled_job_type.scheduled_job_type.run_scheduled_jo..., site='erpnext.localhost', user='Administrator') (erpnext.localhost||scheduled_job||tgspm1s388)
2025-04-23 07:14:18,130 Successfully completed frappe.utils.background_jobs.execute_job(event=None, is_async=True, job_name='frappe.core.doctype.scheduled_job_type.scheduled_job_type.run_scheduled_jo..., kwargs={'job_type': 'erpnext.utilities.doctype.video.video.update_youtube_data', '..., method='frappe.core.doctype.scheduled_job_type.scheduled_job_type.run_scheduled_jo..., site='erpnext.localhost', user='Administrator') job in 0:00:00.668049s on worker 788fcd017c71498f9ef65546fcf28348
2025-04-23 07:14:18,131 home-rohy-evalaivr-evaluation:default: Job OK (erpnext.localhost||scheduled_job||tgspm1s388)
2025-04-23 07:14:18,131 Result is kept for 600 seconds
2025-04-23 07:14:18,140 home-rohy-evalaivr-evaluation:default: frappe.utils.background_jobs.execute_job(event=None, is_async=True, job_name='frappe.core.doctype.scheduled_job_type.scheduled_job_type.run_scheduled_jo..., kwargs={'job_type': 'frappe.monitor.flush', 'scheduled_job_type': 's60ssvifus'}, method='frappe.core.doctype.scheduled_job_type.scheduled_job_type.run_scheduled_jo..., site='erpnext.localhost', user='Administrator') (erpnext.localhost||scheduled_job||s60ssvifus)
2025-04-23 07:14:18,294 Successfully completed frappe.utils.background_jobs.execute_job(event=None, is_async=True, job_name='frappe.core.doctype.scheduled_job_type.scheduled_job_type.run_scheduled_jo..., kwargs={'job_type': 'frappe.monitor.flush', 'scheduled_job_type': 's60ssvifus'}, method='frappe.core.doctype.scheduled_job_type.scheduled_job_type.run_scheduled_jo..., site='erpnext.localhost', user='Administrator') job in 0:00:00.146288s on worker 788fcd017c71498f9ef65546fcf28348
2025-04-23 07:14:18,296 home-rohy-evalaivr-evaluation:default: Job OK (erpnext.localhost||scheduled_job||s60ssvifus)
2025-04-23 07:14:18,296 Result is kept for 600 seconds
2025-04-23 07:14:18,312 home-rohy-evalaivr-evaluation:default: frappe.utils.background_jobs.execute_job(event=None, is_async=True, job_name='frappe.core.doctype.scheduled_job_type.scheduled_job_type.run_scheduled_jo..., kwargs={'job_type': 'erpnext.projects.doctype.project.project.project_status_updat..., method='frappe.core.doctype.scheduled_job_type.scheduled_job_type.run_scheduled_jo..., site='erpnext.localhost', user='Administrator') (erpnext.localhost||scheduled_job||tgsqk4bptv)
2025-04-23 07:14:18,569 Successfully completed frappe.utils.background_jobs.execute_job(event=None, is_async=True, job_name='frappe.core.doctype.scheduled_job_type.scheduled_job_type.run_scheduled_jo..., kwargs={'job_type': 'erpnext.projects.doctype.project.project.project_status_updat..., method='frappe.core.doctype.scheduled_job_type.scheduled_job_type.run_scheduled_jo..., site='erpnext.localhost', user='Administrator') job in 0:00:00.249034s on worker 788fcd017c71498f9ef65546fcf28348
2025-04-23 07:14:18,570 home-rohy-evalaivr-evaluation:default: Job OK (erpnext.localhost||scheduled_job||tgsqk4bptv)
2025-04-23 07:14:18,570 Result is kept for 600 seconds
2025-04-23 07:14:18,577 home-rohy-evalaivr-evaluation:default: frappe.utils.background_jobs.execute_job(event=None, is_async=True, job_name='frappe.core.doctype.scheduled_job_type.scheduled_job_type.run_scheduled_jo..., kwargs={'job_type': 'erpnext.accounts.utils.run_ledger_health_checks', 'scheduled_..., method='frappe.core.doctype.scheduled_job_type.scheduled_job_type.run_scheduled_jo..., site='erpnext.localhost', user='Administrator') (erpnext.localhost||scheduled_job||tgtg91ga7r)
2025-04-23 07:14:18,965 Successfully completed frappe.utils.background_jobs.execute_job(event=None, is_async=True, job_name='frappe.core.doctype.scheduled_job_type.scheduled_job_type.run_scheduled_jo..., kwargs={'job_type': 'erpnext.accounts.utils.run_ledger_health_checks', 'scheduled_..., method='frappe.core.doctype.scheduled_job_type.scheduled_job_type.run_scheduled_jo..., site='erpnext.localhost', user='Administrator') job in 0:00:00.361399s on worker 788fcd017c71498f9ef65546fcf28348
2025-04-23 07:14:18,965 home-rohy-evalaivr-evaluation:default: Job OK (erpnext.localhost||scheduled_job||tgtg91ga7r)
2025-04-23 07:14:18,966 Result is kept for 600 seconds
2025-04-23 07:14:18,974 home-rohy-evalaivr-evaluation:default: frappe.utils.background_jobs.execute_job(event=None, is_async=True, job_name='frappe.core.doctype.scheduled_job_type.scheduled_job_type.run_scheduled_jo..., kwargs={'job_type': 'erpnext.controllers.accounts_controller.update_invoice_status..., method='frappe.core.doctype.scheduled_job_type.scheduled_job_type.run_scheduled_jo..., site='erpnext.localhost', user='Administrator') (erpnext.localhost||scheduled_job||tgtlbmeful)
2025-04-23 07:14:19,307 Successfully completed frappe.utils.background_jobs.execute_job(event=None, is_async=True, job_name='frappe.core.doctype.scheduled_job_type.scheduled_job_type.run_scheduled_jo..., kwargs={'job_type': 'erpnext.controllers.accounts_controller.update_invoice_status..., method='frappe.core.doctype.scheduled_job_type.scheduled_job_type.run_scheduled_jo..., site='erpnext.localhost', user='Administrator') job in 0:00:00.324503s on worker 788fcd017c71498f9ef65546fcf28348
2025-04-23 07:14:19,307 home-rohy-evalaivr-evaluation:default: Job OK (erpnext.localhost||scheduled_job||tgtlbmeful)
2025-04-23 07:14:19,307 Result is kept for 600 seconds
2025-04-23 07:14:19,316 home-rohy-evalaivr-evaluation:default: frappe.utils.background_jobs.execute_job(event=None, is_async=True, job_name='frappe.core.doctype.scheduled_job_type.scheduled_job_type.run_scheduled_jo..., kwargs={'job_type': 'frappe.desk.form.document_follow.send_hourly_updates', 'sched..., method='frappe.core.doctype.scheduled_job_type.scheduled_job_type.run_scheduled_jo..., site='erpnext.localhost', user='Administrator') (erpnext.localhost||scheduled_job||s60s4fqf9p)
2025-04-23 07:14:19,563 Successfully completed frappe.utils.background_jobs.execute_job(event=None, is_async=True, job_name='frappe.core.doctype.scheduled_job_type.scheduled_job_type.run_scheduled_jo..., kwargs={'job_type': 'frappe.desk.form.document_follow.send_hourly_updates', 'sched..., method='frappe.core.doctype.scheduled_job_type.scheduled_job_type.run_scheduled_jo..., site='erpnext.localhost', user='Administrator') job in 0:00:00.237552s on worker 788fcd017c71498f9ef65546fcf28348
2025-04-23 07:14:19,563 home-rohy-evalaivr-evaluation:default: Job OK (erpnext.localhost||scheduled_job||s60s4fqf9p)
2025-04-23 07:14:19,563 Result is kept for 600 seconds
2025-04-23 07:14:19,572 home-rohy-evalaivr-evaluation:default: frappe.utils.background_jobs.execute_job(event=None, is_async=True, job_name='frappe.core.doctype.scheduled_job_type.scheduled_job_type.run_scheduled_jo..., kwargs={'job_type': 'erpnext.support.doctype.issue.issue.auto_close_tickets', 'sch..., method='frappe.core.doctype.scheduled_job_type.scheduled_job_type.run_scheduled_jo..., site='erpnext.localhost', user='Administrator') (erpnext.localhost||scheduled_job||tgtqp8qeqn)
2025-04-23 07:14:19,860 Successfully completed frappe.utils.background_jobs.execute_job(event=None, is_async=True, job_name='frappe.core.doctype.scheduled_job_type.scheduled_job_type.run_scheduled_jo..., kwargs={'job_type': 'erpnext.support.doctype.issue.issue.auto_close_tickets', 'sch..., method='frappe.core.doctype.scheduled_job_type.scheduled_job_type.run_scheduled_jo..., site='erpnext.localhost', user='Administrator') job in 0:00:00.278943s on worker 788fcd017c71498f9ef65546fcf28348
2025-04-23 07:14:19,861 home-rohy-evalaivr-evaluation:default: Job OK (erpnext.localhost||scheduled_job||tgtqp8qeqn)
2025-04-23 07:14:19,861 Result is kept for 600 seconds
2025-04-23 07:14:19,871 home-rohy-evalaivr-evaluation:default: frappe.utils.background_jobs.execute_job(event=None, is_async=True, job_name='frappe.core.doctype.scheduled_job_type.scheduled_job_type.run_scheduled_jo..., kwargs={'job_type': 'frappe.automation.doctype.reminder.reminder.send_reminders', ..., method='frappe.core.doctype.scheduled_job_type.scheduled_job_type.run_scheduled_jo..., site='erpnext.localhost', user='Administrator') (erpnext.localhost||scheduled_job||s60860egc9)
2025-04-23 07:14:20,073 Successfully completed frappe.utils.background_jobs.execute_job(event=None, is_async=True, job_name='frappe.core.doctype.scheduled_job_type.scheduled_job_type.run_scheduled_jo..., kwargs={'job_type': 'frappe.automation.doctype.reminder.reminder.send_reminders', ..., method='frappe.core.doctype.scheduled_job_type.scheduled_job_type.run_scheduled_jo..., site='erpnext.localhost', user='Administrator') job in 0:00:00.193430s on worker 788fcd017c71498f9ef65546fcf28348
2025-04-23 07:14:20,074 home-rohy-evalaivr-evaluation:default: Job OK (erpnext.localhost||scheduled_job||s60860egc9)
2025-04-23 07:14:20,074 Result is kept for 600 seconds
2025-04-23 07:14:20,083 home-rohy-evalaivr-evaluation:default: frappe.utils.background_jobs.execute_job(event=None, is_async=True, job_name='frappe.core.doctype.scheduled_job_type.scheduled_job_type.run_scheduled_jo..., kwargs={'job_type': 'erpnext.crm.doctype.email_campaign.email_campaign.send_email_..., method='frappe.core.doctype.scheduled_job_type.scheduled_job_type.run_scheduled_jo..., site='erpnext.localhost', user='Administrator') (erpnext.localhost||scheduled_job||tgt2s477nu)
2025-04-23 07:14:20,522 Successfully completed frappe.utils.background_jobs.execute_job(event=None, is_async=True, job_name='frappe.core.doctype.scheduled_job_type.scheduled_job_type.run_scheduled_jo..., kwargs={'job_type': 'erpnext.crm.doctype.email_campaign.email_campaign.send_email_..., method='frappe.core.doctype.scheduled_job_type.scheduled_job_type.run_scheduled_jo..., site='erpnext.localhost', user='Administrator') job in 0:00:00.430704s on worker 788fcd017c71498f9ef65546fcf28348
2025-04-23 07:14:20,522 home-rohy-evalaivr-evaluation:default: Job OK (erpnext.localhost||scheduled_job||tgt2s477nu)
2025-04-23 07:14:20,523 Result is kept for 600 seconds
2025-04-23 07:14:20,541 home-rohy-evalaivr-evaluation:default: frappe.utils.background_jobs.execute_job(event=None, is_async=True, job_name='frappe.core.doctype.scheduled_job_type.scheduled_job_type.run_scheduled_jo..., kwargs={'job_type': 'erpnext.projects.doctype.project.project.hourly_reminder', 's..., method='frappe.core.doctype.scheduled_job_type.scheduled_job_type.run_scheduled_jo..., site='erpnext.localhost', user='Administrator') (erpnext.localhost||scheduled_job||tgsn011kqd)
2025-04-23 07:14:20,959 Successfully completed frappe.utils.background_jobs.execute_job(event=None, is_async=True, job_name='frappe.core.doctype.scheduled_job_type.scheduled_job_type.run_scheduled_jo..., kwargs={'job_type': 'erpnext.projects.doctype.project.project.hourly_reminder', 's..., method='frappe.core.doctype.scheduled_job_type.scheduled_job_type.run_scheduled_jo..., site='erpnext.localhost', user='Administrator') job in 0:00:00.404247s on worker 788fcd017c71498f9ef65546fcf28348
2025-04-23 07:14:20,960 home-rohy-evalaivr-evaluation:default: Job OK (erpnext.localhost||scheduled_job||tgsn011kqd)
2025-04-23 07:14:20,960 Result is kept for 600 seconds
2025-04-23 07:14:20,974 home-rohy-evalaivr-evaluation:default: frappe.utils.background_jobs.execute_job(event=None, is_async=True, job_name='frappe.core.doctype.scheduled_job_type.scheduled_job_type.run_scheduled_jo..., kwargs={'job_type': 'erpnext.projects.doctype.project.project.collect_project_stat..., method='frappe.core.doctype.scheduled_job_type.scheduled_job_type.run_scheduled_jo..., site='erpnext.localhost', user='Administrator') (erpnext.localhost||scheduled_job||tgs4o4k734)
2025-04-23 07:14:21,233 Successfully completed frappe.utils.background_jobs.execute_job(event=None, is_async=True, job_name='frappe.core.doctype.scheduled_job_type.scheduled_job_type.run_scheduled_jo..., kwargs={'job_type': 'erpnext.projects.doctype.project.project.collect_project_stat..., method='frappe.core.doctype.scheduled_job_type.scheduled_job_type.run_scheduled_jo..., site='erpnext.localhost', user='Administrator') job in 0:00:00.249893s on worker 788fcd017c71498f9ef65546fcf28348
2025-04-23 07:14:21,233 home-rohy-evalaivr-evaluation:default: Job OK (erpnext.localhost||scheduled_job||tgs4o4k734)
2025-04-23 07:14:21,233 Result is kept for 600 seconds
2025-04-23 07:14:21,242 home-rohy-evalaivr-evaluation:default: frappe.utils.background_jobs.execute_job(event=None, is_async=True, job_name='frappe.core.doctype.scheduled_job_type.scheduled_job_type.run_scheduled_jo..., kwargs={'job_type': 'erpnext.stock.reorder_item.reorder_item', 'scheduled_job_type..., method='frappe.core.doctype.scheduled_job_type.scheduled_job_type.run_scheduled_jo..., site='erpnext.localhost', user='Administrator') (erpnext.localhost||scheduled_job||tgs2nfmq95)
2025-04-23 07:14:21,519 Successfully completed frappe.utils.background_jobs.execute_job(event=None, is_async=True, job_name='frappe.core.doctype.scheduled_job_type.scheduled_job_type.run_scheduled_jo..., kwargs={'job_type': 'erpnext.stock.reorder_item.reorder_item', 'scheduled_job_type..., method='frappe.core.doctype.scheduled_job_type.scheduled_job_type.run_scheduled_jo..., site='erpnext.localhost', user='Administrator') job in 0:00:00.268704s on worker 788fcd017c71498f9ef65546fcf28348
2025-04-23 07:14:21,520 home-rohy-evalaivr-evaluation:default: Job OK (erpnext.localhost||scheduled_job||tgs2nfmq95)
2025-04-23 07:14:21,520 Result is kept for 600 seconds
2025-04-23 07:14:21,533 home-rohy-evalaivr-evaluation:default: frappe.utils.background_jobs.execute_job(event=None, is_async=True, job_name='frappe.core.doctype.scheduled_job_type.scheduled_job_type.run_scheduled_jo..., kwargs={'job_type': 'frappe.website.doctype.web_page.web_page.check_publish_status..., method='frappe.core.doctype.scheduled_job_type.scheduled_job_type.run_scheduled_jo..., site='erpnext.localhost', user='Administrator') (erpnext.localhost||scheduled_job||s609qc5grc)
2025-04-23 07:14:21,805 Successfully completed frappe.utils.background_jobs.execute_job(event=None, is_async=True, job_name='frappe.core.doctype.scheduled_job_type.scheduled_job_type.run_scheduled_jo..., kwargs={'job_type': 'frappe.website.doctype.web_page.web_page.check_publish_status..., method='frappe.core.doctype.scheduled_job_type.scheduled_job_type.run_scheduled_jo..., site='erpnext.localhost', user='Administrator') job in 0:00:00.261801s on worker 788fcd017c71498f9ef65546fcf28348
2025-04-23 07:14:21,805 home-rohy-evalaivr-evaluation:default: Job OK (erpnext.localhost||scheduled_job||s609qc5grc)
2025-04-23 07:14:21,805 Result is kept for 600 seconds
2025-04-23 07:14:21,814 home-rohy-evalaivr-evaluation:default: frappe.utils.background_jobs.execute_job(event=None, is_async=True, job_name='frappe.core.doctype.scheduled_job_type.scheduled_job_type.run_scheduled_jo..., kwargs={'job_type': 'erpnext.assets.doctype.asset.asset.update_maintenance_status'..., method='frappe.core.doctype.scheduled_job_type.scheduled_job_type.run_scheduled_jo..., site='erpnext.localhost', user='Administrator') (erpnext.localhost||scheduled_job||tgtck169ae)
2025-04-23 07:14:22,472 Successfully completed frappe.utils.background_jobs.execute_job(event=None, is_async=True, job_name='frappe.core.doctype.scheduled_job_type.scheduled_job_type.run_scheduled_jo..., kwargs={'job_type': 'erpnext.assets.doctype.asset.asset.update_maintenance_status'..., method='frappe.core.doctype.scheduled_job_type.scheduled_job_type.run_scheduled_jo..., site='erpnext.localhost', user='Administrator') job in 0:00:00.648900s on worker 788fcd017c71498f9ef65546fcf28348
2025-04-23 07:14:22,472 home-rohy-evalaivr-evaluation:default: Job OK (erpnext.localhost||scheduled_job||tgtck169ae)
2025-04-23 07:14:22,473 Result is kept for 600 seconds
2025-04-23 07:14:22,485 home-rohy-evalaivr-evaluation:default: frappe.utils.background_jobs.execute_job(event=None, is_async=True, job_name='frappe.core.doctype.scheduled_job_type.scheduled_job_type.run_scheduled_jo..., kwargs={'job_type': 'frappe.email.doctype.email_account.email_account.notify_unrep..., method='frappe.core.doctype.scheduled_job_type.scheduled_job_type.run_scheduled_jo..., site='erpnext.localhost', user='Administrator') (erpnext.localhost||scheduled_job||s60tvhcbpc)
2025-04-23 07:14:22,794 Successfully completed frappe.utils.background_jobs.execute_job(event=None, is_async=True, job_name='frappe.core.doctype.scheduled_job_type.scheduled_job_type.run_scheduled_jo..., kwargs={'job_type': 'frappe.email.doctype.email_account.email_account.notify_unrep..., method='frappe.core.doctype.scheduled_job_type.scheduled_job_type.run_scheduled_jo..., site='erpnext.localhost', user='Administrator') job in 0:00:00.300328s on worker 788fcd017c71498f9ef65546fcf28348
2025-04-23 07:14:22,795 home-rohy-evalaivr-evaluation:default: Job OK (erpnext.localhost||scheduled_job||s60tvhcbpc)
2025-04-23 07:14:22,795 Result is kept for 600 seconds
2025-04-23 07:14:22,807 home-rohy-evalaivr-evaluation:default: frappe.utils.background_jobs.execute_job(event=None, is_async=True, job_name='frappe.core.doctype.scheduled_job_type.scheduled_job_type.run_scheduled_jo..., kwargs={'job_type': 'erpnext.accounts.utils.auto_create_exchange_rate_revaluation_..., method='frappe.core.doctype.scheduled_job_type.scheduled_job_type.run_scheduled_jo..., site='erpnext.localhost', user='Administrator') (erpnext.localhost||scheduled_job||tgtqf6ucjb)
2025-04-23 07:14:23,149 Successfully completed frappe.utils.background_jobs.execute_job(event=None, is_async=True, job_name='frappe.core.doctype.scheduled_job_type.scheduled_job_type.run_scheduled_jo..., kwargs={'job_type': 'erpnext.accounts.utils.auto_create_exchange_rate_revaluation_..., method='frappe.core.doctype.scheduled_job_type.scheduled_job_type.run_scheduled_jo..., site='erpnext.localhost', user='Administrator') job in 0:00:00.333133s on worker 788fcd017c71498f9ef65546fcf28348
2025-04-23 07:14:23,149 home-rohy-evalaivr-evaluation:default: Job OK (erpnext.localhost||scheduled_job||tgtqf6ucjb)
2025-04-23 07:14:23,149 Result is kept for 600 seconds
2025-04-23 07:14:23,165 home-rohy-evalaivr-evaluation:default: frappe.utils.background_jobs.execute_job(event=None, is_async=True, job_name='frappe.core.doctype.scheduled_job_type.scheduled_job_type.run_scheduled_jo..., kwargs={'job_type': 'frappe.integrations.doctype.google_contacts.google_contacts.s..., method='frappe.core.doctype.scheduled_job_type.scheduled_job_type.run_scheduled_jo..., site='erpnext.localhost', user='Administrator') (erpnext.localhost||scheduled_job||s61ns1d2bh)
2025-04-23 07:14:24,493 Successfully completed frappe.utils.background_jobs.execute_job(event=None, is_async=True, job_name='frappe.core.doctype.scheduled_job_type.scheduled_job_type.run_scheduled_jo..., kwargs={'job_type': 'frappe.integrations.doctype.google_contacts.google_contacts.s..., method='frappe.core.doctype.scheduled_job_type.scheduled_job_type.run_scheduled_jo..., site='erpnext.localhost', user='Administrator') job in 0:00:01.318633s on worker 788fcd017c71498f9ef65546fcf28348
2025-04-23 07:14:24,493 home-rohy-evalaivr-evaluation:default: Job OK (erpnext.localhost||scheduled_job||s61ns1d2bh)
2025-04-23 07:14:24,493 Result is kept for 600 seconds
2025-04-23 07:14:24,506 home-rohy-evalaivr-evaluation:default: frappe.utils.background_jobs.execute_job(event=None, is_async=True, job_name='frappe.core.doctype.scheduled_job_type.scheduled_job_type.run_scheduled_jo..., kwargs={'job_type': 'erpnext.erpnext_integrations.doctype.plaid_settings.plaid_set..., method='frappe.core.doctype.scheduled_job_type.scheduled_job_type.run_scheduled_jo..., site='erpnext.localhost', user='Administrator') (erpnext.localhost||scheduled_job||tgsq64od4l)
2025-04-23 07:14:25,072 Successfully completed frappe.utils.background_jobs.execute_job(event=None, is_async=True, job_name='frappe.core.doctype.scheduled_job_type.scheduled_job_type.run_scheduled_jo..., kwargs={'job_type': 'erpnext.erpnext_integrations.doctype.plaid_settings.plaid_set..., method='frappe.core.doctype.scheduled_job_type.scheduled_job_type.run_scheduled_jo..., site='erpnext.localhost', user='Administrator') job in 0:00:00.556090s on worker 788fcd017c71498f9ef65546fcf28348
2025-04-23 07:14:25,073 home-rohy-evalaivr-evaluation:default: Job OK (erpnext.localhost||scheduled_job||tgsq64od4l)
2025-04-23 07:14:25,073 Result is kept for 600 seconds
2025-04-23 07:14:25,085 home-rohy-evalaivr-evaluation:default: frappe.utils.background_jobs.execute_job(event=None, is_async=True, job_name='frappe.core.doctype.scheduled_job_type.scheduled_job_type.run_scheduled_jo..., kwargs={'job_type': 'erpnext.accounts.doctype.fiscal_year.fiscal_year.auto_create_..., method='frappe.core.doctype.scheduled_job_type.scheduled_job_type.run_scheduled_jo..., site='erpnext.localhost', user='Administrator') (erpnext.localhost||scheduled_job||tgt5hg7304)
2025-04-23 07:14:25,389 Successfully completed frappe.utils.background_jobs.execute_job(event=None, is_async=True, job_name='frappe.core.doctype.scheduled_job_type.scheduled_job_type.run_scheduled_jo..., kwargs={'job_type': 'erpnext.accounts.doctype.fiscal_year.fiscal_year.auto_create_..., method='frappe.core.doctype.scheduled_job_type.scheduled_job_type.run_scheduled_jo..., site='erpnext.localhost', user='Administrator') job in 0:00:00.290689s on worker 788fcd017c71498f9ef65546fcf28348
2025-04-23 07:14:25,390 home-rohy-evalaivr-evaluation:default: Job OK (erpnext.localhost||scheduled_job||tgt5hg7304)
2025-04-23 07:14:25,390 Result is kept for 600 seconds
2025-04-23 07:14:25,399 home-rohy-evalaivr-evaluation:default: frappe.utils.background_jobs.execute_job(event=None, is_async=True, job_name='frappe.core.doctype.scheduled_job_type.scheduled_job_type.run_scheduled_jo..., kwargs={'job_type': 'frappe.oauth.delete_oauth2_data', 'scheduled_job_type': 's607..., method='frappe.core.doctype.scheduled_job_type.scheduled_job_type.run_scheduled_jo..., site='erpnext.localhost', user='Administrator') (erpnext.localhost||scheduled_job||s607u2ss9g)
2025-04-23 07:14:25,615 Successfully completed frappe.utils.background_jobs.execute_job(event=None, is_async=True, job_name='frappe.core.doctype.scheduled_job_type.scheduled_job_type.run_scheduled_jo..., kwargs={'job_type': 'frappe.oauth.delete_oauth2_data', 'scheduled_job_type': 's607..., method='frappe.core.doctype.scheduled_job_type.scheduled_job_type.run_scheduled_jo..., site='erpnext.localhost', user='Administrator') job in 0:00:00.207887s on worker 788fcd017c71498f9ef65546fcf28348
2025-04-23 07:14:25,616 home-rohy-evalaivr-evaluation:default: Job OK (erpnext.localhost||scheduled_job||s607u2ss9g)
2025-04-23 07:14:25,616 Result is kept for 600 seconds
2025-04-23 07:14:25,623 home-rohy-evalaivr-evaluation:default: frappe.utils.background_jobs.execute_job(event=None, is_async=True, job_name='frappe.core.doctype.scheduled_job_type.scheduled_job_type.run_scheduled_jo..., kwargs={'job_type': 'erpnext.projects.doctype.task.task.set_tasks_as_overdue', 'sc..., method='frappe.core.doctype.scheduled_job_type.scheduled_job_type.run_scheduled_jo..., site='erpnext.localhost', user='Administrator') (erpnext.localhost||scheduled_job||tgtmpff98r)
2025-04-23 07:14:25,839 Successfully completed frappe.utils.background_jobs.execute_job(event=None, is_async=True, job_name='frappe.core.doctype.scheduled_job_type.scheduled_job_type.run_scheduled_jo..., kwargs={'job_type': 'erpnext.projects.doctype.task.task.set_tasks_as_overdue', 'sc..., method='frappe.core.doctype.scheduled_job_type.scheduled_job_type.run_scheduled_jo..., site='erpnext.localhost', user='Administrator') job in 0:00:00.208193s on worker 788fcd017c71498f9ef65546fcf28348
2025-04-23 07:14:25,839 home-rohy-evalaivr-evaluation:default: Job OK (erpnext.localhost||scheduled_job||tgtmpff98r)
2025-04-23 07:14:25,840 Result is kept for 600 seconds
2025-04-23 07:14:25,848 home-rohy-evalaivr-evaluation:default: frappe.utils.background_jobs.execute_job(event=None, is_async=True, job_name='frappe.core.doctype.scheduled_job_type.scheduled_job_type.run_scheduled_jo..., kwargs={'job_type': 'frappe.sessions.clear_expired_sessions', 'scheduled_job_type'..., method='frappe.core.doctype.scheduled_job_type.scheduled_job_type.run_scheduled_jo..., site='erpnext.localhost', user='Administrator') (erpnext.localhost||scheduled_job||s617di1agp)
2025-04-23 07:14:26,039 Successfully completed frappe.utils.background_jobs.execute_job(event=None, is_async=True, job_name='frappe.core.doctype.scheduled_job_type.scheduled_job_type.run_scheduled_jo..., kwargs={'job_type': 'frappe.sessions.clear_expired_sessions', 'scheduled_job_type'..., method='frappe.core.doctype.scheduled_job_type.scheduled_job_type.run_scheduled_jo..., site='erpnext.localhost', user='Administrator') job in 0:00:00.183522s on worker 788fcd017c71498f9ef65546fcf28348
2025-04-23 07:14:26,039 home-rohy-evalaivr-evaluation:default: Job OK (erpnext.localhost||scheduled_job||s617di1agp)
2025-04-23 07:14:26,040 Result is kept for 600 seconds
2025-04-23 07:14:26,049 home-rohy-evalaivr-evaluation:default: frappe.utils.background_jobs.execute_job(event=None, is_async=True, job_name='frappe.core.doctype.scheduled_job_type.scheduled_job_type.run_scheduled_jo..., kwargs={'job_type': 'frappe.website.doctype.personal_data_deletion_request.persona..., method='frappe.core.doctype.scheduled_job_type.scheduled_job_type.run_scheduled_jo..., site='erpnext.localhost', user='Administrator') (erpnext.localhost||scheduled_job||s60gv7ka84)
2025-04-23 07:14:26,321 Successfully completed frappe.utils.background_jobs.execute_job(event=None, is_async=True, job_name='frappe.core.doctype.scheduled_job_type.scheduled_job_type.run_scheduled_jo..., kwargs={'job_type': 'frappe.website.doctype.personal_data_deletion_request.persona..., method='frappe.core.doctype.scheduled_job_type.scheduled_job_type.run_scheduled_jo..., site='erpnext.localhost', user='Administrator') job in 0:00:00.263415s on worker 788fcd017c71498f9ef65546fcf28348
2025-04-23 07:14:26,321 home-rohy-evalaivr-evaluation:default: Job OK (erpnext.localhost||scheduled_job||s60gv7ka84)
2025-04-23 07:14:26,322 Result is kept for 600 seconds
2025-04-23 07:14:26,328 home-rohy-evalaivr-evaluation:default: frappe.utils.background_jobs.execute_job(event=None, is_async=True, job_name='frappe.core.doctype.scheduled_job_type.scheduled_job_type.run_scheduled_jo..., kwargs={'job_type': 'erpnext.crm.doctype.email_campaign.email_campaign.set_email_c..., method='frappe.core.doctype.scheduled_job_type.scheduled_job_type.run_scheduled_jo..., site='erpnext.localhost', user='Administrator') (erpnext.localhost||scheduled_job||tgtq1vashr)
2025-04-23 07:14:26,668 Successfully completed frappe.utils.background_jobs.execute_job(event=None, is_async=True, job_name='frappe.core.doctype.scheduled_job_type.scheduled_job_type.run_scheduled_jo..., kwargs={'job_type': 'erpnext.crm.doctype.email_campaign.email_campaign.set_email_c..., method='frappe.core.doctype.scheduled_job_type.scheduled_job_type.run_scheduled_jo..., site='erpnext.localhost', user='Administrator') job in 0:00:00.332019s on worker 788fcd017c71498f9ef65546fcf28348
2025-04-23 07:14:26,668 home-rohy-evalaivr-evaluation:default: Job OK (erpnext.localhost||scheduled_job||tgtq1vashr)
2025-04-23 07:14:26,668 Result is kept for 600 seconds
2025-04-23 07:14:26,679 home-rohy-evalaivr-evaluation:default: frappe.utils.background_jobs.execute_job(event=None, is_async=True, job_name='frappe.core.doctype.scheduled_job_type.scheduled_job_type.run_scheduled_jo..., kwargs={'job_type': 'frappe.utils.global_search.sync_global_search', 'scheduled_jo..., method='frappe.core.doctype.scheduled_job_type.scheduled_job_type.run_scheduled_jo..., site='erpnext.localhost', user='Administrator') (erpnext.localhost||scheduled_job||s6091q3nn9)
2025-04-23 07:14:26,885 Successfully completed frappe.utils.background_jobs.execute_job(event=None, is_async=True, job_name='frappe.core.doctype.scheduled_job_type.scheduled_job_type.run_scheduled_jo..., kwargs={'job_type': 'frappe.utils.global_search.sync_global_search', 'scheduled_jo..., method='frappe.core.doctype.scheduled_job_type.scheduled_job_type.run_scheduled_jo..., site='erpnext.localhost', user='Administrator') job in 0:00:00.198034s on worker 788fcd017c71498f9ef65546fcf28348
2025-04-23 07:14:26,885 home-rohy-evalaivr-evaluation:default: Job OK (erpnext.localhost||scheduled_job||s6091q3nn9)
2025-04-23 07:14:26,885 Result is kept for 600 seconds
2025-04-23 07:14:26,893 home-rohy-evalaivr-evaluation:default: frappe.utils.background_jobs.execute_job(event=None, is_async=True, job_name='frappe.core.doctype.scheduled_job_type.scheduled_job_type.run_scheduled_jo..., kwargs={'job_type': 'frappe.twofactor.delete_all_barcodes_for_users', 'scheduled_j..., method='frappe.core.doctype.scheduled_job_type.scheduled_job_type.run_scheduled_jo..., site='erpnext.localhost', user='Administrator') (erpnext.localhost||scheduled_job||s606f3j3k3)
2025-04-23 07:14:27,086 Successfully completed frappe.utils.background_jobs.execute_job(event=None, is_async=True, job_name='frappe.core.doctype.scheduled_job_type.scheduled_job_type.run_scheduled_jo..., kwargs={'job_type': 'frappe.twofactor.delete_all_barcodes_for_users', 'scheduled_j..., method='frappe.core.doctype.scheduled_job_type.scheduled_job_type.run_scheduled_jo..., site='erpnext.localhost', user='Administrator') job in 0:00:00.181953s on worker 788fcd017c71498f9ef65546fcf28348
2025-04-23 07:14:27,087 home-rohy-evalaivr-evaluation:default: Job OK (erpnext.localhost||scheduled_job||s606f3j3k3)
2025-04-23 07:14:27,087 Result is kept for 600 seconds
2025-04-23 07:14:27,103 home-rohy-evalaivr-evaluation:default: frappe.utils.background_jobs.execute_job(event=None, is_async=True, job_name='frappe.core.doctype.scheduled_job_type.scheduled_job_type.run_scheduled_jo..., kwargs={'job_type': 'frappe.desk.doctype.event.event.send_event_digest', 'schedule..., method='frappe.core.doctype.scheduled_job_type.scheduled_job_type.run_scheduled_jo..., site='erpnext.localhost', user='Administrator') (erpnext.localhost||scheduled_job||s61ss4oqae)
2025-04-23 07:14:27,341 Successfully completed frappe.utils.background_jobs.execute_job(event=None, is_async=True, job_name='frappe.core.doctype.scheduled_job_type.scheduled_job_type.run_scheduled_jo..., kwargs={'job_type': 'frappe.desk.doctype.event.event.send_event_digest', 'schedule..., method='frappe.core.doctype.scheduled_job_type.scheduled_job_type.run_scheduled_jo..., site='erpnext.localhost', user='Administrator') job in 0:00:00.226488s on worker 788fcd017c71498f9ef65546fcf28348
2025-04-23 07:14:27,341 home-rohy-evalaivr-evaluation:default: Job OK (erpnext.localhost||scheduled_job||s61ss4oqae)
2025-04-23 07:14:27,341 Result is kept for 600 seconds
2025-04-23 07:14:27,349 home-rohy-evalaivr-evaluation:default: frappe.utils.background_jobs.execute_job(event=None, is_async=True, job_name='frappe.core.doctype.scheduled_job_type.scheduled_job_type.run_scheduled_jo..., kwargs={'job_type': 'erpnext.assets.doctype.asset_maintenance_log.asset_maintenanc..., method='frappe.core.doctype.scheduled_job_type.scheduled_job_type.run_scheduled_jo..., site='erpnext.localhost', user='Administrator') (erpnext.localhost||scheduled_job||tgtbp1p1us)
2025-04-23 07:14:27,545 Successfully completed frappe.utils.background_jobs.execute_job(event=None, is_async=True, job_name='frappe.core.doctype.scheduled_job_type.scheduled_job_type.run_scheduled_jo..., kwargs={'job_type': 'erpnext.assets.doctype.asset_maintenance_log.asset_maintenanc..., method='frappe.core.doctype.scheduled_job_type.scheduled_job_type.run_scheduled_jo..., site='erpnext.localhost', user='Administrator') job in 0:00:00.189412s on worker 788fcd017c71498f9ef65546fcf28348
2025-04-23 07:14:27,546 home-rohy-evalaivr-evaluation:default: Job OK (erpnext.localhost||scheduled_job||tgtbp1p1us)
2025-04-23 07:14:27,546 Result is kept for 600 seconds
2025-04-23 07:14:27,553 home-rohy-evalaivr-evaluation:default: frappe.utils.background_jobs.execute_job(event=None, is_async=True, job_name='frappe.core.doctype.scheduled_job_type.scheduled_job_type.run_scheduled_jo..., kwargs={'job_type': 'erpnext.support.doctype.service_level_agreement.service_level..., method='frappe.core.doctype.scheduled_job_type.scheduled_job_type.run_scheduled_jo..., site='erpnext.localhost', user='Administrator') (erpnext.localhost||scheduled_job||tgt6lo8n4t)
2025-04-23 07:14:27,753 Successfully completed frappe.utils.background_jobs.execute_job(event=None, is_async=True, job_name='frappe.core.doctype.scheduled_job_type.scheduled_job_type.run_scheduled_jo..., kwargs={'job_type': 'erpnext.support.doctype.service_level_agreement.service_level..., method='frappe.core.doctype.scheduled_job_type.scheduled_job_type.run_scheduled_jo..., site='erpnext.localhost', user='Administrator') job in 0:00:00.192733s on worker 788fcd017c71498f9ef65546fcf28348
2025-04-23 07:14:27,753 home-rohy-evalaivr-evaluation:default: Job OK (erpnext.localhost||scheduled_job||tgt6lo8n4t)
2025-04-23 07:14:27,754 Result is kept for 600 seconds
2025-04-23 07:14:27,762 home-rohy-evalaivr-evaluation:default: frappe.utils.background_jobs.execute_job(event=None, is_async=True, job_name='frappe.core.doctype.scheduled_job_type.scheduled_job_type.run_scheduled_jo..., kwargs={'job_type': 'erpnext.accounts.doctype.process_statement_of_accounts.proces..., method='frappe.core.doctype.scheduled_job_type.scheduled_job_type.run_scheduled_jo..., site='erpnext.localhost', user='Administrator') (erpnext.localhost||scheduled_job||tgtd1psl8d)
2025-04-23 07:14:29,294 Successfully completed frappe.utils.background_jobs.execute_job(event=None, is_async=True, job_name='frappe.core.doctype.scheduled_job_type.scheduled_job_type.run_scheduled_jo..., kwargs={'job_type': 'erpnext.accounts.doctype.process_statement_of_accounts.proces..., method='frappe.core.doctype.scheduled_job_type.scheduled_job_type.run_scheduled_jo..., site='erpnext.localhost', user='Administrator') job in 0:00:01.523086s on worker 788fcd017c71498f9ef65546fcf28348
2025-04-23 07:14:29,294 home-rohy-evalaivr-evaluation:default: Job OK (erpnext.localhost||scheduled_job||tgtd1psl8d)
2025-04-23 07:14:29,294 Result is kept for 600 seconds
2025-04-23 07:14:29,305 home-rohy-evalaivr-evaluation:default: frappe.utils.background_jobs.execute_job(event=None, is_async=True, job_name='frappe.core.doctype.scheduled_job_type.scheduled_job_type.run_scheduled_jo..., kwargs={'job_type': 'frappe.deferred_insert.save_to_db', 'scheduled_job_type': 's6..., method='frappe.core.doctype.scheduled_job_type.scheduled_job_type.run_scheduled_jo..., site='erpnext.localhost', user='Administrator') (erpnext.localhost||scheduled_job||s6065rp0ec)
2025-04-23 07:14:29,684 Successfully completed frappe.utils.background_jobs.execute_job(event=None, is_async=True, job_name='frappe.core.doctype.scheduled_job_type.scheduled_job_type.run_scheduled_jo..., kwargs={'job_type': 'frappe.deferred_insert.save_to_db', 'scheduled_job_type': 's6..., method='frappe.core.doctype.scheduled_job_type.scheduled_job_type.run_scheduled_jo..., site='erpnext.localhost', user='Administrator') job in 0:00:00.369778s on worker 788fcd017c71498f9ef65546fcf28348
2025-04-23 07:14:29,684 home-rohy-evalaivr-evaluation:default: Job OK (erpnext.localhost||scheduled_job||s6065rp0ec)
2025-04-23 07:14:29,684 Result is kept for 600 seconds
2025-04-23 07:14:29,703 home-rohy-evalaivr-evaluation:default: frappe.utils.background_jobs.execute_job(event=None, is_async=True, job_name='frappe.core.doctype.scheduled_job_type.scheduled_job_type.run_scheduled_jo..., kwargs={'job_type': 'erpnext.projects.doctype.project.project.update_project_sales..., method='frappe.core.doctype.scheduled_job_type.scheduled_job_type.run_scheduled_jo..., site='erpnext.localhost', user='Administrator') (erpnext.localhost||scheduled_job||tgth2g408d)
2025-04-23 07:14:30,227 Successfully completed frappe.utils.background_jobs.execute_job(event=None, is_async=True, job_name='frappe.core.doctype.scheduled_job_type.scheduled_job_type.run_scheduled_jo..., kwargs={'job_type': 'erpnext.projects.doctype.project.project.update_project_sales..., method='frappe.core.doctype.scheduled_job_type.scheduled_job_type.run_scheduled_jo..., site='erpnext.localhost', user='Administrator') job in 0:00:00.514667s on worker 788fcd017c71498f9ef65546fcf28348
2025-04-23 07:14:30,227 home-rohy-evalaivr-evaluation:default: Job OK (erpnext.localhost||scheduled_job||tgth2g408d)
2025-04-23 07:14:30,227 Result is kept for 600 seconds
2025-04-23 07:14:30,238 home-rohy-evalaivr-evaluation:default: frappe.utils.background_jobs.execute_job(event=None, is_async=True, job_name='frappe.core.doctype.scheduled_job_type.scheduled_job_type.run_scheduled_jo..., kwargs={'job_type': 'frappe.automation.doctype.auto_repeat.auto_repeat.make_auto_r..., method='frappe.core.doctype.scheduled_job_type.scheduled_job_type.run_scheduled_jo..., site='erpnext.localhost', user='Administrator') (erpnext.localhost||scheduled_job||s61tmia350)
2025-04-23 07:14:30,796 Successfully completed frappe.utils.background_jobs.execute_job(event=None, is_async=True, job_name='frappe.core.doctype.scheduled_job_type.scheduled_job_type.run_scheduled_jo..., kwargs={'job_type': 'frappe.automation.doctype.auto_repeat.auto_repeat.make_auto_r..., method='frappe.core.doctype.scheduled_job_type.scheduled_job_type.run_scheduled_jo..., site='erpnext.localhost', user='Administrator') job in 0:00:00.548801s on worker 788fcd017c71498f9ef65546fcf28348
2025-04-23 07:14:30,796 home-rohy-evalaivr-evaluation:default: Job OK (erpnext.localhost||scheduled_job||s61tmia350)
2025-04-23 07:14:30,796 Result is kept for 600 seconds
2025-04-23 07:14:30,805 home-rohy-evalaivr-evaluation:default: frappe.utils.background_jobs.execute_job(event=None, is_async=True, job_name='frappe.core.doctype.scheduled_job_type.scheduled_job_type.run_scheduled_jo..., kwargs={'job_type': 'erpnext.buying.doctype.supplier_quotation.supplier_quotation...., method='frappe.core.doctype.scheduled_job_type.scheduled_job_type.run_scheduled_jo..., site='erpnext.localhost', user='Administrator') (erpnext.localhost||scheduled_job||tgtpt5aeom)
2025-04-23 07:14:33,626 Successfully completed frappe.utils.background_jobs.execute_job(event=None, is_async=True, job_name='frappe.core.doctype.scheduled_job_type.scheduled_job_type.run_scheduled_jo..., kwargs={'job_type': 'erpnext.buying.doctype.supplier_quotation.supplier_quotation...., method='frappe.core.doctype.scheduled_job_type.scheduled_job_type.run_scheduled_jo..., site='erpnext.localhost', user='Administrator') job in 0:00:02.812615s on worker 788fcd017c71498f9ef65546fcf28348
2025-04-23 07:14:33,626 home-rohy-evalaivr-evaluation:default: Job OK (erpnext.localhost||scheduled_job||tgtpt5aeom)
2025-04-23 07:14:33,626 Result is kept for 600 seconds
2025-04-23 07:14:33,645 home-rohy-evalaivr-evaluation:default: frappe.utils.background_jobs.execute_job(event=None, is_async=True, job_name='frappe.core.doctype.scheduled_job_type.scheduled_job_type.run_scheduled_jo..., kwargs={'job_type': 'erpnext.crm.doctype.contract.contract.update_status_for_contr..., method='frappe.core.doctype.scheduled_job_type.scheduled_job_type.run_scheduled_jo..., site='erpnext.localhost', user='Administrator') (erpnext.localhost||scheduled_job||tgtu1bp7k7)
2025-04-23 07:14:34,062 Successfully completed frappe.utils.background_jobs.execute_job(event=None, is_async=True, job_name='frappe.core.doctype.scheduled_job_type.scheduled_job_type.run_scheduled_jo..., kwargs={'job_type': 'erpnext.crm.doctype.contract.contract.update_status_for_contr..., method='frappe.core.doctype.scheduled_job_type.scheduled_job_type.run_scheduled_jo..., site='erpnext.localhost', user='Administrator') job in 0:00:00.407738s on worker 788fcd017c71498f9ef65546fcf28348
2025-04-23 07:14:34,062 home-rohy-evalaivr-evaluation:default: Job OK (erpnext.localhost||scheduled_job||tgtu1bp7k7)
2025-04-23 07:14:34,062 Result is kept for 600 seconds
2025-04-23 07:14:34,070 home-rohy-evalaivr-evaluation:default: frappe.utils.background_jobs.execute_job(event=None, is_async=True, job_name='frappe.core.doctype.scheduled_job_type.scheduled_job_type.run_scheduled_jo..., kwargs={'job_type': 'frappe.core.doctype.prepared_report.prepared_report.expire_st..., method='frappe.core.doctype.scheduled_job_type.scheduled_job_type.run_scheduled_jo..., site='erpnext.localhost', user='Administrator') (erpnext.localhost||scheduled_job||s608d12rfr)
2025-04-23 07:14:34,275 Successfully completed frappe.utils.background_jobs.execute_job(event=None, is_async=True, job_name='frappe.core.doctype.scheduled_job_type.scheduled_job_type.run_scheduled_jo..., kwargs={'job_type': 'frappe.core.doctype.prepared_report.prepared_report.expire_st..., method='frappe.core.doctype.scheduled_job_type.scheduled_job_type.run_scheduled_jo..., site='erpnext.localhost', user='Administrator') job in 0:00:00.196049s on worker 788fcd017c71498f9ef65546fcf28348
2025-04-23 07:14:34,275 home-rohy-evalaivr-evaluation:default: Job OK (erpnext.localhost||scheduled_job||s608d12rfr)
2025-04-23 07:14:34,275 Result is kept for 600 seconds
2025-04-23 07:14:34,283 home-rohy-evalaivr-evaluation:default: frappe.utils.background_jobs.execute_job(event=None, is_async=True, job_name='frappe.core.doctype.scheduled_job_type.scheduled_job_type.run_scheduled_jo..., kwargs={'job_type': 'frappe.integrations.doctype.google_calendar.google_calendar.s..., method='frappe.core.doctype.scheduled_job_type.scheduled_job_type.run_scheduled_jo..., site='erpnext.localhost', user='Administrator') (erpnext.localhost||scheduled_job||s60e2kq4sq)
2025-04-23 07:14:34,991 Successfully completed frappe.utils.background_jobs.execute_job(event=None, is_async=True, job_name='frappe.core.doctype.scheduled_job_type.scheduled_job_type.run_scheduled_jo..., kwargs={'job_type': 'frappe.integrations.doctype.google_calendar.google_calendar.s..., method='frappe.core.doctype.scheduled_job_type.scheduled_job_type.run_scheduled_jo..., site='erpnext.localhost', user='Administrator') job in 0:00:00.697624s on worker 788fcd017c71498f9ef65546fcf28348
2025-04-23 07:14:34,992 home-rohy-evalaivr-evaluation:default: Job OK (erpnext.localhost||scheduled_job||s60e2kq4sq)
2025-04-23 07:14:34,992 Result is kept for 600 seconds
2025-04-23 07:14:35,014 home-rohy-evalaivr-evaluation:default: frappe.utils.background_jobs.execute_job(event=None, is_async=True, job_name='frappe.core.doctype.scheduled_job_type.scheduled_job_type.run_scheduled_jo..., kwargs={'job_type': 'frappe.desk.page.backups.backups.delete_downloadable_backups'..., method='frappe.core.doctype.scheduled_job_type.scheduled_job_type.run_scheduled_jo..., site='erpnext.localhost', user='Administrator') (erpnext.localhost||scheduled_job||s60eklalh1)
2025-04-23 07:14:35,376 Successfully completed frappe.utils.background_jobs.execute_job(event=None, is_async=True, job_name='frappe.core.doctype.scheduled_job_type.scheduled_job_type.run_scheduled_jo..., kwargs={'job_type': 'frappe.desk.page.backups.backups.delete_downloadable_backups'..., method='frappe.core.doctype.scheduled_job_type.scheduled_job_type.run_scheduled_jo..., site='erpnext.localhost', user='Administrator') job in 0:00:00.351729s on worker 788fcd017c71498f9ef65546fcf28348
2025-04-23 07:14:35,376 home-rohy-evalaivr-evaluation:default: Job OK (erpnext.localhost||scheduled_job||s60eklalh1)
2025-04-23 07:14:35,376 Result is kept for 600 seconds
2025-04-23 07:14:35,392 home-rohy-evalaivr-evaluation:default: frappe.utils.background_jobs.execute_job(event=None, is_async=True, job_name='frappe.core.doctype.scheduled_job_type.scheduled_job_type.run_scheduled_jo..., kwargs={'job_type': 'erpnext.projects.doctype.project.project.send_project_status_..., method='frappe.core.doctype.scheduled_job_type.scheduled_job_type.run_scheduled_jo..., site='erpnext.localhost', user='Administrator') (erpnext.localhost||scheduled_job||tgtvj47jhs)
2025-04-23 07:14:35,739 Successfully completed frappe.utils.background_jobs.execute_job(event=None, is_async=True, job_name='frappe.core.doctype.scheduled_job_type.scheduled_job_type.run_scheduled_jo..., kwargs={'job_type': 'erpnext.projects.doctype.project.project.send_project_status_..., method='frappe.core.doctype.scheduled_job_type.scheduled_job_type.run_scheduled_jo..., site='erpnext.localhost', user='Administrator') job in 0:00:00.336772s on worker 788fcd017c71498f9ef65546fcf28348
2025-04-23 07:14:35,739 home-rohy-evalaivr-evaluation:default: Job OK (erpnext.localhost||scheduled_job||tgtvj47jhs)
2025-04-23 07:14:35,739 Result is kept for 600 seconds
2025-04-23 07:14:35,749 home-rohy-evalaivr-evaluation:default: frappe.utils.background_jobs.execute_job(event=None, is_async=True, job_name='frappe.core.doctype.scheduled_job_type.scheduled_job_type.run_scheduled_jo..., kwargs={'job_type': 'frappe.model.utils.link_count.update_link_count', 'scheduled_..., method='frappe.core.doctype.scheduled_job_type.scheduled_job_type.run_scheduled_jo..., site='erpnext.localhost', user='Administrator') (erpnext.localhost||scheduled_job||s608b5ancb)
2025-04-23 07:14:36,288 Successfully completed frappe.utils.background_jobs.execute_job(event=None, is_async=True, job_name='frappe.core.doctype.scheduled_job_type.scheduled_job_type.run_scheduled_jo..., kwargs={'job_type': 'frappe.model.utils.link_count.update_link_count', 'scheduled_..., method='frappe.core.doctype.scheduled_job_type.scheduled_job_type.run_scheduled_jo..., site='erpnext.localhost', user='Administrator') job in 0:00:00.529741s on worker 788fcd017c71498f9ef65546fcf28348
2025-04-23 07:14:36,289 home-rohy-evalaivr-evaluation:default: Job OK (erpnext.localhost||scheduled_job||s608b5ancb)
2025-04-23 07:14:36,289 Result is kept for 600 seconds
2025-04-23 07:14:36,300 home-rohy-evalaivr-evaluation:long: frappe.utils.background_jobs.execute_job(event=None, is_async=True, job_name='frappe.core.doctype.scheduled_job_type.scheduled_job_type.run_scheduled_jo..., kwargs={'job_type': 'frappe.email.doctype.auto_email_report.auto_email_report.send..., method='frappe.core.doctype.scheduled_job_type.scheduled_job_type.run_scheduled_jo..., site='erpnext.localhost', user='Administrator') (erpnext.localhost||scheduled_job||s610sethuu)
2025-04-23 07:14:37,260 Successfully completed frappe.utils.background_jobs.execute_job(event=None, is_async=True, job_name='frappe.core.doctype.scheduled_job_type.scheduled_job_type.run_scheduled_jo..., kwargs={'job_type': 'frappe.email.doctype.auto_email_report.auto_email_report.send..., method='frappe.core.doctype.scheduled_job_type.scheduled_job_type.run_scheduled_jo..., site='erpnext.localhost', user='Administrator') job in 0:00:00.950008s on worker 788fcd017c71498f9ef65546fcf28348
2025-04-23 07:14:37,276 home-rohy-evalaivr-evaluation:long: Job OK (erpnext.localhost||scheduled_job||s610sethuu)
2025-04-23 07:14:37,276 Result is kept for 600 seconds
2025-04-23 07:14:37,287 home-rohy-evalaivr-evaluation:long: frappe.utils.background_jobs.execute_job(event=None, is_async=True, job_name='frappe.core.doctype.scheduled_job_type.scheduled_job_type.run_scheduled_jo..., kwargs={'job_type': 'erpnext.utilities.bulk_transaction.retry', 'scheduled_job_typ..., method='frappe.core.doctype.scheduled_job_type.scheduled_job_type.run_scheduled_jo..., site='erpnext.localhost', user='Administrator') (erpnext.localhost||scheduled_job||tgv8dg7hqb)
2025-04-23 07:14:37,533 Successfully completed frappe.utils.background_jobs.execute_job(event=None, is_async=True, job_name='frappe.core.doctype.scheduled_job_type.scheduled_job_type.run_scheduled_jo..., kwargs={'job_type': 'erpnext.utilities.bulk_transaction.retry', 'scheduled_job_typ..., method='frappe.core.doctype.scheduled_job_type.scheduled_job_type.run_scheduled_jo..., site='erpnext.localhost', user='Administrator') job in 0:00:00.237156s on worker 788fcd017c71498f9ef65546fcf28348
2025-04-23 07:14:37,533 home-rohy-evalaivr-evaluation:long: Job OK (erpnext.localhost||scheduled_job||tgv8dg7hqb)
2025-04-23 07:14:37,533 Result is kept for 600 seconds
2025-04-23 07:14:37,541 home-rohy-evalaivr-evaluation:long: frappe.utils.background_jobs.execute_job(event=None, is_async=True, job_name='frappe.core.doctype.scheduled_job_type.scheduled_job_type.run_scheduled_jo..., kwargs={'job_type': 'frappe.integrations.doctype.dropbox_settings.dropbox_settings..., method='frappe.core.doctype.scheduled_job_type.scheduled_job_type.run_scheduled_jo..., site='erpnext.localhost', user='Administrator') (erpnext.localhost||scheduled_job||s61hqnkp9l)
2025-04-23 07:14:38,521 Successfully completed frappe.utils.background_jobs.execute_job(event=None, is_async=True, job_name='frappe.core.doctype.scheduled_job_type.scheduled_job_type.run_scheduled_jo..., kwargs={'job_type': 'frappe.integrations.doctype.dropbox_settings.dropbox_settings..., method='frappe.core.doctype.scheduled_job_type.scheduled_job_type.run_scheduled_jo..., site='erpnext.localhost', user='Administrator') job in 0:00:00.966316s on worker 788fcd017c71498f9ef65546fcf28348
2025-04-23 07:14:38,522 home-rohy-evalaivr-evaluation:long: Job OK (erpnext.localhost||scheduled_job||s61hqnkp9l)
2025-04-23 07:14:38,522 Result is kept for 600 seconds
2025-04-23 07:14:38,546 home-rohy-evalaivr-evaluation:long: frappe.utils.background_jobs.execute_job(event=None, is_async=True, job_name='frappe.core.doctype.scheduled_job_type.scheduled_job_type.run_scheduled_jo..., kwargs={'job_type': 'erpnext.accounts.doctype.process_subscription.process_subscri..., method='frappe.core.doctype.scheduled_job_type.scheduled_job_type.run_scheduled_jo..., site='erpnext.localhost', user='Administrator') (erpnext.localhost||scheduled_job||tgvcvnvm4j)
2025-04-23 07:14:38,943 Successfully completed frappe.utils.background_jobs.execute_job(event=None, is_async=True, job_name='frappe.core.doctype.scheduled_job_type.scheduled_job_type.run_scheduled_jo..., kwargs={'job_type': 'erpnext.accounts.doctype.process_subscription.process_subscri..., method='frappe.core.doctype.scheduled_job_type.scheduled_job_type.run_scheduled_jo..., site='erpnext.localhost', user='Administrator') job in 0:00:00.386815s on worker 788fcd017c71498f9ef65546fcf28348
2025-04-23 07:14:38,943 home-rohy-evalaivr-evaluation:long: Job OK (erpnext.localhost||scheduled_job||tgvcvnvm4j)
2025-04-23 07:14:38,943 Result is kept for 600 seconds
2025-04-23 07:14:38,952 home-rohy-evalaivr-evaluation:long: frappe.utils.background_jobs.execute_job(event=None, is_async=True, job_name='frappe.core.doctype.scheduled_job_type.scheduled_job_type.run_scheduled_jo..., kwargs={'job_type': 'erpnext.stock.doctype.repost_item_valuation.repost_item_valua..., method='frappe.core.doctype.scheduled_job_type.scheduled_job_type.run_scheduled_jo..., site='erpnext.localhost', user='Administrator') (erpnext.localhost||scheduled_job||tgvgbvpl46)
2025-04-23 07:14:39,201 Successfully completed frappe.utils.background_jobs.execute_job(event=None, is_async=True, job_name='frappe.core.doctype.scheduled_job_type.scheduled_job_type.run_scheduled_jo..., kwargs={'job_type': 'erpnext.stock.doctype.repost_item_valuation.repost_item_valua..., method='frappe.core.doctype.scheduled_job_type.scheduled_job_type.run_scheduled_jo..., site='erpnext.localhost', user='Administrator') job in 0:00:00.240704s on worker 788fcd017c71498f9ef65546fcf28348
2025-04-23 07:14:39,201 home-rohy-evalaivr-evaluation:long: Job OK (erpnext.localhost||scheduled_job||tgvgbvpl46)
2025-04-23 07:14:39,202 Result is kept for 600 seconds
2025-04-23 07:14:39,210 home-rohy-evalaivr-evaluation:long: frappe.utils.background_jobs.execute_job(event=None, is_async=True, job_name='frappe.core.doctype.scheduled_job_type.scheduled_job_type.run_scheduled_jo..., kwargs={'job_type': 'frappe.integrations.doctype.s3_backup_settings.s3_backup_sett..., method='frappe.core.doctype.scheduled_job_type.scheduled_job_type.run_scheduled_jo..., site='erpnext.localhost', user='Administrator') (erpnext.localhost||scheduled_job||s61e0n5h0e)
2025-04-23 07:14:39,638 Successfully completed frappe.utils.background_jobs.execute_job(event=None, is_async=True, job_name='frappe.core.doctype.scheduled_job_type.scheduled_job_type.run_scheduled_jo..., kwargs={'job_type': 'frappe.integrations.doctype.s3_backup_settings.s3_backup_sett..., method='frappe.core.doctype.scheduled_job_type.scheduled_job_type.run_scheduled_jo..., site='erpnext.localhost', user='Administrator') job in 0:00:00.416832s on worker 788fcd017c71498f9ef65546fcf28348
2025-04-23 07:14:39,638 home-rohy-evalaivr-evaluation:long: Job OK (erpnext.localhost||scheduled_job||s61e0n5h0e)
2025-04-23 07:14:39,638 Result is kept for 600 seconds
2025-04-23 07:14:39,647 home-rohy-evalaivr-evaluation:long: frappe.utils.background_jobs.execute_job(event=None, is_async=True, job_name='frappe.core.doctype.scheduled_job_type.scheduled_job_type.run_scheduled_jo..., kwargs={'job_type': 'erpnext.manufacturing.doctype.bom_update_tool.bom_update_tool..., method='frappe.core.doctype.scheduled_job_type.scheduled_job_type.run_scheduled_jo..., site='erpnext.localhost', user='Administrator') (erpnext.localhost||scheduled_job||tgvb7c8f28)
2025-04-23 07:14:39,859 Successfully completed frappe.utils.background_jobs.execute_job(event=None, is_async=True, job_name='frappe.core.doctype.scheduled_job_type.scheduled_job_type.run_scheduled_jo..., kwargs={'job_type': 'erpnext.manufacturing.doctype.bom_update_tool.bom_update_tool..., method='frappe.core.doctype.scheduled_job_type.scheduled_job_type.run_scheduled_jo..., site='erpnext.localhost', user='Administrator') job in 0:00:00.203084s on worker 788fcd017c71498f9ef65546fcf28348
2025-04-23 07:14:39,859 home-rohy-evalaivr-evaluation:long: Job OK (erpnext.localhost||scheduled_job||tgvb7c8f28)
2025-04-23 07:14:39,859 Result is kept for 600 seconds
2025-04-23 07:14:39,866 home-rohy-evalaivr-evaluation:long: frappe.utils.background_jobs.execute_job(event=None, is_async=True, job_name='frappe.core.doctype.scheduled_job_type.scheduled_job_type.run_scheduled_jo..., kwargs={'job_type': 'erpnext.crm.utils.open_leads_opportunities_based_on_todays_ev..., method='frappe.core.doctype.scheduled_job_type.scheduled_job_type.run_scheduled_jo..., site='erpnext.localhost', user='Administrator') (erpnext.localhost||scheduled_job||tgvt351pq7)
2025-04-23 07:14:40,058 Successfully completed frappe.utils.background_jobs.execute_job(event=None, is_async=True, job_name='frappe.core.doctype.scheduled_job_type.scheduled_job_type.run_scheduled_jo..., kwargs={'job_type': 'erpnext.crm.utils.open_leads_opportunities_based_on_todays_ev..., method='frappe.core.doctype.scheduled_job_type.scheduled_job_type.run_scheduled_jo..., site='erpnext.localhost', user='Administrator') job in 0:00:00.184010s on worker 788fcd017c71498f9ef65546fcf28348
2025-04-23 07:14:40,059 home-rohy-evalaivr-evaluation:long: Job OK (erpnext.localhost||scheduled_job||tgvt351pq7)
2025-04-23 07:14:40,059 Result is kept for 600 seconds
2025-04-23 07:14:40,068 home-rohy-evalaivr-evaluation:long: frappe.utils.background_jobs.execute_job(event=None, is_async=True, job_name='frappe.core.doctype.scheduled_job_type.scheduled_job_type.run_scheduled_jo..., kwargs={'job_type': 'erpnext.assets.doctype.asset.depreciation.post_depreciation_e..., method='frappe.core.doctype.scheduled_job_type.scheduled_job_type.run_scheduled_jo..., site='erpnext.localhost', user='Administrator') (erpnext.localhost||scheduled_job||tgv3shmp2b)
2025-04-23 07:14:40,397 Successfully completed frappe.utils.background_jobs.execute_job(event=None, is_async=True, job_name='frappe.core.doctype.scheduled_job_type.scheduled_job_type.run_scheduled_jo..., kwargs={'job_type': 'erpnext.assets.doctype.asset.depreciation.post_depreciation_e..., method='frappe.core.doctype.scheduled_job_type.scheduled_job_type.run_scheduled_jo..., site='erpnext.localhost', user='Administrator') job in 0:00:00.321248s on worker 788fcd017c71498f9ef65546fcf28348
2025-04-23 07:14:40,398 home-rohy-evalaivr-evaluation:long: Job OK (erpnext.localhost||scheduled_job||tgv3shmp2b)
2025-04-23 07:14:40,398 Result is kept for 600 seconds
2025-04-23 07:14:40,412 home-rohy-evalaivr-evaluation:long: frappe.utils.background_jobs.execute_job(event=None, is_async=True, job_name='frappe.core.doctype.scheduled_job_type.scheduled_job_type.run_scheduled_jo..., kwargs={'job_type': 'erpnext.setup.doctype.email_digest.email_digest.send', 'sched..., method='frappe.core.doctype.scheduled_job_type.scheduled_job_type.run_scheduled_jo..., site='erpnext.localhost', user='Administrator') (erpnext.localhost||scheduled_job||tgv1ochgoc)
2025-04-23 07:14:40,743 Successfully completed frappe.utils.background_jobs.execute_job(event=None, is_async=True, job_name='frappe.core.doctype.scheduled_job_type.scheduled_job_type.run_scheduled_jo..., kwargs={'job_type': 'erpnext.setup.doctype.email_digest.email_digest.send', 'sched..., method='frappe.core.doctype.scheduled_job_type.scheduled_job_type.run_scheduled_jo..., site='erpnext.localhost', user='Administrator') job in 0:00:00.322432s on worker 788fcd017c71498f9ef65546fcf28348
2025-04-23 07:14:40,744 home-rohy-evalaivr-evaluation:long: Job OK (erpnext.localhost||scheduled_job||tgv1ochgoc)
2025-04-23 07:14:40,744 Result is kept for 600 seconds
2025-04-23 07:14:40,755 home-rohy-evalaivr-evaluation:long: frappe.utils.background_jobs.execute_job(event=None, is_async=True, job_name='frappe.core.doctype.scheduled_job_type.scheduled_job_type.run_scheduled_jo..., kwargs={'job_type': 'frappe.integrations.doctype.google_drive.google_drive.daily_b..., method='frappe.core.doctype.scheduled_job_type.scheduled_job_type.run_scheduled_jo..., site='erpnext.localhost', user='Administrator') (erpnext.localhost||scheduled_job||s61a14f0cb)
2025-04-23 07:14:41,179 Successfully completed frappe.utils.background_jobs.execute_job(event=None, is_async=True, job_name='frappe.core.doctype.scheduled_job_type.scheduled_job_type.run_scheduled_jo..., kwargs={'job_type': 'frappe.integrations.doctype.google_drive.google_drive.daily_b..., method='frappe.core.doctype.scheduled_job_type.scheduled_job_type.run_scheduled_jo..., site='erpnext.localhost', user='Administrator') job in 0:00:00.415381s on worker 788fcd017c71498f9ef65546fcf28348
2025-04-23 07:14:41,180 home-rohy-evalaivr-evaluation:long: Job OK (erpnext.localhost||scheduled_job||s61a14f0cb)
2025-04-23 07:14:41,180 Result is kept for 600 seconds
2025-04-23 07:14:41,190 home-rohy-evalaivr-evaluation:long: frappe.utils.background_jobs.execute_job(event=None, is_async=True, job_name='frappe.automation.doctype.auto_repeat.auto_repeat.create_repeated_entries', kwargs={'data': []}, method='frappe.automation.doctype.auto_repeat.auto_repeat.create_repeated_entries', site='erpnext.localhost', user='Administrator') (erpnext.localhost||d42a49d5-4aed-4c04-9189-16171775f507)
2025-04-23 07:14:41,345 Successfully completed frappe.utils.background_jobs.execute_job(event=None, is_async=True, job_name='frappe.automation.doctype.auto_repeat.auto_repeat.create_repeated_entries', kwargs={'data': []}, method='frappe.automation.doctype.auto_repeat.auto_repeat.create_repeated_entries', site='erpnext.localhost', user='Administrator') job in 0:00:00.147093s on worker 788fcd017c71498f9ef65546fcf28348
2025-04-23 07:14:41,345 home-rohy-evalaivr-evaluation:long: Job OK (erpnext.localhost||d42a49d5-4aed-4c04-9189-16171775f507)
2025-04-23 07:14:41,345 Result is kept for 600 seconds
2025-04-23 07:16:05,175 home-rohy-evalaivr-evaluation:default: frappe.utils.background_jobs.execute_job(event=None, is_async=True, job_name='frappe.core.doctype.scheduled_job_type.scheduled_job_type.run_scheduled_jo..., kwargs={'job_type': 'frappe.oauth.delete_oauth2_data', 'scheduled_job_type': 's607..., method='frappe.core.doctype.scheduled_job_type.scheduled_job_type.run_scheduled_jo..., site='erpnext.localhost', user='Administrator') (erpnext.localhost||scheduled_job||s607u2ss9g)
2025-04-23 07:16:05,726 Successfully completed frappe.utils.background_jobs.execute_job(event=None, is_async=True, job_name='frappe.core.doctype.scheduled_job_type.scheduled_job_type.run_scheduled_jo..., kwargs={'job_type': 'frappe.oauth.delete_oauth2_data', 'scheduled_job_type': 's607..., method='frappe.core.doctype.scheduled_job_type.scheduled_job_type.run_scheduled_jo..., site='erpnext.localhost', user='Administrator') job in 0:00:00.531249s on worker 788fcd017c71498f9ef65546fcf28348
2025-04-23 07:16:05,726 home-rohy-evalaivr-evaluation:default: Job OK (erpnext.localhost||scheduled_job||s607u2ss9g)
2025-04-23 07:16:05,727 Result is kept for 600 seconds
2025-04-23 07:16:05,742 home-rohy-evalaivr-evaluation:default: frappe.utils.background_jobs.execute_job(event=None, is_async=True, job_name='frappe.core.doctype.scheduled_job_type.scheduled_job_type.run_scheduled_jo..., kwargs={'job_type': 'frappe.email.queue.flush', 'scheduled_job_type': 's60b9alidp'..., method='frappe.core.doctype.scheduled_job_type.scheduled_job_type.run_scheduled_jo..., site='erpnext.localhost', user='Administrator') (erpnext.localhost||scheduled_job||s60b9alidp)
2025-04-23 07:16:06,589 Successfully completed frappe.utils.background_jobs.execute_job(event=None, is_async=True, job_name='frappe.core.doctype.scheduled_job_type.scheduled_job_type.run_scheduled_jo..., kwargs={'job_type': 'frappe.email.queue.flush', 'scheduled_job_type': 's60b9alidp'..., method='frappe.core.doctype.scheduled_job_type.scheduled_job_type.run_scheduled_jo..., site='erpnext.localhost', user='Administrator') job in 0:00:00.803999s on worker 788fcd017c71498f9ef65546fcf28348
2025-04-23 07:16:06,590 home-rohy-evalaivr-evaluation:default: Job OK (erpnext.localhost||scheduled_job||s60b9alidp)
2025-04-23 07:16:06,590 Result is kept for 600 seconds
2025-04-23 07:16:06,601 home-rohy-evalaivr-evaluation:default: frappe.utils.background_jobs.execute_job(event=None, is_async=True, job_name='frappe.core.doctype.scheduled_job_type.scheduled_job_type.run_scheduled_jo..., kwargs={'job_type': 'frappe.utils.global_search.sync_global_search', 'scheduled_jo..., method='frappe.core.doctype.scheduled_job_type.scheduled_job_type.run_scheduled_jo..., site='erpnext.localhost', user='Administrator') (erpnext.localhost||scheduled_job||s6091q3nn9)
2025-04-23 07:16:06,846 Successfully completed frappe.utils.background_jobs.execute_job(event=None, is_async=True, job_name='frappe.core.doctype.scheduled_job_type.scheduled_job_type.run_scheduled_jo..., kwargs={'job_type': 'frappe.utils.global_search.sync_global_search', 'scheduled_jo..., method='frappe.core.doctype.scheduled_job_type.scheduled_job_type.run_scheduled_jo..., site='erpnext.localhost', user='Administrator') job in 0:00:00.232341s on worker 788fcd017c71498f9ef65546fcf28348
2025-04-23 07:16:06,846 home-rohy-evalaivr-evaluation:default: Job OK (erpnext.localhost||scheduled_job||s6091q3nn9)
2025-04-23 07:16:06,846 Result is kept for 600 seconds
2025-04-23 07:16:06,858 home-rohy-evalaivr-evaluation:default: frappe.utils.background_jobs.execute_job(event=None, is_async=True, job_name='frappe.core.doctype.scheduled_job_type.scheduled_job_type.run_scheduled_jo..., kwargs={'job_type': 'frappe.twofactor.delete_all_barcodes_for_users', 'scheduled_j..., method='frappe.core.doctype.scheduled_job_type.scheduled_job_type.run_scheduled_jo..., site='erpnext.localhost', user='Administrator') (erpnext.localhost||scheduled_job||s606f3j3k3)
2025-04-23 07:16:07,147 Successfully completed frappe.utils.background_jobs.execute_job(event=None, is_async=True, job_name='frappe.core.doctype.scheduled_job_type.scheduled_job_type.run_scheduled_jo..., kwargs={'job_type': 'frappe.twofactor.delete_all_barcodes_for_users', 'scheduled_j..., method='frappe.core.doctype.scheduled_job_type.scheduled_job_type.run_scheduled_jo..., site='erpnext.localhost', user='Administrator') job in 0:00:00.276092s on worker 788fcd017c71498f9ef65546fcf28348
2025-04-23 07:16:07,147 home-rohy-evalaivr-evaluation:default: Job OK (erpnext.localhost||scheduled_job||s606f3j3k3)
2025-04-23 07:16:07,147 Result is kept for 600 seconds
2025-04-23 07:16:07,159 home-rohy-evalaivr-evaluation:default: frappe.utils.background_jobs.execute_job(event=None, is_async=True, job_name='frappe.core.doctype.scheduled_job_type.scheduled_job_type.run_scheduled_jo..., kwargs={'job_type': 'frappe.automation.doctype.reminder.reminder.send_reminders', ..., method='frappe.core.doctype.scheduled_job_type.scheduled_job_type.run_scheduled_jo..., site='erpnext.localhost', user='Administrator') (erpnext.localhost||scheduled_job||s60860egc9)
2025-04-23 07:16:07,394 Successfully completed frappe.utils.background_jobs.execute_job(event=None, is_async=True, job_name='frappe.core.doctype.scheduled_job_type.scheduled_job_type.run_scheduled_jo..., kwargs={'job_type': 'frappe.automation.doctype.reminder.reminder.send_reminders', ..., method='frappe.core.doctype.scheduled_job_type.scheduled_job_type.run_scheduled_jo..., site='erpnext.localhost', user='Administrator') job in 0:00:00.223118s on worker 788fcd017c71498f9ef65546fcf28348
2025-04-23 07:16:07,395 home-rohy-evalaivr-evaluation:default: Job OK (erpnext.localhost||scheduled_job||s60860egc9)
2025-04-23 07:16:07,395 Result is kept for 600 seconds
2025-04-23 07:16:07,406 home-rohy-evalaivr-evaluation:default: frappe.utils.background_jobs.execute_job(event=None, is_async=True, job_name='frappe.core.doctype.scheduled_job_type.scheduled_job_type.run_scheduled_jo..., kwargs={'job_type': 'frappe.integrations.doctype.google_calendar.google_calendar.s..., method='frappe.core.doctype.scheduled_job_type.scheduled_job_type.run_scheduled_jo..., site='erpnext.localhost', user='Administrator') (erpnext.localhost||scheduled_job||s60e2kq4sq)
2025-04-23 07:16:07,908 Successfully completed frappe.utils.background_jobs.execute_job(event=None, is_async=True, job_name='frappe.core.doctype.scheduled_job_type.scheduled_job_type.run_scheduled_jo..., kwargs={'job_type': 'frappe.integrations.doctype.google_calendar.google_calendar.s..., method='frappe.core.doctype.scheduled_job_type.scheduled_job_type.run_scheduled_jo..., site='erpnext.localhost', user='Administrator') job in 0:00:00.490301s on worker 788fcd017c71498f9ef65546fcf28348
2025-04-23 07:16:07,909 home-rohy-evalaivr-evaluation:default: Job OK (erpnext.localhost||scheduled_job||s60e2kq4sq)
2025-04-23 07:16:07,909 Result is kept for 600 seconds
2025-04-23 07:16:07,923 home-rohy-evalaivr-evaluation:default: frappe.utils.background_jobs.execute_job(event=None, is_async=True, job_name='frappe.core.doctype.scheduled_job_type.scheduled_job_type.run_scheduled_jo..., kwargs={'job_type': 'frappe.website.doctype.web_page.web_page.check_publish_status..., method='frappe.core.doctype.scheduled_job_type.scheduled_job_type.run_scheduled_jo..., site='erpnext.localhost', user='Administrator') (erpnext.localhost||scheduled_job||s609qc5grc)
2025-04-23 07:16:08,380 Successfully completed frappe.utils.background_jobs.execute_job(event=None, is_async=True, job_name='frappe.core.doctype.scheduled_job_type.scheduled_job_type.run_scheduled_jo..., kwargs={'job_type': 'frappe.website.doctype.web_page.web_page.check_publish_status..., method='frappe.core.doctype.scheduled_job_type.scheduled_job_type.run_scheduled_jo..., site='erpnext.localhost', user='Administrator') job in 0:00:00.445220s on worker 788fcd017c71498f9ef65546fcf28348
2025-04-23 07:16:08,380 home-rohy-evalaivr-evaluation:default: Job OK (erpnext.localhost||scheduled_job||s609qc5grc)
2025-04-23 07:16:08,381 Result is kept for 600 seconds
2025-04-23 07:16:08,394 home-rohy-evalaivr-evaluation:default: frappe.utils.background_jobs.execute_job(event=None, is_async=True, job_name='frappe.core.doctype.scheduled_job_type.scheduled_job_type.run_scheduled_jo..., kwargs={'job_type': 'erpnext.manufacturing.doctype.bom_update_log.bom_update_log.r..., method='frappe.core.doctype.scheduled_job_type.scheduled_job_type.run_scheduled_jo..., site='erpnext.localhost', user='Administrator') (erpnext.localhost||scheduled_job||tgsg535gbe)
2025-04-23 07:16:08,660 Successfully completed frappe.utils.background_jobs.execute_job(event=None, is_async=True, job_name='frappe.core.doctype.scheduled_job_type.scheduled_job_type.run_scheduled_jo..., kwargs={'job_type': 'erpnext.manufacturing.doctype.bom_update_log.bom_update_log.r..., method='frappe.core.doctype.scheduled_job_type.scheduled_job_type.run_scheduled_jo..., site='erpnext.localhost', user='Administrator') job in 0:00:00.252988s on worker 788fcd017c71498f9ef65546fcf28348
2025-04-23 07:16:08,661 home-rohy-evalaivr-evaluation:default: Job OK (erpnext.localhost||scheduled_job||tgsg535gbe)
2025-04-23 07:16:08,661 Result is kept for 600 seconds
2025-04-23 07:16:08,672 home-rohy-evalaivr-evaluation:default: frappe.utils.background_jobs.execute_job(event=None, is_async=True, job_name='frappe.core.doctype.scheduled_job_type.scheduled_job_type.run_scheduled_jo..., kwargs={'job_type': 'frappe.monitor.flush', 'scheduled_job_type': 's60ssvifus'}, method='frappe.core.doctype.scheduled_job_type.scheduled_job_type.run_scheduled_jo..., site='erpnext.localhost', user='Administrator') (erpnext.localhost||scheduled_job||s60ssvifus)
2025-04-23 07:16:08,891 Successfully completed frappe.utils.background_jobs.execute_job(event=None, is_async=True, job_name='frappe.core.doctype.scheduled_job_type.scheduled_job_type.run_scheduled_jo..., kwargs={'job_type': 'frappe.monitor.flush', 'scheduled_job_type': 's60ssvifus'}, method='frappe.core.doctype.scheduled_job_type.scheduled_job_type.run_scheduled_jo..., site='erpnext.localhost', user='Administrator') job in 0:00:00.207284s on worker 788fcd017c71498f9ef65546fcf28348
2025-04-23 07:16:08,892 home-rohy-evalaivr-evaluation:default: Job OK (erpnext.localhost||scheduled_job||s60ssvifus)
2025-04-23 07:16:08,892 Result is kept for 600 seconds
2025-04-23 07:16:08,903 home-rohy-evalaivr-evaluation:default: frappe.utils.background_jobs.execute_job(event=None, is_async=True, job_name='frappe.core.doctype.scheduled_job_type.scheduled_job_type.run_scheduled_jo..., kwargs={'job_type': 'frappe.email.doctype.email_account.email_account.notify_unrep..., method='frappe.core.doctype.scheduled_job_type.scheduled_job_type.run_scheduled_jo..., site='erpnext.localhost', user='Administrator') (erpnext.localhost||scheduled_job||s60tvhcbpc)
2025-04-23 07:16:09,207 Successfully completed frappe.utils.background_jobs.execute_job(event=None, is_async=True, job_name='frappe.core.doctype.scheduled_job_type.scheduled_job_type.run_scheduled_jo..., kwargs={'job_type': 'frappe.email.doctype.email_account.email_account.notify_unrep..., method='frappe.core.doctype.scheduled_job_type.scheduled_job_type.run_scheduled_jo..., site='erpnext.localhost', user='Administrator') job in 0:00:00.291875s on worker 788fcd017c71498f9ef65546fcf28348
2025-04-23 07:16:09,208 home-rohy-evalaivr-evaluation:default: Job OK (erpnext.localhost||scheduled_job||s60tvhcbpc)
2025-04-23 07:16:09,208 Result is kept for 600 seconds
2025-04-23 07:16:09,220 home-rohy-evalaivr-evaluation:default: frappe.utils.background_jobs.execute_job(event=None, is_async=True, job_name='frappe.core.doctype.scheduled_job_type.scheduled_job_type.run_scheduled_jo..., kwargs={'job_type': 'frappe.deferred_insert.save_to_db', 'scheduled_job_type': 's6..., method='frappe.core.doctype.scheduled_job_type.scheduled_job_type.run_scheduled_jo..., site='erpnext.localhost', user='Administrator') (erpnext.localhost||scheduled_job||s6065rp0ec)
2025-04-23 07:16:09,449 Successfully completed frappe.utils.background_jobs.execute_job(event=None, is_async=True, job_name='frappe.core.doctype.scheduled_job_type.scheduled_job_type.run_scheduled_jo..., kwargs={'job_type': 'frappe.deferred_insert.save_to_db', 'scheduled_job_type': 's6..., method='frappe.core.doctype.scheduled_job_type.scheduled_job_type.run_scheduled_jo..., site='erpnext.localhost', user='Administrator') job in 0:00:00.217686s on worker 788fcd017c71498f9ef65546fcf28348
2025-04-23 07:16:09,450 home-rohy-evalaivr-evaluation:default: Job OK (erpnext.localhost||scheduled_job||s6065rp0ec)
2025-04-23 07:16:09,450 Result is kept for 600 seconds
2025-04-23 07:16:09,461 home-rohy-evalaivr-evaluation:default: frappe.utils.background_jobs.execute_job(event=None, is_async=True, job_name='frappe.core.doctype.scheduled_job_type.scheduled_job_type.run_scheduled_jo..., kwargs={'job_type': 'frappe.email.doctype.notification.notification.trigger_offset..., method='frappe.core.doctype.scheduled_job_type.scheduled_job_type.run_scheduled_jo..., site='erpnext.localhost', user='Administrator') (erpnext.localhost||scheduled_job||s603rpotun)
2025-04-23 07:16:09,730 Successfully completed frappe.utils.background_jobs.execute_job(event=None, is_async=True, job_name='frappe.core.doctype.scheduled_job_type.scheduled_job_type.run_scheduled_jo..., kwargs={'job_type': 'frappe.email.doctype.notification.notification.trigger_offset..., method='frappe.core.doctype.scheduled_job_type.scheduled_job_type.run_scheduled_jo..., site='erpnext.localhost', user='Administrator') job in 0:00:00.257618s on worker 788fcd017c71498f9ef65546fcf28348
2025-04-23 07:16:09,730 home-rohy-evalaivr-evaluation:default: Job OK (erpnext.localhost||scheduled_job||s603rpotun)
2025-04-23 07:16:09,731 Result is kept for 600 seconds
2025-04-23 07:20:00,208 home-rohy-evalaivr-evaluation:default: frappe.utils.background_jobs.execute_job(event=None, is_async=True, job_name='frappe.core.doctype.scheduled_job_type.scheduled_job_type.run_scheduled_jo..., kwargs={'job_type': 'frappe.email.doctype.notification.notification.trigger_offset..., method='frappe.core.doctype.scheduled_job_type.scheduled_job_type.run_scheduled_jo..., site='erpnext.localhost', user='Administrator') (erpnext.localhost||scheduled_job||s603rpotun)
2025-04-23 07:20:00,510 Successfully completed frappe.utils.background_jobs.execute_job(event=None, is_async=True, job_name='frappe.core.doctype.scheduled_job_type.scheduled_job_type.run_scheduled_jo..., kwargs={'job_type': 'frappe.email.doctype.notification.notification.trigger_offset..., method='frappe.core.doctype.scheduled_job_type.scheduled_job_type.run_scheduled_jo..., site='erpnext.localhost', user='Administrator') job in 0:00:00.285658s on worker 788fcd017c71498f9ef65546fcf28348
2025-04-23 07:20:00,511 home-rohy-evalaivr-evaluation:default: Job OK (erpnext.localhost||scheduled_job||s603rpotun)
2025-04-23 07:20:00,511 Result is kept for 600 seconds
2025-04-23 07:20:00,522 home-rohy-evalaivr-evaluation:default: frappe.utils.background_jobs.execute_job(event=None, is_async=True, job_name='frappe.core.doctype.scheduled_job_type.scheduled_job_type.run_scheduled_jo..., kwargs={'job_type': 'frappe.email.doctype.email_account.email_account.pull', 'sche..., method='frappe.core.doctype.scheduled_job_type.scheduled_job_type.run_scheduled_jo..., site='erpnext.localhost', user='Administrator') (erpnext.localhost||scheduled_job||s60v5h24ke)
2025-04-23 07:20:00,817 Successfully completed frappe.utils.background_jobs.execute_job(event=None, is_async=True, job_name='frappe.core.doctype.scheduled_job_type.scheduled_job_type.run_scheduled_jo..., kwargs={'job_type': 'frappe.email.doctype.email_account.email_account.pull', 'sche..., method='frappe.core.doctype.scheduled_job_type.scheduled_job_type.run_scheduled_jo..., site='erpnext.localhost', user='Administrator') job in 0:00:00.279450s on worker 788fcd017c71498f9ef65546fcf28348
2025-04-23 07:20:00,818 home-rohy-evalaivr-evaluation:default: Job OK (erpnext.localhost||scheduled_job||s60v5h24ke)
2025-04-23 07:20:00,818 Result is kept for 600 seconds
2025-04-23 07:20:00,830 home-rohy-evalaivr-evaluation:default: frappe.utils.background_jobs.execute_job(event=None, is_async=True, job_name='frappe.core.doctype.scheduled_job_type.scheduled_job_type.run_scheduled_jo..., kwargs={'job_type': 'frappe.integrations.doctype.google_calendar.google_calendar.s..., method='frappe.core.doctype.scheduled_job_type.scheduled_job_type.run_scheduled_jo..., site='erpnext.localhost', user='Administrator') (erpnext.localhost||scheduled_job||s60e2kq4sq)
2025-04-23 07:20:01,773 Successfully completed frappe.utils.background_jobs.execute_job(event=None, is_async=True, job_name='frappe.core.doctype.scheduled_job_type.scheduled_job_type.run_scheduled_jo..., kwargs={'job_type': 'frappe.integrations.doctype.google_calendar.google_calendar.s..., method='frappe.core.doctype.scheduled_job_type.scheduled_job_type.run_scheduled_jo..., site='erpnext.localhost', user='Administrator') job in 0:00:00.929151s on worker 788fcd017c71498f9ef65546fcf28348
2025-04-23 07:20:01,773 home-rohy-evalaivr-evaluation:default: Job OK (erpnext.localhost||scheduled_job||s60e2kq4sq)
2025-04-23 07:20:01,774 Result is kept for 600 seconds
2025-04-23 07:20:01,787 home-rohy-evalaivr-evaluation:default: frappe.utils.background_jobs.execute_job(event=None, is_async=True, job_name='frappe.core.doctype.scheduled_job_type.scheduled_job_type.run_scheduled_jo..., kwargs={'job_type': 'frappe.monitor.flush', 'scheduled_job_type': 's60ssvifus'}, method='frappe.core.doctype.scheduled_job_type.scheduled_job_type.run_scheduled_jo..., site='erpnext.localhost', user='Administrator') (erpnext.localhost||scheduled_job||s60ssvifus)
2025-04-23 07:20:02,104 Successfully completed frappe.utils.background_jobs.execute_job(event=None, is_async=True, job_name='frappe.core.doctype.scheduled_job_type.scheduled_job_type.run_scheduled_jo..., kwargs={'job_type': 'frappe.monitor.flush', 'scheduled_job_type': 's60ssvifus'}, method='frappe.core.doctype.scheduled_job_type.scheduled_job_type.run_scheduled_jo..., site='erpnext.localhost', user='Administrator') job in 0:00:00.293206s on worker 788fcd017c71498f9ef65546fcf28348
2025-04-23 07:20:02,106 home-rohy-evalaivr-evaluation:default: Job OK (erpnext.localhost||scheduled_job||s60ssvifus)
2025-04-23 07:20:02,106 Result is kept for 600 seconds
2025-04-23 07:20:02,123 home-rohy-evalaivr-evaluation:default: frappe.utils.background_jobs.execute_job(event=None, is_async=True, job_name='frappe.core.doctype.scheduled_job_type.scheduled_job_type.run_scheduled_jo..., kwargs={'job_type': 'frappe.email.queue.flush', 'scheduled_job_type': 's60b9alidp'..., method='frappe.core.doctype.scheduled_job_type.scheduled_job_type.run_scheduled_jo..., site='erpnext.localhost', user='Administrator') (erpnext.localhost||scheduled_job||s60b9alidp)
2025-04-23 07:20:02,596 Successfully completed frappe.utils.background_jobs.execute_job(event=None, is_async=True, job_name='frappe.core.doctype.scheduled_job_type.scheduled_job_type.run_scheduled_jo..., kwargs={'job_type': 'frappe.email.queue.flush', 'scheduled_job_type': 's60b9alidp'..., method='frappe.core.doctype.scheduled_job_type.scheduled_job_type.run_scheduled_jo..., site='erpnext.localhost', user='Administrator') job in 0:00:00.454585s on worker 788fcd017c71498f9ef65546fcf28348
2025-04-23 07:20:02,597 home-rohy-evalaivr-evaluation:default: Job OK (erpnext.localhost||scheduled_job||s60b9alidp)
2025-04-23 07:20:02,597 Result is kept for 600 seconds
2025-04-23 07:24:00,327 home-rohy-evalaivr-evaluation:default: frappe.utils.background_jobs.execute_job(event=None, is_async=True, job_name='frappe.core.doctype.scheduled_job_type.scheduled_job_type.run_scheduled_jo..., kwargs={'job_type': 'frappe.integrations.doctype.google_calendar.google_calendar.s..., method='frappe.core.doctype.scheduled_job_type.scheduled_job_type.run_scheduled_jo..., site='erpnext.localhost', user='Administrator') (erpnext.localhost||scheduled_job||s60e2kq4sq)
2025-04-23 07:24:00,866 Successfully completed frappe.utils.background_jobs.execute_job(event=None, is_async=True, job_name='frappe.core.doctype.scheduled_job_type.scheduled_job_type.run_scheduled_jo..., kwargs={'job_type': 'frappe.integrations.doctype.google_calendar.google_calendar.s..., method='frappe.core.doctype.scheduled_job_type.scheduled_job_type.run_scheduled_jo..., site='erpnext.localhost', user='Administrator') job in 0:00:00.522618s on worker 788fcd017c71498f9ef65546fcf28348
2025-04-23 07:24:00,866 home-rohy-evalaivr-evaluation:default: Job OK (erpnext.localhost||scheduled_job||s60e2kq4sq)
2025-04-23 07:24:00,866 Result is kept for 600 seconds
2025-04-23 07:24:00,875 Cleaning registries for queue: home-rohy-evalaivr-evaluation:short
2025-04-23 07:24:00,882 Cleaning registries for queue: home-rohy-evalaivr-evaluation:default
2025-04-23 07:24:00,885 Cleaning registries for queue: home-rohy-evalaivr-evaluation:long
2025-04-23 07:24:00,891 home-rohy-evalaivr-evaluation:default: frappe.utils.background_jobs.execute_job(event=None, is_async=True, job_name='frappe.core.doctype.scheduled_job_type.scheduled_job_type.run_scheduled_jo..., kwargs={'job_type': 'frappe.monitor.flush', 'scheduled_job_type': 's60ssvifus'}, method='frappe.core.doctype.scheduled_job_type.scheduled_job_type.run_scheduled_jo..., site='erpnext.localhost', user='Administrator') (erpnext.localhost||scheduled_job||s60ssvifus)
2025-04-23 07:24:01,119 Successfully completed frappe.utils.background_jobs.execute_job(event=None, is_async=True, job_name='frappe.core.doctype.scheduled_job_type.scheduled_job_type.run_scheduled_jo..., kwargs={'job_type': 'frappe.monitor.flush', 'scheduled_job_type': 's60ssvifus'}, method='frappe.core.doctype.scheduled_job_type.scheduled_job_type.run_scheduled_jo..., site='erpnext.localhost', user='Administrator') job in 0:00:00.216797s on worker 788fcd017c71498f9ef65546fcf28348
2025-04-23 07:24:01,120 home-rohy-evalaivr-evaluation:default: Job OK (erpnext.localhost||scheduled_job||s60ssvifus)
2025-04-23 07:24:01,120 Result is kept for 600 seconds
2025-04-23 07:24:01,132 home-rohy-evalaivr-evaluation:default: frappe.utils.background_jobs.execute_job(event=None, is_async=True, job_name='frappe.core.doctype.scheduled_job_type.scheduled_job_type.run_scheduled_jo..., kwargs={'job_type': 'frappe.email.queue.flush', 'scheduled_job_type': 's60b9alidp'..., method='frappe.core.doctype.scheduled_job_type.scheduled_job_type.run_scheduled_jo..., site='erpnext.localhost', user='Administrator') (erpnext.localhost||scheduled_job||s60b9alidp)
2025-04-23 07:24:01,528 Successfully completed frappe.utils.background_jobs.execute_job(event=None, is_async=True, job_name='frappe.core.doctype.scheduled_job_type.scheduled_job_type.run_scheduled_jo..., kwargs={'job_type': 'frappe.email.queue.flush', 'scheduled_job_type': 's60b9alidp'..., method='frappe.core.doctype.scheduled_job_type.scheduled_job_type.run_scheduled_jo..., site='erpnext.localhost', user='Administrator') job in 0:00:00.384900s on worker 788fcd017c71498f9ef65546fcf28348
2025-04-23 07:24:01,529 home-rohy-evalaivr-evaluation:default: Job OK (erpnext.localhost||scheduled_job||s60b9alidp)
2025-04-23 07:24:01,529 Result is kept for 600 seconds
2025-04-23 07:28:00,485 home-rohy-evalaivr-evaluation:default: frappe.utils.background_jobs.execute_job(event=None, is_async=True, job_name='frappe.core.doctype.scheduled_job_type.scheduled_job_type.run_scheduled_jo..., kwargs={'job_type': 'frappe.email.doctype.notification.notification.trigger_offset..., method='frappe.core.doctype.scheduled_job_type.scheduled_job_type.run_scheduled_jo..., site='erpnext.localhost', user='Administrator') (erpnext.localhost||scheduled_job||s603rpotun)
2025-04-23 07:28:00,725 Successfully completed frappe.utils.background_jobs.execute_job(event=None, is_async=True, job_name='frappe.core.doctype.scheduled_job_type.scheduled_job_type.run_scheduled_jo..., kwargs={'job_type': 'frappe.email.doctype.notification.notification.trigger_offset..., method='frappe.core.doctype.scheduled_job_type.scheduled_job_type.run_scheduled_jo..., site='erpnext.localhost', user='Administrator') job in 0:00:00.227139s on worker 788fcd017c71498f9ef65546fcf28348
2025-04-23 07:28:00,726 home-rohy-evalaivr-evaluation:default: Job OK (erpnext.localhost||scheduled_job||s603rpotun)
2025-04-23 07:28:00,726 Result is kept for 600 seconds
2025-04-23 07:28:00,737 home-rohy-evalaivr-evaluation:default: frappe.utils.background_jobs.execute_job(event=None, is_async=True, job_name='frappe.core.doctype.scheduled_job_type.scheduled_job_type.run_scheduled_jo..., kwargs={'job_type': 'frappe.integrations.doctype.google_calendar.google_calendar.s..., method='frappe.core.doctype.scheduled_job_type.scheduled_job_type.run_scheduled_jo..., site='erpnext.localhost', user='Administrator') (erpnext.localhost||scheduled_job||s60e2kq4sq)
2025-04-23 07:28:01,198 Successfully completed frappe.utils.background_jobs.execute_job(event=None, is_async=True, job_name='frappe.core.doctype.scheduled_job_type.scheduled_job_type.run_scheduled_jo..., kwargs={'job_type': 'frappe.integrations.doctype.google_calendar.google_calendar.s..., method='frappe.core.doctype.scheduled_job_type.scheduled_job_type.run_scheduled_jo..., site='erpnext.localhost', user='Administrator') job in 0:00:00.449560s on worker 788fcd017c71498f9ef65546fcf28348
2025-04-23 07:28:01,199 home-rohy-evalaivr-evaluation:default: Job OK (erpnext.localhost||scheduled_job||s60e2kq4sq)
2025-04-23 07:28:01,199 Result is kept for 600 seconds
2025-04-23 07:28:01,212 home-rohy-evalaivr-evaluation:default: frappe.utils.background_jobs.execute_job(event=None, is_async=True, job_name='frappe.core.doctype.scheduled_job_type.scheduled_job_type.run_scheduled_jo..., kwargs={'job_type': 'frappe.monitor.flush', 'scheduled_job_type': 's60ssvifus'}, method='frappe.core.doctype.scheduled_job_type.scheduled_job_type.run_scheduled_jo..., site='erpnext.localhost', user='Administrator') (erpnext.localhost||scheduled_job||s60ssvifus)
2025-04-23 07:28:01,463 Successfully completed frappe.utils.background_jobs.execute_job(event=None, is_async=True, job_name='frappe.core.doctype.scheduled_job_type.scheduled_job_type.run_scheduled_jo..., kwargs={'job_type': 'frappe.monitor.flush', 'scheduled_job_type': 's60ssvifus'}, method='frappe.core.doctype.scheduled_job_type.scheduled_job_type.run_scheduled_jo..., site='erpnext.localhost', user='Administrator') job in 0:00:00.239840s on worker 788fcd017c71498f9ef65546fcf28348
2025-04-23 07:28:01,464 home-rohy-evalaivr-evaluation:default: Job OK (erpnext.localhost||scheduled_job||s60ssvifus)
2025-04-23 07:28:01,464 Result is kept for 600 seconds
2025-04-23 07:28:01,478 home-rohy-evalaivr-evaluation:default: frappe.utils.background_jobs.execute_job(event=None, is_async=True, job_name='frappe.core.doctype.scheduled_job_type.scheduled_job_type.run_scheduled_jo..., kwargs={'job_type': 'frappe.email.queue.flush', 'scheduled_job_type': 's60b9alidp'..., method='frappe.core.doctype.scheduled_job_type.scheduled_job_type.run_scheduled_jo..., site='erpnext.localhost', user='Administrator') (erpnext.localhost||scheduled_job||s60b9alidp)
2025-04-23 07:28:01,838 Successfully completed frappe.utils.background_jobs.execute_job(event=None, is_async=True, job_name='frappe.core.doctype.scheduled_job_type.scheduled_job_type.run_scheduled_jo..., kwargs={'job_type': 'frappe.email.queue.flush', 'scheduled_job_type': 's60b9alidp'..., method='frappe.core.doctype.scheduled_job_type.scheduled_job_type.run_scheduled_jo..., site='erpnext.localhost', user='Administrator') job in 0:00:00.349500s on worker 788fcd017c71498f9ef65546fcf28348
2025-04-23 07:28:01,838 home-rohy-evalaivr-evaluation:default: Job OK (erpnext.localhost||scheduled_job||s60b9alidp)
2025-04-23 07:28:01,838 Result is kept for 600 seconds
2025-04-23 07:32:00,646 home-rohy-evalaivr-evaluation:default: frappe.utils.background_jobs.execute_job(event=None, is_async=True, job_name='frappe.core.doctype.scheduled_job_type.scheduled_job_type.run_scheduled_jo..., kwargs={'job_type': 'frappe.email.doctype.notification.notification.trigger_offset..., method='frappe.core.doctype.scheduled_job_type.scheduled_job_type.run_scheduled_jo..., site='erpnext.localhost', user='Administrator') (erpnext.localhost||scheduled_job||s603rpotun)
2025-04-23 07:32:00,890 Successfully completed frappe.utils.background_jobs.execute_job(event=None, is_async=True, job_name='frappe.core.doctype.scheduled_job_type.scheduled_job_type.run_scheduled_jo..., kwargs={'job_type': 'frappe.email.doctype.notification.notification.trigger_offset..., method='frappe.core.doctype.scheduled_job_type.scheduled_job_type.run_scheduled_jo..., site='erpnext.localhost', user='Administrator') job in 0:00:00.231146s on worker 788fcd017c71498f9ef65546fcf28348
2025-04-23 07:32:00,890 home-rohy-evalaivr-evaluation:default: Job OK (erpnext.localhost||scheduled_job||s603rpotun)
2025-04-23 07:32:00,890 Result is kept for 600 seconds
2025-04-23 07:32:00,901 home-rohy-evalaivr-evaluation:default: frappe.utils.background_jobs.execute_job(event=None, is_async=True, job_name='frappe.core.doctype.scheduled_job_type.scheduled_job_type.run_scheduled_jo..., kwargs={'job_type': 'erpnext.utilities.doctype.video.video.update_youtube_data', '..., method='frappe.core.doctype.scheduled_job_type.scheduled_job_type.run_scheduled_jo..., site='erpnext.localhost', user='Administrator') (erpnext.localhost||scheduled_job||tgspm1s388)
2025-04-23 07:32:01,529 Successfully completed frappe.utils.background_jobs.execute_job(event=None, is_async=True, job_name='frappe.core.doctype.scheduled_job_type.scheduled_job_type.run_scheduled_jo..., kwargs={'job_type': 'erpnext.utilities.doctype.video.video.update_youtube_data', '..., method='frappe.core.doctype.scheduled_job_type.scheduled_job_type.run_scheduled_jo..., site='erpnext.localhost', user='Administrator') job in 0:00:00.617440s on worker 788fcd017c71498f9ef65546fcf28348
2025-04-23 07:32:01,529 home-rohy-evalaivr-evaluation:default: Job OK (erpnext.localhost||scheduled_job||tgspm1s388)
2025-04-23 07:32:01,530 Result is kept for 600 seconds
2025-04-23 07:32:01,541 home-rohy-evalaivr-evaluation:default: frappe.utils.background_jobs.execute_job(event=None, is_async=True, job_name='frappe.core.doctype.scheduled_job_type.scheduled_job_type.run_scheduled_jo..., kwargs={'job_type': 'frappe.email.doctype.email_account.email_account.notify_unrep..., method='frappe.core.doctype.scheduled_job_type.scheduled_job_type.run_scheduled_jo..., site='erpnext.localhost', user='Administrator') (erpnext.localhost||scheduled_job||s60tvhcbpc)
2025-04-23 07:32:01,809 Successfully completed frappe.utils.background_jobs.execute_job(event=None, is_async=True, job_name='frappe.core.doctype.scheduled_job_type.scheduled_job_type.run_scheduled_jo..., kwargs={'job_type': 'frappe.email.doctype.email_account.email_account.notify_unrep..., method='frappe.core.doctype.scheduled_job_type.scheduled_job_type.run_scheduled_jo..., site='erpnext.localhost', user='Administrator') job in 0:00:00.256412s on worker 788fcd017c71498f9ef65546fcf28348
2025-04-23 07:32:01,809 home-rohy-evalaivr-evaluation:default: Job OK (erpnext.localhost||scheduled_job||s60tvhcbpc)
2025-04-23 07:32:01,809 Result is kept for 600 seconds
2025-04-23 07:32:01,821 home-rohy-evalaivr-evaluation:default: frappe.utils.background_jobs.execute_job(event=None, is_async=True, job_name='frappe.core.doctype.scheduled_job_type.scheduled_job_type.run_scheduled_jo..., kwargs={'job_type': 'erpnext.manufacturing.doctype.bom_update_log.bom_update_log.r..., method='frappe.core.doctype.scheduled_job_type.scheduled_job_type.run_scheduled_jo..., site='erpnext.localhost', user='Administrator') (erpnext.localhost||scheduled_job||tgsg535gbe)
2025-04-23 07:32:02,057 Successfully completed frappe.utils.background_jobs.execute_job(event=None, is_async=True, job_name='frappe.core.doctype.scheduled_job_type.scheduled_job_type.run_scheduled_jo..., kwargs={'job_type': 'erpnext.manufacturing.doctype.bom_update_log.bom_update_log.r..., method='frappe.core.doctype.scheduled_job_type.scheduled_job_type.run_scheduled_jo..., site='erpnext.localhost', user='Administrator') job in 0:00:00.225341s on worker 788fcd017c71498f9ef65546fcf28348
2025-04-23 07:32:02,058 home-rohy-evalaivr-evaluation:default: Job OK (erpnext.localhost||scheduled_job||tgsg535gbe)
2025-04-23 07:32:02,058 Result is kept for 600 seconds
2025-04-23 07:32:02,069 home-rohy-evalaivr-evaluation:default: frappe.utils.background_jobs.execute_job(event=None, is_async=True, job_name='frappe.core.doctype.scheduled_job_type.scheduled_job_type.run_scheduled_jo..., kwargs={'job_type': 'frappe.twofactor.delete_all_barcodes_for_users', 'scheduled_j..., method='frappe.core.doctype.scheduled_job_type.scheduled_job_type.run_scheduled_jo..., site='erpnext.localhost', user='Administrator') (erpnext.localhost||scheduled_job||s606f3j3k3)
2025-04-23 07:32:02,321 Successfully completed frappe.utils.background_jobs.execute_job(event=None, is_async=True, job_name='frappe.core.doctype.scheduled_job_type.scheduled_job_type.run_scheduled_jo..., kwargs={'job_type': 'frappe.twofactor.delete_all_barcodes_for_users', 'scheduled_j..., method='frappe.core.doctype.scheduled_job_type.scheduled_job_type.run_scheduled_jo..., site='erpnext.localhost', user='Administrator') job in 0:00:00.240940s on worker 788fcd017c71498f9ef65546fcf28348
2025-04-23 07:32:02,321 home-rohy-evalaivr-evaluation:default: Job OK (erpnext.localhost||scheduled_job||s606f3j3k3)
2025-04-23 07:32:02,322 Result is kept for 600 seconds
2025-04-23 07:32:02,334 home-rohy-evalaivr-evaluation:default: frappe.utils.background_jobs.execute_job(event=None, is_async=True, job_name='frappe.core.doctype.scheduled_job_type.scheduled_job_type.run_scheduled_jo..., kwargs={'job_type': 'frappe.integrations.doctype.google_calendar.google_calendar.s..., method='frappe.core.doctype.scheduled_job_type.scheduled_job_type.run_scheduled_jo..., site='erpnext.localhost', user='Administrator') (erpnext.localhost||scheduled_job||s60e2kq4sq)
2025-04-23 07:32:02,839 Successfully completed frappe.utils.background_jobs.execute_job(event=None, is_async=True, job_name='frappe.core.doctype.scheduled_job_type.scheduled_job_type.run_scheduled_jo..., kwargs={'job_type': 'frappe.integrations.doctype.google_calendar.google_calendar.s..., method='frappe.core.doctype.scheduled_job_type.scheduled_job_type.run_scheduled_jo..., site='erpnext.localhost', user='Administrator') job in 0:00:00.494963s on worker 788fcd017c71498f9ef65546fcf28348
2025-04-23 07:32:02,840 home-rohy-evalaivr-evaluation:default: Job OK (erpnext.localhost||scheduled_job||s60e2kq4sq)
2025-04-23 07:32:02,840 Result is kept for 600 seconds
2025-04-23 07:32:02,853 home-rohy-evalaivr-evaluation:default: frappe.utils.background_jobs.execute_job(event=None, is_async=True, job_name='frappe.core.doctype.scheduled_job_type.scheduled_job_type.run_scheduled_jo..., kwargs={'job_type': 'frappe.email.queue.flush', 'scheduled_job_type': 's60b9alidp'..., method='frappe.core.doctype.scheduled_job_type.scheduled_job_type.run_scheduled_jo..., site='erpnext.localhost', user='Administrator') (erpnext.localhost||scheduled_job||s60b9alidp)
2025-04-23 07:32:03,211 Successfully completed frappe.utils.background_jobs.execute_job(event=None, is_async=True, job_name='frappe.core.doctype.scheduled_job_type.scheduled_job_type.run_scheduled_jo..., kwargs={'job_type': 'frappe.email.queue.flush', 'scheduled_job_type': 's60b9alidp'..., method='frappe.core.doctype.scheduled_job_type.scheduled_job_type.run_scheduled_jo..., site='erpnext.localhost', user='Administrator') job in 0:00:00.346716s on worker 788fcd017c71498f9ef65546fcf28348
2025-04-23 07:32:03,211 home-rohy-evalaivr-evaluation:default: Job OK (erpnext.localhost||scheduled_job||s60b9alidp)
2025-04-23 07:32:03,212 Result is kept for 600 seconds
2025-04-23 07:32:03,224 home-rohy-evalaivr-evaluation:default: frappe.utils.background_jobs.execute_job(event=None, is_async=True, job_name='frappe.core.doctype.scheduled_job_type.scheduled_job_type.run_scheduled_jo..., kwargs={'job_type': 'frappe.core.doctype.prepared_report.prepared_report.expire_st..., method='frappe.core.doctype.scheduled_job_type.scheduled_job_type.run_scheduled_jo..., site='erpnext.localhost', user='Administrator') (erpnext.localhost||scheduled_job||s608d12rfr)
2025-04-23 07:32:03,460 Successfully completed frappe.utils.background_jobs.execute_job(event=None, is_async=True, job_name='frappe.core.doctype.scheduled_job_type.scheduled_job_type.run_scheduled_jo..., kwargs={'job_type': 'frappe.core.doctype.prepared_report.prepared_report.expire_st..., method='frappe.core.doctype.scheduled_job_type.scheduled_job_type.run_scheduled_jo..., site='erpnext.localhost', user='Administrator') job in 0:00:00.224925s on worker 788fcd017c71498f9ef65546fcf28348
2025-04-23 07:32:03,460 home-rohy-evalaivr-evaluation:default: Job OK (erpnext.localhost||scheduled_job||s608d12rfr)
2025-04-23 07:32:03,461 Result is kept for 600 seconds
2025-04-23 07:32:03,471 home-rohy-evalaivr-evaluation:default: frappe.utils.background_jobs.execute_job(event=None, is_async=True, job_name='frappe.core.doctype.scheduled_job_type.scheduled_job_type.run_scheduled_jo..., kwargs={'job_type': 'frappe.email.doctype.email_account.email_account.pull', 'sche..., method='frappe.core.doctype.scheduled_job_type.scheduled_job_type.run_scheduled_jo..., site='erpnext.localhost', user='Administrator') (erpnext.localhost||scheduled_job||s60v5h24ke)
2025-04-23 07:32:03,763 Successfully completed frappe.utils.background_jobs.execute_job(event=None, is_async=True, job_name='frappe.core.doctype.scheduled_job_type.scheduled_job_type.run_scheduled_jo..., kwargs={'job_type': 'frappe.email.doctype.email_account.email_account.pull', 'sche..., method='frappe.core.doctype.scheduled_job_type.scheduled_job_type.run_scheduled_jo..., site='erpnext.localhost', user='Administrator') job in 0:00:00.279923s on worker 788fcd017c71498f9ef65546fcf28348
2025-04-23 07:32:03,763 home-rohy-evalaivr-evaluation:default: Job OK (erpnext.localhost||scheduled_job||s60v5h24ke)
2025-04-23 07:32:03,764 Result is kept for 600 seconds
2025-04-23 07:32:03,776 home-rohy-evalaivr-evaluation:default: frappe.utils.background_jobs.execute_job(event=None, is_async=True, job_name='frappe.core.doctype.scheduled_job_type.scheduled_job_type.run_scheduled_jo..., kwargs={'job_type': 'erpnext.accounts.doctype.gl_entry.gl_entry.rename_gle_sle_doc..., method='frappe.core.doctype.scheduled_job_type.scheduled_job_type.run_scheduled_jo..., site='erpnext.localhost', user='Administrator') (erpnext.localhost||scheduled_job||tgs1rnqh8d)
2025-04-23 07:32:04,097 Successfully completed frappe.utils.background_jobs.execute_job(event=None, is_async=True, job_name='frappe.core.doctype.scheduled_job_type.scheduled_job_type.run_scheduled_jo..., kwargs={'job_type': 'erpnext.accounts.doctype.gl_entry.gl_entry.rename_gle_sle_doc..., method='frappe.core.doctype.scheduled_job_type.scheduled_job_type.run_scheduled_jo..., site='erpnext.localhost', user='Administrator') job in 0:00:00.308796s on worker 788fcd017c71498f9ef65546fcf28348
2025-04-23 07:32:04,097 home-rohy-evalaivr-evaluation:default: Job OK (erpnext.localhost||scheduled_job||tgs1rnqh8d)
2025-04-23 07:32:04,097 Result is kept for 600 seconds
2025-04-23 07:32:04,108 home-rohy-evalaivr-evaluation:default: frappe.utils.background_jobs.execute_job(event=None, is_async=True, job_name='frappe.core.doctype.scheduled_job_type.scheduled_job_type.run_scheduled_jo..., kwargs={'job_type': 'frappe.monitor.flush', 'scheduled_job_type': 's60ssvifus'}, method='frappe.core.doctype.scheduled_job_type.scheduled_job_type.run_scheduled_jo..., site='erpnext.localhost', user='Administrator') (erpnext.localhost||scheduled_job||s60ssvifus)
2025-04-23 07:32:04,319 Successfully completed frappe.utils.background_jobs.execute_job(event=None, is_async=True, job_name='frappe.core.doctype.scheduled_job_type.scheduled_job_type.run_scheduled_jo..., kwargs={'job_type': 'frappe.monitor.flush', 'scheduled_job_type': 's60ssvifus'}, method='frappe.core.doctype.scheduled_job_type.scheduled_job_type.run_scheduled_jo..., site='erpnext.localhost', user='Administrator') job in 0:00:00.198611s on worker 788fcd017c71498f9ef65546fcf28348
2025-04-23 07:32:04,319 home-rohy-evalaivr-evaluation:default: Job OK (erpnext.localhost||scheduled_job||s60ssvifus)
2025-04-23 07:32:04,319 Result is kept for 600 seconds
2025-04-23 07:32:04,331 home-rohy-evalaivr-evaluation:default: frappe.utils.background_jobs.execute_job(event=None, is_async=True, job_name='frappe.core.doctype.scheduled_job_type.scheduled_job_type.run_scheduled_jo..., kwargs={'job_type': 'frappe.deferred_insert.save_to_db', 'scheduled_job_type': 's6..., method='frappe.core.doctype.scheduled_job_type.scheduled_job_type.run_scheduled_jo..., site='erpnext.localhost', user='Administrator') (erpnext.localhost||scheduled_job||s6065rp0ec)
2025-04-23 07:32:04,555 Successfully completed frappe.utils.background_jobs.execute_job(event=None, is_async=True, job_name='frappe.core.doctype.scheduled_job_type.scheduled_job_type.run_scheduled_jo..., kwargs={'job_type': 'frappe.deferred_insert.save_to_db', 'scheduled_job_type': 's6..., method='frappe.core.doctype.scheduled_job_type.scheduled_job_type.run_scheduled_jo..., site='erpnext.localhost', user='Administrator') job in 0:00:00.213818s on worker 788fcd017c71498f9ef65546fcf28348
2025-04-23 07:32:04,555 home-rohy-evalaivr-evaluation:default: Job OK (erpnext.localhost||scheduled_job||s6065rp0ec)
2025-04-23 07:32:04,555 Result is kept for 600 seconds
2025-04-23 07:32:04,565 home-rohy-evalaivr-evaluation:default: frappe.utils.background_jobs.execute_job(event=None, is_async=True, job_name='frappe.core.doctype.scheduled_job_type.scheduled_job_type.run_scheduled_jo..., kwargs={'job_type': 'frappe.oauth.delete_oauth2_data', 'scheduled_job_type': 's607..., method='frappe.core.doctype.scheduled_job_type.scheduled_job_type.run_scheduled_jo..., site='erpnext.localhost', user='Administrator') (erpnext.localhost||scheduled_job||s607u2ss9g)
2025-04-23 07:32:04,847 Successfully completed frappe.utils.background_jobs.execute_job(event=None, is_async=True, job_name='frappe.core.doctype.scheduled_job_type.scheduled_job_type.run_scheduled_jo..., kwargs={'job_type': 'frappe.oauth.delete_oauth2_data', 'scheduled_job_type': 's607..., method='frappe.core.doctype.scheduled_job_type.scheduled_job_type.run_scheduled_jo..., site='erpnext.localhost', user='Administrator') job in 0:00:00.269488s on worker 788fcd017c71498f9ef65546fcf28348
2025-04-23 07:32:04,847 home-rohy-evalaivr-evaluation:default: Job OK (erpnext.localhost||scheduled_job||s607u2ss9g)
2025-04-23 07:32:04,847 Result is kept for 600 seconds
2025-04-23 07:32:04,860 home-rohy-evalaivr-evaluation:default: frappe.utils.background_jobs.execute_job(event=None, is_async=True, job_name='frappe.core.doctype.scheduled_job_type.scheduled_job_type.run_scheduled_jo..., kwargs={'job_type': 'frappe.automation.doctype.reminder.reminder.send_reminders', ..., method='frappe.core.doctype.scheduled_job_type.scheduled_job_type.run_scheduled_jo..., site='erpnext.localhost', user='Administrator') (erpnext.localhost||scheduled_job||s60860egc9)
2025-04-23 07:32:05,088 Successfully completed frappe.utils.background_jobs.execute_job(event=None, is_async=True, job_name='frappe.core.doctype.scheduled_job_type.scheduled_job_type.run_scheduled_jo..., kwargs={'job_type': 'frappe.automation.doctype.reminder.reminder.send_reminders', ..., method='frappe.core.doctype.scheduled_job_type.scheduled_job_type.run_scheduled_jo..., site='erpnext.localhost', user='Administrator') job in 0:00:00.217291s on worker 788fcd017c71498f9ef65546fcf28348
2025-04-23 07:32:05,089 home-rohy-evalaivr-evaluation:default: Job OK (erpnext.localhost||scheduled_job||s60860egc9)
2025-04-23 07:32:05,089 Result is kept for 600 seconds
2025-04-23 07:32:05,100 home-rohy-evalaivr-evaluation:default: frappe.utils.background_jobs.execute_job(event=None, is_async=True, job_name='frappe.core.doctype.scheduled_job_type.scheduled_job_type.run_scheduled_jo..., kwargs={'job_type': 'frappe.utils.global_search.sync_global_search', 'scheduled_jo..., method='frappe.core.doctype.scheduled_job_type.scheduled_job_type.run_scheduled_jo..., site='erpnext.localhost', user='Administrator') (erpnext.localhost||scheduled_job||s6091q3nn9)
2025-04-23 07:32:05,321 Successfully completed frappe.utils.background_jobs.execute_job(event=None, is_async=True, job_name='frappe.core.doctype.scheduled_job_type.scheduled_job_type.run_scheduled_jo..., kwargs={'job_type': 'frappe.utils.global_search.sync_global_search', 'scheduled_jo..., method='frappe.core.doctype.scheduled_job_type.scheduled_job_type.run_scheduled_jo..., site='erpnext.localhost', user='Administrator') job in 0:00:00.209617s on worker 788fcd017c71498f9ef65546fcf28348
2025-04-23 07:32:05,321 home-rohy-evalaivr-evaluation:default: Job OK (erpnext.localhost||scheduled_job||s6091q3nn9)
2025-04-23 07:32:05,321 Result is kept for 600 seconds
2025-04-23 07:32:05,333 home-rohy-evalaivr-evaluation:default: frappe.utils.background_jobs.execute_job(event=None, is_async=True, job_name='frappe.core.doctype.scheduled_job_type.scheduled_job_type.run_scheduled_jo..., kwargs={'job_type': 'frappe.website.doctype.web_page.web_page.check_publish_status..., method='frappe.core.doctype.scheduled_job_type.scheduled_job_type.run_scheduled_jo..., site='erpnext.localhost', user='Administrator') (erpnext.localhost||scheduled_job||s609qc5grc)
2025-04-23 07:32:05,687 Successfully completed frappe.utils.background_jobs.execute_job(event=None, is_async=True, job_name='frappe.core.doctype.scheduled_job_type.scheduled_job_type.run_scheduled_jo..., kwargs={'job_type': 'frappe.website.doctype.web_page.web_page.check_publish_status..., method='frappe.core.doctype.scheduled_job_type.scheduled_job_type.run_scheduled_jo..., site='erpnext.localhost', user='Administrator') job in 0:00:00.342645s on worker 788fcd017c71498f9ef65546fcf28348
2025-04-23 07:32:05,688 home-rohy-evalaivr-evaluation:default: Job OK (erpnext.localhost||scheduled_job||s609qc5grc)
2025-04-23 07:32:05,688 Result is kept for 600 seconds
2025-04-23 07:36:54,810 home-rohy-evalaivr-evaluation:default: frappe.utils.background_jobs.execute_job(event=None, is_async=True, job_name='frappe.core.doctype.scheduled_job_type.scheduled_job_type.run_scheduled_jo..., kwargs={'job_type': 'frappe.email.queue.flush', 'scheduled_job_type': 's60b9alidp'..., method='frappe.core.doctype.scheduled_job_type.scheduled_job_type.run_scheduled_jo..., site='erpnext.localhost', user='Administrator') (erpnext.localhost||scheduled_job||s60b9alidp)
2025-04-23 07:36:55,492 Successfully completed frappe.utils.background_jobs.execute_job(event=None, is_async=True, job_name='frappe.core.doctype.scheduled_job_type.scheduled_job_type.run_scheduled_jo..., kwargs={'job_type': 'frappe.email.queue.flush', 'scheduled_job_type': 's60b9alidp'..., method='frappe.core.doctype.scheduled_job_type.scheduled_job_type.run_scheduled_jo..., site='erpnext.localhost', user='Administrator') job in 0:00:00.661942s on worker 788fcd017c71498f9ef65546fcf28348
2025-04-23 07:36:55,493 home-rohy-evalaivr-evaluation:default: Job OK (erpnext.localhost||scheduled_job||s60b9alidp)
2025-04-23 07:36:55,493 Result is kept for 600 seconds
2025-04-23 07:36:55,505 Cleaning registries for queue: home-rohy-evalaivr-evaluation:short
2025-04-23 07:36:55,510 Cleaning registries for queue: home-rohy-evalaivr-evaluation:default
2025-04-23 07:36:55,516 Cleaning registries for queue: home-rohy-evalaivr-evaluation:long
2025-04-23 07:36:55,522 home-rohy-evalaivr-evaluation:default: frappe.utils.background_jobs.execute_job(event=None, is_async=True, job_name='frappe.core.doctype.scheduled_job_type.scheduled_job_type.run_scheduled_jo..., kwargs={'job_type': 'frappe.monitor.flush', 'scheduled_job_type': 's60ssvifus'}, method='frappe.core.doctype.scheduled_job_type.scheduled_job_type.run_scheduled_jo..., site='erpnext.localhost', user='Administrator') (erpnext.localhost||scheduled_job||s60ssvifus)
2025-04-23 07:36:55,839 Successfully completed frappe.utils.background_jobs.execute_job(event=None, is_async=True, job_name='frappe.core.doctype.scheduled_job_type.scheduled_job_type.run_scheduled_jo..., kwargs={'job_type': 'frappe.monitor.flush', 'scheduled_job_type': 's60ssvifus'}, method='frappe.core.doctype.scheduled_job_type.scheduled_job_type.run_scheduled_jo..., site='erpnext.localhost', user='Administrator') job in 0:00:00.305270s on worker 788fcd017c71498f9ef65546fcf28348
2025-04-23 07:36:55,839 home-rohy-evalaivr-evaluation:default: Job OK (erpnext.localhost||scheduled_job||s60ssvifus)
2025-04-23 07:36:55,839 Result is kept for 600 seconds
2025-04-23 07:36:55,851 home-rohy-evalaivr-evaluation:default: frappe.utils.background_jobs.execute_job(event=None, is_async=True, job_name='frappe.core.doctype.scheduled_job_type.scheduled_job_type.run_scheduled_jo..., kwargs={'job_type': 'frappe.integrations.doctype.google_calendar.google_calendar.s..., method='frappe.core.doctype.scheduled_job_type.scheduled_job_type.run_scheduled_jo..., site='erpnext.localhost', user='Administrator') (erpnext.localhost||scheduled_job||s60e2kq4sq)
2025-04-23 07:36:56,415 Successfully completed frappe.utils.background_jobs.execute_job(event=None, is_async=True, job_name='frappe.core.doctype.scheduled_job_type.scheduled_job_type.run_scheduled_jo..., kwargs={'job_type': 'frappe.integrations.doctype.google_calendar.google_calendar.s..., method='frappe.core.doctype.scheduled_job_type.scheduled_job_type.run_scheduled_jo..., site='erpnext.localhost', user='Administrator') job in 0:00:00.552040s on worker 788fcd017c71498f9ef65546fcf28348
2025-04-23 07:36:56,415 home-rohy-evalaivr-evaluation:default: Job OK (erpnext.localhost||scheduled_job||s60e2kq4sq)
2025-04-23 07:36:56,415 Result is kept for 600 seconds
2025-04-23 07:36:56,430 home-rohy-evalaivr-evaluation:default: frappe.utils.background_jobs.execute_job(event=None, is_async=True, job_name='frappe.core.doctype.scheduled_job_type.scheduled_job_type.run_scheduled_jo..., kwargs={'job_type': 'frappe.email.doctype.notification.notification.trigger_offset..., method='frappe.core.doctype.scheduled_job_type.scheduled_job_type.run_scheduled_jo..., site='erpnext.localhost', user='Administrator') (erpnext.localhost||scheduled_job||s603rpotun)
2025-04-23 07:36:56,744 Successfully completed frappe.utils.background_jobs.execute_job(event=None, is_async=True, job_name='frappe.core.doctype.scheduled_job_type.scheduled_job_type.run_scheduled_jo..., kwargs={'job_type': 'frappe.email.doctype.notification.notification.trigger_offset..., method='frappe.core.doctype.scheduled_job_type.scheduled_job_type.run_scheduled_jo..., site='erpnext.localhost', user='Administrator') job in 0:00:00.301793s on worker 788fcd017c71498f9ef65546fcf28348
2025-04-23 07:36:56,745 home-rohy-evalaivr-evaluation:default: Job OK (erpnext.localhost||scheduled_job||s603rpotun)
2025-04-23 07:36:56,745 Result is kept for 600 seconds
2025-04-23 07:40:00,903 home-rohy-evalaivr-evaluation:default: frappe.utils.background_jobs.execute_job(event=None, is_async=True, job_name='frappe.core.doctype.scheduled_job_type.scheduled_job_type.run_scheduled_jo..., kwargs={'job_type': 'frappe.email.doctype.notification.notification.trigger_offset..., method='frappe.core.doctype.scheduled_job_type.scheduled_job_type.run_scheduled_jo..., site='erpnext.localhost', user='Administrator') (erpnext.localhost||scheduled_job||s603rpotun)
2025-04-23 07:40:01,198 Successfully completed frappe.utils.background_jobs.execute_job(event=None, is_async=True, job_name='frappe.core.doctype.scheduled_job_type.scheduled_job_type.run_scheduled_jo..., kwargs={'job_type': 'frappe.email.doctype.notification.notification.trigger_offset..., method='frappe.core.doctype.scheduled_job_type.scheduled_job_type.run_scheduled_jo..., site='erpnext.localhost', user='Administrator') job in 0:00:00.279375s on worker 788fcd017c71498f9ef65546fcf28348
2025-04-23 07:40:01,199 home-rohy-evalaivr-evaluation:default: Job OK (erpnext.localhost||scheduled_job||s603rpotun)
2025-04-23 07:40:01,199 Result is kept for 600 seconds
2025-04-23 07:40:01,211 home-rohy-evalaivr-evaluation:default: frappe.utils.background_jobs.execute_job(event=None, is_async=True, job_name='frappe.core.doctype.scheduled_job_type.scheduled_job_type.run_scheduled_jo..., kwargs={'job_type': 'frappe.monitor.flush', 'scheduled_job_type': 's60ssvifus'}, method='frappe.core.doctype.scheduled_job_type.scheduled_job_type.run_scheduled_jo..., site='erpnext.localhost', user='Administrator') (erpnext.localhost||scheduled_job||s60ssvifus)
2025-04-23 07:40:01,461 Successfully completed frappe.utils.background_jobs.execute_job(event=None, is_async=True, job_name='frappe.core.doctype.scheduled_job_type.scheduled_job_type.run_scheduled_jo..., kwargs={'job_type': 'frappe.monitor.flush', 'scheduled_job_type': 's60ssvifus'}, method='frappe.core.doctype.scheduled_job_type.scheduled_job_type.run_scheduled_jo..., site='erpnext.localhost', user='Administrator') job in 0:00:00.237308s on worker 788fcd017c71498f9ef65546fcf28348
2025-04-23 07:40:01,461 home-rohy-evalaivr-evaluation:default: Job OK (erpnext.localhost||scheduled_job||s60ssvifus)
2025-04-23 07:40:01,461 Result is kept for 600 seconds
2025-04-23 07:40:01,472 home-rohy-evalaivr-evaluation:default: frappe.utils.background_jobs.execute_job(event=None, is_async=True, job_name='frappe.core.doctype.scheduled_job_type.scheduled_job_type.run_scheduled_jo..., kwargs={'job_type': 'frappe.integrations.doctype.google_calendar.google_calendar.s..., method='frappe.core.doctype.scheduled_job_type.scheduled_job_type.run_scheduled_jo..., site='erpnext.localhost', user='Administrator') (erpnext.localhost||scheduled_job||s60e2kq4sq)
2025-04-23 07:40:01,994 Successfully completed frappe.utils.background_jobs.execute_job(event=None, is_async=True, job_name='frappe.core.doctype.scheduled_job_type.scheduled_job_type.run_scheduled_jo..., kwargs={'job_type': 'frappe.integrations.doctype.google_calendar.google_calendar.s..., method='frappe.core.doctype.scheduled_job_type.scheduled_job_type.run_scheduled_jo..., site='erpnext.localhost', user='Administrator') job in 0:00:00.508607s on worker 788fcd017c71498f9ef65546fcf28348
2025-04-23 07:40:01,996 home-rohy-evalaivr-evaluation:default: Job OK (erpnext.localhost||scheduled_job||s60e2kq4sq)
2025-04-23 07:40:01,996 Result is kept for 600 seconds
2025-04-23 07:40:02,014 home-rohy-evalaivr-evaluation:default: frappe.utils.background_jobs.execute_job(event=None, is_async=True, job_name='frappe.core.doctype.scheduled_job_type.scheduled_job_type.run_scheduled_jo..., kwargs={'job_type': 'frappe.email.queue.flush', 'scheduled_job_type': 's60b9alidp'..., method='frappe.core.doctype.scheduled_job_type.scheduled_job_type.run_scheduled_jo..., site='erpnext.localhost', user='Administrator') (erpnext.localhost||scheduled_job||s60b9alidp)
2025-04-23 07:40:02,498 Successfully completed frappe.utils.background_jobs.execute_job(event=None, is_async=True, job_name='frappe.core.doctype.scheduled_job_type.scheduled_job_type.run_scheduled_jo..., kwargs={'job_type': 'frappe.email.queue.flush', 'scheduled_job_type': 's60b9alidp'..., method='frappe.core.doctype.scheduled_job_type.scheduled_job_type.run_scheduled_jo..., site='erpnext.localhost', user='Administrator') job in 0:00:00.454755s on worker 788fcd017c71498f9ef65546fcf28348
2025-04-23 07:40:02,503 home-rohy-evalaivr-evaluation:default: Job OK (erpnext.localhost||scheduled_job||s60b9alidp)
2025-04-23 07:40:02,503 Result is kept for 600 seconds
2025-04-23 07:40:02,526 home-rohy-evalaivr-evaluation:default: frappe.utils.background_jobs.execute_job(event=None, is_async=True, job_name='frappe.core.doctype.scheduled_job_type.scheduled_job_type.run_scheduled_jo..., kwargs={'job_type': 'frappe.email.doctype.email_account.email_account.pull', 'sche..., method='frappe.core.doctype.scheduled_job_type.scheduled_job_type.run_scheduled_jo..., site='erpnext.localhost', user='Administrator') (erpnext.localhost||scheduled_job||s60v5h24ke)
2025-04-23 07:40:02,900 Successfully completed frappe.utils.background_jobs.execute_job(event=None, is_async=True, job_name='frappe.core.doctype.scheduled_job_type.scheduled_job_type.run_scheduled_jo..., kwargs={'job_type': 'frappe.email.doctype.email_account.email_account.pull', 'sche..., method='frappe.core.doctype.scheduled_job_type.scheduled_job_type.run_scheduled_jo..., site='erpnext.localhost', user='Administrator') job in 0:00:00.353273s on worker 788fcd017c71498f9ef65546fcf28348
2025-04-23 07:40:02,900 home-rohy-evalaivr-evaluation:default: Job OK (erpnext.localhost||scheduled_job||s60v5h24ke)
2025-04-23 07:40:02,900 Result is kept for 600 seconds
2025-04-23 07:46:39,418 home-rohy-evalaivr-evaluation:default: frappe.utils.background_jobs.execute_job(event=None, is_async=True, job_name='frappe.core.doctype.scheduled_job_type.scheduled_job_type.run_scheduled_jo..., kwargs={'job_type': 'frappe.email.doctype.notification.notification.trigger_offset..., method='frappe.core.doctype.scheduled_job_type.scheduled_job_type.run_scheduled_jo..., site='erpnext.localhost', user='Administrator') (erpnext.localhost||scheduled_job||s603rpotun)
2025-04-23 07:46:39,565 Successfully completed frappe.utils.background_jobs.execute_job(event=None, is_async=True, job_name='frappe.core.doctype.scheduled_job_type.scheduled_job_type.run_scheduled_jo..., kwargs={'job_type': 'frappe.email.doctype.notification.notification.trigger_offset..., method='frappe.core.doctype.scheduled_job_type.scheduled_job_type.run_scheduled_jo..., site='erpnext.localhost', user='Administrator') job in 0:00:00.139056s on worker 788fcd017c71498f9ef65546fcf28348
2025-04-23 07:46:39,565 home-rohy-evalaivr-evaluation:default: Job OK (erpnext.localhost||scheduled_job||s603rpotun)
2025-04-23 07:46:39,565 Result is kept for 600 seconds
2025-04-23 07:46:39,571 home-rohy-evalaivr-evaluation:default: frappe.utils.background_jobs.execute_job(event=None, is_async=True, job_name='frappe.core.doctype.scheduled_job_type.scheduled_job_type.run_scheduled_jo..., kwargs={'job_type': 'frappe.email.doctype.email_account.email_account.notify_unrep..., method='frappe.core.doctype.scheduled_job_type.scheduled_job_type.run_scheduled_jo..., site='erpnext.localhost', user='Administrator') (erpnext.localhost||scheduled_job||s60tvhcbpc)
2025-04-23 07:46:39,739 Successfully completed frappe.utils.background_jobs.execute_job(event=None, is_async=True, job_name='frappe.core.doctype.scheduled_job_type.scheduled_job_type.run_scheduled_jo..., kwargs={'job_type': 'frappe.email.doctype.email_account.email_account.notify_unrep..., method='frappe.core.doctype.scheduled_job_type.scheduled_job_type.run_scheduled_jo..., site='erpnext.localhost', user='Administrator') job in 0:00:00.161258s on worker 788fcd017c71498f9ef65546fcf28348
2025-04-23 07:46:39,740 home-rohy-evalaivr-evaluation:default: Job OK (erpnext.localhost||scheduled_job||s60tvhcbpc)
2025-04-23 07:46:39,740 Result is kept for 600 seconds
2025-04-23 07:46:39,752 home-rohy-evalaivr-evaluation:default: frappe.utils.background_jobs.execute_job(event=None, is_async=True, job_name='frappe.core.doctype.scheduled_job_type.scheduled_job_type.run_scheduled_jo..., kwargs={'job_type': 'frappe.monitor.flush', 'scheduled_job_type': 's60ssvifus'}, method='frappe.core.doctype.scheduled_job_type.scheduled_job_type.run_scheduled_jo..., site='erpnext.localhost', user='Administrator') (erpnext.localhost||scheduled_job||s60ssvifus)
2025-04-23 07:46:39,887 Successfully completed frappe.utils.background_jobs.execute_job(event=None, is_async=True, job_name='frappe.core.doctype.scheduled_job_type.scheduled_job_type.run_scheduled_jo..., kwargs={'job_type': 'frappe.monitor.flush', 'scheduled_job_type': 's60ssvifus'}, method='frappe.core.doctype.scheduled_job_type.scheduled_job_type.run_scheduled_jo..., site='erpnext.localhost', user='Administrator') job in 0:00:00.127236s on worker 788fcd017c71498f9ef65546fcf28348
2025-04-23 07:46:39,887 home-rohy-evalaivr-evaluation:default: Job OK (erpnext.localhost||scheduled_job||s60ssvifus)
2025-04-23 07:46:39,887 Result is kept for 600 seconds
2025-04-23 07:46:39,893 home-rohy-evalaivr-evaluation:default: frappe.utils.background_jobs.execute_job(event=None, is_async=True, job_name='frappe.core.doctype.scheduled_job_type.scheduled_job_type.run_scheduled_jo..., kwargs={'job_type': 'frappe.oauth.delete_oauth2_data', 'scheduled_job_type': 's607..., method='frappe.core.doctype.scheduled_job_type.scheduled_job_type.run_scheduled_jo..., site='erpnext.localhost', user='Administrator') (erpnext.localhost||scheduled_job||s607u2ss9g)
2025-04-23 07:46:40,036 Successfully completed frappe.utils.background_jobs.execute_job(event=None, is_async=True, job_name='frappe.core.doctype.scheduled_job_type.scheduled_job_type.run_scheduled_jo..., kwargs={'job_type': 'frappe.oauth.delete_oauth2_data', 'scheduled_job_type': 's607..., method='frappe.core.doctype.scheduled_job_type.scheduled_job_type.run_scheduled_jo..., site='erpnext.localhost', user='Administrator') job in 0:00:00.136786s on worker 788fcd017c71498f9ef65546fcf28348
2025-04-23 07:46:40,037 home-rohy-evalaivr-evaluation:default: Job OK (erpnext.localhost||scheduled_job||s607u2ss9g)
2025-04-23 07:46:40,037 Result is kept for 600 seconds
2025-04-23 07:46:40,043 home-rohy-evalaivr-evaluation:default: frappe.utils.background_jobs.execute_job(event=None, is_async=True, job_name='frappe.core.doctype.scheduled_job_type.scheduled_job_type.run_scheduled_jo..., kwargs={'job_type': 'frappe.utils.global_search.sync_global_search', 'scheduled_jo..., method='frappe.core.doctype.scheduled_job_type.scheduled_job_type.run_scheduled_jo..., site='erpnext.localhost', user='Administrator') (erpnext.localhost||scheduled_job||s6091q3nn9)
2025-04-23 07:46:40,152 Successfully completed frappe.utils.background_jobs.execute_job(event=None, is_async=True, job_name='frappe.core.doctype.scheduled_job_type.scheduled_job_type.run_scheduled_jo..., kwargs={'job_type': 'frappe.utils.global_search.sync_global_search', 'scheduled_jo..., method='frappe.core.doctype.scheduled_job_type.scheduled_job_type.run_scheduled_jo..., site='erpnext.localhost', user='Administrator') job in 0:00:00.103638s on worker 788fcd017c71498f9ef65546fcf28348
2025-04-23 07:46:40,153 home-rohy-evalaivr-evaluation:default: Job OK (erpnext.localhost||scheduled_job||s6091q3nn9)
2025-04-23 07:46:40,153 Result is kept for 600 seconds
2025-04-23 07:46:40,158 home-rohy-evalaivr-evaluation:default: frappe.utils.background_jobs.execute_job(event=None, is_async=True, job_name='frappe.core.doctype.scheduled_job_type.scheduled_job_type.run_scheduled_jo..., kwargs={'job_type': 'frappe.automation.doctype.reminder.reminder.send_reminders', ..., method='frappe.core.doctype.scheduled_job_type.scheduled_job_type.run_scheduled_jo..., site='erpnext.localhost', user='Administrator') (erpnext.localhost||scheduled_job||s60860egc9)
2025-04-23 07:46:40,312 Successfully completed frappe.utils.background_jobs.execute_job(event=None, is_async=True, job_name='frappe.core.doctype.scheduled_job_type.scheduled_job_type.run_scheduled_jo..., kwargs={'job_type': 'frappe.automation.doctype.reminder.reminder.send_reminders', ..., method='frappe.core.doctype.scheduled_job_type.scheduled_job_type.run_scheduled_jo..., site='erpnext.localhost', user='Administrator') job in 0:00:00.148486s on worker 788fcd017c71498f9ef65546fcf28348
2025-04-23 07:46:40,313 home-rohy-evalaivr-evaluation:default: Job OK (erpnext.localhost||scheduled_job||s60860egc9)
2025-04-23 07:46:40,313 Result is kept for 600 seconds
2025-04-23 07:46:40,319 home-rohy-evalaivr-evaluation:default: frappe.utils.background_jobs.execute_job(event=None, is_async=True, job_name='frappe.core.doctype.scheduled_job_type.scheduled_job_type.run_scheduled_jo..., kwargs={'job_type': 'frappe.integrations.doctype.google_calendar.google_calendar.s..., method='frappe.core.doctype.scheduled_job_type.scheduled_job_type.run_scheduled_jo..., site='erpnext.localhost', user='Administrator') (erpnext.localhost||scheduled_job||s60e2kq4sq)
2025-04-23 07:46:40,593 Successfully completed frappe.utils.background_jobs.execute_job(event=None, is_async=True, job_name='frappe.core.doctype.scheduled_job_type.scheduled_job_type.run_scheduled_jo..., kwargs={'job_type': 'frappe.integrations.doctype.google_calendar.google_calendar.s..., method='frappe.core.doctype.scheduled_job_type.scheduled_job_type.run_scheduled_jo..., site='erpnext.localhost', user='Administrator') job in 0:00:00.268084s on worker 788fcd017c71498f9ef65546fcf28348
2025-04-23 07:46:40,593 home-rohy-evalaivr-evaluation:default: Job OK (erpnext.localhost||scheduled_job||s60e2kq4sq)
2025-04-23 07:46:40,593 Result is kept for 600 seconds
2025-04-23 07:46:40,601 home-rohy-evalaivr-evaluation:default: frappe.utils.background_jobs.execute_job(event=None, is_async=True, job_name='frappe.core.doctype.scheduled_job_type.scheduled_job_type.run_scheduled_jo..., kwargs={'job_type': 'frappe.email.queue.flush', 'scheduled_job_type': 's60b9alidp'..., method='frappe.core.doctype.scheduled_job_type.scheduled_job_type.run_scheduled_jo..., site='erpnext.localhost', user='Administrator') (erpnext.localhost||scheduled_job||s60b9alidp)
2025-04-23 07:46:40,818 Successfully completed frappe.utils.background_jobs.execute_job(event=None, is_async=True, job_name='frappe.core.doctype.scheduled_job_type.scheduled_job_type.run_scheduled_jo..., kwargs={'job_type': 'frappe.email.queue.flush', 'scheduled_job_type': 's60b9alidp'..., method='frappe.core.doctype.scheduled_job_type.scheduled_job_type.run_scheduled_jo..., site='erpnext.localhost', user='Administrator') job in 0:00:00.210202s on worker 788fcd017c71498f9ef65546fcf28348
2025-04-23 07:46:40,819 home-rohy-evalaivr-evaluation:default: Job OK (erpnext.localhost||scheduled_job||s60b9alidp)
2025-04-23 07:46:40,819 Result is kept for 600 seconds
2025-04-23 07:46:40,826 home-rohy-evalaivr-evaluation:default: frappe.utils.background_jobs.execute_job(event=None, is_async=True, job_name='frappe.core.doctype.scheduled_job_type.scheduled_job_type.run_scheduled_jo..., kwargs={'job_type': 'frappe.twofactor.delete_all_barcodes_for_users', 'scheduled_j..., method='frappe.core.doctype.scheduled_job_type.scheduled_job_type.run_scheduled_jo..., site='erpnext.localhost', user='Administrator') (erpnext.localhost||scheduled_job||s606f3j3k3)
2025-04-23 07:46:40,982 Successfully completed frappe.utils.background_jobs.execute_job(event=None, is_async=True, job_name='frappe.core.doctype.scheduled_job_type.scheduled_job_type.run_scheduled_jo..., kwargs={'job_type': 'frappe.twofactor.delete_all_barcodes_for_users', 'scheduled_j..., method='frappe.core.doctype.scheduled_job_type.scheduled_job_type.run_scheduled_jo..., site='erpnext.localhost', user='Administrator') job in 0:00:00.149906s on worker 788fcd017c71498f9ef65546fcf28348
2025-04-23 07:46:40,982 home-rohy-evalaivr-evaluation:default: Job OK (erpnext.localhost||scheduled_job||s606f3j3k3)
2025-04-23 07:46:40,982 Result is kept for 600 seconds
2025-04-23 07:46:40,988 home-rohy-evalaivr-evaluation:default: frappe.utils.background_jobs.execute_job(event=None, is_async=True, job_name='frappe.core.doctype.scheduled_job_type.scheduled_job_type.run_scheduled_jo..., kwargs={'job_type': 'frappe.website.doctype.web_page.web_page.check_publish_status..., method='frappe.core.doctype.scheduled_job_type.scheduled_job_type.run_scheduled_jo..., site='erpnext.localhost', user='Administrator') (erpnext.localhost||scheduled_job||s609qc5grc)
2025-04-23 07:46:41,198 Successfully completed frappe.utils.background_jobs.execute_job(event=None, is_async=True, job_name='frappe.core.doctype.scheduled_job_type.scheduled_job_type.run_scheduled_jo..., kwargs={'job_type': 'frappe.website.doctype.web_page.web_page.check_publish_status..., method='frappe.core.doctype.scheduled_job_type.scheduled_job_type.run_scheduled_jo..., site='erpnext.localhost', user='Administrator') job in 0:00:00.203734s on worker 788fcd017c71498f9ef65546fcf28348
2025-04-23 07:46:41,198 home-rohy-evalaivr-evaluation:default: Job OK (erpnext.localhost||scheduled_job||s609qc5grc)
2025-04-23 07:46:41,199 Result is kept for 600 seconds
2025-04-23 07:46:41,206 home-rohy-evalaivr-evaluation:default: frappe.utils.background_jobs.execute_job(event=None, is_async=True, job_name='frappe.core.doctype.scheduled_job_type.scheduled_job_type.run_scheduled_jo..., kwargs={'job_type': 'frappe.deferred_insert.save_to_db', 'scheduled_job_type': 's6..., method='frappe.core.doctype.scheduled_job_type.scheduled_job_type.run_scheduled_jo..., site='erpnext.localhost', user='Administrator') (erpnext.localhost||scheduled_job||s6065rp0ec)
2025-04-23 07:46:41,412 Successfully completed frappe.utils.background_jobs.execute_job(event=None, is_async=True, job_name='frappe.core.doctype.scheduled_job_type.scheduled_job_type.run_scheduled_jo..., kwargs={'job_type': 'frappe.deferred_insert.save_to_db', 'scheduled_job_type': 's6..., method='frappe.core.doctype.scheduled_job_type.scheduled_job_type.run_scheduled_jo..., site='erpnext.localhost', user='Administrator') job in 0:00:00.200290s on worker 788fcd017c71498f9ef65546fcf28348
2025-04-23 07:46:41,412 home-rohy-evalaivr-evaluation:default: Job OK (erpnext.localhost||scheduled_job||s6065rp0ec)
2025-04-23 07:46:41,412 Result is kept for 600 seconds
2025-04-23 07:46:41,418 home-rohy-evalaivr-evaluation:default: frappe.utils.background_jobs.execute_job(event=None, is_async=True, job_name='frappe.core.doctype.scheduled_job_type.scheduled_job_type.run_scheduled_jo..., kwargs={'job_type': 'erpnext.manufacturing.doctype.bom_update_log.bom_update_log.r..., method='frappe.core.doctype.scheduled_job_type.scheduled_job_type.run_scheduled_jo..., site='erpnext.localhost', user='Administrator') (erpnext.localhost||scheduled_job||tgsg535gbe)
2025-04-23 07:46:41,546 Successfully completed frappe.utils.background_jobs.execute_job(event=None, is_async=True, job_name='frappe.core.doctype.scheduled_job_type.scheduled_job_type.run_scheduled_jo..., kwargs={'job_type': 'erpnext.manufacturing.doctype.bom_update_log.bom_update_log.r..., method='frappe.core.doctype.scheduled_job_type.scheduled_job_type.run_scheduled_jo..., site='erpnext.localhost', user='Administrator') job in 0:00:00.122606s on worker 788fcd017c71498f9ef65546fcf28348
2025-04-23 07:46:41,546 home-rohy-evalaivr-evaluation:default: Job OK (erpnext.localhost||scheduled_job||tgsg535gbe)
2025-04-23 07:46:41,546 Result is kept for 600 seconds
2025-04-23 07:48:00,355 home-rohy-evalaivr-evaluation:default: frappe.utils.background_jobs.execute_job(event=None, is_async=True, job_name='frappe.core.doctype.scheduled_job_type.scheduled_job_type.run_scheduled_jo..., kwargs={'job_type': 'frappe.monitor.flush', 'scheduled_job_type': 's60ssvifus'}, method='frappe.core.doctype.scheduled_job_type.scheduled_job_type.run_scheduled_jo..., site='erpnext.localhost', user='Administrator') (erpnext.localhost||scheduled_job||s60ssvifus)
2025-04-23 07:48:00,486 Successfully completed frappe.utils.background_jobs.execute_job(event=None, is_async=True, job_name='frappe.core.doctype.scheduled_job_type.scheduled_job_type.run_scheduled_jo..., kwargs={'job_type': 'frappe.monitor.flush', 'scheduled_job_type': 's60ssvifus'}, method='frappe.core.doctype.scheduled_job_type.scheduled_job_type.run_scheduled_jo..., site='erpnext.localhost', user='Administrator') job in 0:00:00.125037s on worker 788fcd017c71498f9ef65546fcf28348
2025-04-23 07:48:00,487 home-rohy-evalaivr-evaluation:default: Job OK (erpnext.localhost||scheduled_job||s60ssvifus)
2025-04-23 07:48:00,487 Result is kept for 600 seconds
2025-04-23 07:48:00,492 Cleaning registries for queue: home-rohy-evalaivr-evaluation:short
2025-04-23 07:48:00,495 Cleaning registries for queue: home-rohy-evalaivr-evaluation:default
2025-04-23 07:48:00,496 Cleaning registries for queue: home-rohy-evalaivr-evaluation:long
2025-04-23 07:48:00,498 home-rohy-evalaivr-evaluation:default: frappe.utils.background_jobs.execute_job(event=None, is_async=True, job_name='frappe.core.doctype.scheduled_job_type.scheduled_job_type.run_scheduled_jo..., kwargs={'job_type': 'frappe.integrations.doctype.google_calendar.google_calendar.s..., method='frappe.core.doctype.scheduled_job_type.scheduled_job_type.run_scheduled_jo..., site='erpnext.localhost', user='Administrator') (erpnext.localhost||scheduled_job||s60e2kq4sq)
2025-04-23 07:48:00,760 Successfully completed frappe.utils.background_jobs.execute_job(event=None, is_async=True, job_name='frappe.core.doctype.scheduled_job_type.scheduled_job_type.run_scheduled_jo..., kwargs={'job_type': 'frappe.integrations.doctype.google_calendar.google_calendar.s..., method='frappe.core.doctype.scheduled_job_type.scheduled_job_type.run_scheduled_jo..., site='erpnext.localhost', user='Administrator') job in 0:00:00.255701s on worker 788fcd017c71498f9ef65546fcf28348
2025-04-23 07:48:00,760 home-rohy-evalaivr-evaluation:default: Job OK (erpnext.localhost||scheduled_job||s60e2kq4sq)
2025-04-23 07:48:00,760 Result is kept for 600 seconds
2025-04-23 07:48:00,766 home-rohy-evalaivr-evaluation:default: frappe.utils.background_jobs.execute_job(event=None, is_async=True, job_name='frappe.core.doctype.scheduled_job_type.scheduled_job_type.run_scheduled_jo..., kwargs={'job_type': 'frappe.email.queue.flush', 'scheduled_job_type': 's60b9alidp'..., method='frappe.core.doctype.scheduled_job_type.scheduled_job_type.run_scheduled_jo..., site='erpnext.localhost', user='Administrator') (erpnext.localhost||scheduled_job||s60b9alidp)
2025-04-23 07:48:00,968 Successfully completed frappe.utils.background_jobs.execute_job(event=None, is_async=True, job_name='frappe.core.doctype.scheduled_job_type.scheduled_job_type.run_scheduled_jo..., kwargs={'job_type': 'frappe.email.queue.flush', 'scheduled_job_type': 's60b9alidp'..., method='frappe.core.doctype.scheduled_job_type.scheduled_job_type.run_scheduled_jo..., site='erpnext.localhost', user='Administrator') job in 0:00:00.195976s on worker 788fcd017c71498f9ef65546fcf28348
2025-04-23 07:48:00,968 home-rohy-evalaivr-evaluation:default: Job OK (erpnext.localhost||scheduled_job||s60b9alidp)
2025-04-23 07:48:00,968 Result is kept for 600 seconds
2025-04-23 07:52:00,308 home-rohy-evalaivr-evaluation:default: frappe.utils.background_jobs.execute_job(event=None, is_async=True, job_name='frappe.core.doctype.scheduled_job_type.scheduled_job_type.run_scheduled_jo..., kwargs={'job_type': 'frappe.email.queue.flush', 'scheduled_job_type': 's60b9alidp'..., method='frappe.core.doctype.scheduled_job_type.scheduled_job_type.run_scheduled_jo..., site='erpnext.localhost', user='Administrator') (erpnext.localhost||scheduled_job||s60b9alidp)
2025-04-23 07:52:00,544 Successfully completed frappe.utils.background_jobs.execute_job(event=None, is_async=True, job_name='frappe.core.doctype.scheduled_job_type.scheduled_job_type.run_scheduled_jo..., kwargs={'job_type': 'frappe.email.queue.flush', 'scheduled_job_type': 's60b9alidp'..., method='frappe.core.doctype.scheduled_job_type.scheduled_job_type.run_scheduled_jo..., site='erpnext.localhost', user='Administrator') job in 0:00:00.227888s on worker 788fcd017c71498f9ef65546fcf28348
2025-04-23 07:52:00,544 home-rohy-evalaivr-evaluation:default: Job OK (erpnext.localhost||scheduled_job||s60b9alidp)
2025-04-23 07:52:00,544 Result is kept for 600 seconds
2025-04-23 07:52:00,552 home-rohy-evalaivr-evaluation:default: frappe.utils.background_jobs.execute_job(event=None, is_async=True, job_name='frappe.core.doctype.scheduled_job_type.scheduled_job_type.run_scheduled_jo..., kwargs={'job_type': 'frappe.email.doctype.notification.notification.trigger_offset..., method='frappe.core.doctype.scheduled_job_type.scheduled_job_type.run_scheduled_jo..., site='erpnext.localhost', user='Administrator') (erpnext.localhost||scheduled_job||s603rpotun)
2025-04-23 07:52:00,702 Successfully completed frappe.utils.background_jobs.execute_job(event=None, is_async=True, job_name='frappe.core.doctype.scheduled_job_type.scheduled_job_type.run_scheduled_jo..., kwargs={'job_type': 'frappe.email.doctype.notification.notification.trigger_offset..., method='frappe.core.doctype.scheduled_job_type.scheduled_job_type.run_scheduled_jo..., site='erpnext.localhost', user='Administrator') job in 0:00:00.142508s on worker 788fcd017c71498f9ef65546fcf28348
2025-04-23 07:52:00,702 home-rohy-evalaivr-evaluation:default: Job OK (erpnext.localhost||scheduled_job||s603rpotun)
2025-04-23 07:52:00,702 Result is kept for 600 seconds
2025-04-23 07:52:00,708 home-rohy-evalaivr-evaluation:default: frappe.utils.background_jobs.execute_job(event=None, is_async=True, job_name='frappe.core.doctype.scheduled_job_type.scheduled_job_type.run_scheduled_jo..., kwargs={'job_type': 'frappe.integrations.doctype.google_calendar.google_calendar.s..., method='frappe.core.doctype.scheduled_job_type.scheduled_job_type.run_scheduled_jo..., site='erpnext.localhost', user='Administrator') (erpnext.localhost||scheduled_job||s60e2kq4sq)
2025-04-23 07:52:00,989 Successfully completed frappe.utils.background_jobs.execute_job(event=None, is_async=True, job_name='frappe.core.doctype.scheduled_job_type.scheduled_job_type.run_scheduled_jo..., kwargs={'job_type': 'frappe.integrations.doctype.google_calendar.google_calendar.s..., method='frappe.core.doctype.scheduled_job_type.scheduled_job_type.run_scheduled_jo..., site='erpnext.localhost', user='Administrator') job in 0:00:00.274349s on worker 788fcd017c71498f9ef65546fcf28348
2025-04-23 07:52:00,989 home-rohy-evalaivr-evaluation:default: Job OK (erpnext.localhost||scheduled_job||s60e2kq4sq)
2025-04-23 07:52:00,989 Result is kept for 600 seconds
2025-04-23 07:52:00,995 home-rohy-evalaivr-evaluation:default: frappe.utils.background_jobs.execute_job(event=None, is_async=True, job_name='frappe.core.doctype.scheduled_job_type.scheduled_job_type.run_scheduled_jo..., kwargs={'job_type': 'frappe.email.doctype.email_account.email_account.pull', 'sche..., method='frappe.core.doctype.scheduled_job_type.scheduled_job_type.run_scheduled_jo..., site='erpnext.localhost', user='Administrator') (erpnext.localhost||scheduled_job||s60v5h24ke)
2025-04-23 07:52:01,158 Successfully completed frappe.utils.background_jobs.execute_job(event=None, is_async=True, job_name='frappe.core.doctype.scheduled_job_type.scheduled_job_type.run_scheduled_jo..., kwargs={'job_type': 'frappe.email.doctype.email_account.email_account.pull', 'sche..., method='frappe.core.doctype.scheduled_job_type.scheduled_job_type.run_scheduled_jo..., site='erpnext.localhost', user='Administrator') job in 0:00:00.157333s on worker 788fcd017c71498f9ef65546fcf28348
2025-04-23 07:52:01,158 home-rohy-evalaivr-evaluation:default: Job OK (erpnext.localhost||scheduled_job||s60v5h24ke)
2025-04-23 07:52:01,158 Result is kept for 600 seconds
2025-04-23 07:52:01,164 home-rohy-evalaivr-evaluation:default: frappe.utils.background_jobs.execute_job(event=None, is_async=True, job_name='frappe.core.doctype.scheduled_job_type.scheduled_job_type.run_scheduled_jo..., kwargs={'job_type': 'frappe.monitor.flush', 'scheduled_job_type': 's60ssvifus'}, method='frappe.core.doctype.scheduled_job_type.scheduled_job_type.run_scheduled_jo..., site='erpnext.localhost', user='Administrator') (erpnext.localhost||scheduled_job||s60ssvifus)
2025-04-23 07:52:01,302 Successfully completed frappe.utils.background_jobs.execute_job(event=None, is_async=True, job_name='frappe.core.doctype.scheduled_job_type.scheduled_job_type.run_scheduled_jo..., kwargs={'job_type': 'frappe.monitor.flush', 'scheduled_job_type': 's60ssvifus'}, method='frappe.core.doctype.scheduled_job_type.scheduled_job_type.run_scheduled_jo..., site='erpnext.localhost', user='Administrator') job in 0:00:00.131018s on worker 788fcd017c71498f9ef65546fcf28348
2025-04-23 07:52:01,302 home-rohy-evalaivr-evaluation:default: Job OK (erpnext.localhost||scheduled_job||s60ssvifus)
2025-04-23 07:52:01,302 Result is kept for 600 seconds
2025-04-23 07:56:00,372 home-rohy-evalaivr-evaluation:default: frappe.utils.background_jobs.execute_job(event=None, is_async=True, job_name='frappe.core.doctype.scheduled_job_type.scheduled_job_type.run_scheduled_jo..., kwargs={'job_type': 'frappe.integrations.doctype.google_calendar.google_calendar.s..., method='frappe.core.doctype.scheduled_job_type.scheduled_job_type.run_scheduled_jo..., site='erpnext.localhost', user='Administrator') (erpnext.localhost||scheduled_job||s60e2kq4sq)
2025-04-23 07:56:00,633 Successfully completed frappe.utils.background_jobs.execute_job(event=None, is_async=True, job_name='frappe.core.doctype.scheduled_job_type.scheduled_job_type.run_scheduled_jo..., kwargs={'job_type': 'frappe.integrations.doctype.google_calendar.google_calendar.s..., method='frappe.core.doctype.scheduled_job_type.scheduled_job_type.run_scheduled_jo..., site='erpnext.localhost', user='Administrator') job in 0:00:00.252137s on worker 788fcd017c71498f9ef65546fcf28348
2025-04-23 07:56:00,633 home-rohy-evalaivr-evaluation:default: Job OK (erpnext.localhost||scheduled_job||s60e2kq4sq)
2025-04-23 07:56:00,633 Result is kept for 600 seconds
2025-04-23 07:56:00,640 home-rohy-evalaivr-evaluation:default: frappe.utils.background_jobs.execute_job(event=None, is_async=True, job_name='frappe.core.doctype.scheduled_job_type.scheduled_job_type.run_scheduled_jo..., kwargs={'job_type': 'frappe.email.queue.flush', 'scheduled_job_type': 's60b9alidp'..., method='frappe.core.doctype.scheduled_job_type.scheduled_job_type.run_scheduled_jo..., site='erpnext.localhost', user='Administrator') (erpnext.localhost||scheduled_job||s60b9alidp)
2025-04-23 07:56:00,846 Successfully completed frappe.utils.background_jobs.execute_job(event=None, is_async=True, job_name='frappe.core.doctype.scheduled_job_type.scheduled_job_type.run_scheduled_jo..., kwargs={'job_type': 'frappe.email.queue.flush', 'scheduled_job_type': 's60b9alidp'..., method='frappe.core.doctype.scheduled_job_type.scheduled_job_type.run_scheduled_jo..., site='erpnext.localhost', user='Administrator') job in 0:00:00.200122s on worker 788fcd017c71498f9ef65546fcf28348
2025-04-23 07:56:00,846 home-rohy-evalaivr-evaluation:default: Job OK (erpnext.localhost||scheduled_job||s60b9alidp)
2025-04-23 07:56:00,846 Result is kept for 600 seconds
2025-04-23 07:56:00,852 home-rohy-evalaivr-evaluation:default: frappe.utils.background_jobs.execute_job(event=None, is_async=True, job_name='frappe.core.doctype.scheduled_job_type.scheduled_job_type.run_scheduled_jo..., kwargs={'job_type': 'frappe.email.doctype.notification.notification.trigger_offset..., method='frappe.core.doctype.scheduled_job_type.scheduled_job_type.run_scheduled_jo..., site='erpnext.localhost', user='Administrator') (erpnext.localhost||scheduled_job||s603rpotun)
2025-04-23 07:56:00,988 Successfully completed frappe.utils.background_jobs.execute_job(event=None, is_async=True, job_name='frappe.core.doctype.scheduled_job_type.scheduled_job_type.run_scheduled_jo..., kwargs={'job_type': 'frappe.email.doctype.notification.notification.trigger_offset..., method='frappe.core.doctype.scheduled_job_type.scheduled_job_type.run_scheduled_jo..., site='erpnext.localhost', user='Administrator') job in 0:00:00.130087s on worker 788fcd017c71498f9ef65546fcf28348
2025-04-23 07:56:00,988 home-rohy-evalaivr-evaluation:default: Job OK (erpnext.localhost||scheduled_job||s603rpotun)
2025-04-23 07:56:00,988 Result is kept for 600 seconds
2025-04-23 07:56:00,994 home-rohy-evalaivr-evaluation:default: frappe.utils.background_jobs.execute_job(event=None, is_async=True, job_name='frappe.core.doctype.scheduled_job_type.scheduled_job_type.run_scheduled_jo..., kwargs={'job_type': 'frappe.monitor.flush', 'scheduled_job_type': 's60ssvifus'}, method='frappe.core.doctype.scheduled_job_type.scheduled_job_type.run_scheduled_jo..., site='erpnext.localhost', user='Administrator') (erpnext.localhost||scheduled_job||s60ssvifus)
2025-04-23 07:56:01,106 Successfully completed frappe.utils.background_jobs.execute_job(event=None, is_async=True, job_name='frappe.core.doctype.scheduled_job_type.scheduled_job_type.run_scheduled_jo..., kwargs={'job_type': 'frappe.monitor.flush', 'scheduled_job_type': 's60ssvifus'}, method='frappe.core.doctype.scheduled_job_type.scheduled_job_type.run_scheduled_jo..., site='erpnext.localhost', user='Administrator') job in 0:00:00.106354s on worker 788fcd017c71498f9ef65546fcf28348
2025-04-23 07:56:01,106 home-rohy-evalaivr-evaluation:default: Job OK (erpnext.localhost||scheduled_job||s60ssvifus)
2025-04-23 07:56:01,107 Result is kept for 600 seconds
2025-04-23 08:00:00,464 home-rohy-evalaivr-evaluation:default: frappe.utils.background_jobs.execute_job(event=None, is_async=True, job_name='frappe.core.doctype.scheduled_job_type.scheduled_job_type.run_scheduled_jo..., kwargs={'job_type': 'erpnext.erpnext_integrations.doctype.plaid_settings.plaid_set..., method='frappe.core.doctype.scheduled_job_type.scheduled_job_type.run_scheduled_jo..., site='erpnext.localhost', user='Administrator') (erpnext.localhost||scheduled_job||tgsq64od4l)
2025-04-23 08:00:00,798 Successfully completed frappe.utils.background_jobs.execute_job(event=None, is_async=True, job_name='frappe.core.doctype.scheduled_job_type.scheduled_job_type.run_scheduled_jo..., kwargs={'job_type': 'erpnext.erpnext_integrations.doctype.plaid_settings.plaid_set..., method='frappe.core.doctype.scheduled_job_type.scheduled_job_type.run_scheduled_jo..., site='erpnext.localhost', user='Administrator') job in 0:00:00.309115s on worker 788fcd017c71498f9ef65546fcf28348
2025-04-23 08:00:00,799 home-rohy-evalaivr-evaluation:default: Job OK (erpnext.localhost||scheduled_job||tgsq64od4l)
2025-04-23 08:00:00,799 Result is kept for 600 seconds
2025-04-23 08:00:00,806 Cleaning registries for queue: home-rohy-evalaivr-evaluation:short
2025-04-23 08:00:00,811 Cleaning registries for queue: home-rohy-evalaivr-evaluation:default
2025-04-23 08:00:00,812 Cleaning registries for queue: home-rohy-evalaivr-evaluation:long
2025-04-23 08:00:00,815 home-rohy-evalaivr-evaluation:default: frappe.utils.background_jobs.execute_job(event=None, is_async=True, job_name='frappe.core.doctype.scheduled_job_type.scheduled_job_type.run_scheduled_jo..., kwargs={'job_type': 'erpnext.projects.doctype.project.project.project_status_updat..., method='frappe.core.doctype.scheduled_job_type.scheduled_job_type.run_scheduled_jo..., site='erpnext.localhost', user='Administrator') (erpnext.localhost||scheduled_job||tgsqk4bptv)
2025-04-23 08:00:01,049 Successfully completed frappe.utils.background_jobs.execute_job(event=None, is_async=True, job_name='frappe.core.doctype.scheduled_job_type.scheduled_job_type.run_scheduled_jo..., kwargs={'job_type': 'erpnext.projects.doctype.project.project.project_status_updat..., method='frappe.core.doctype.scheduled_job_type.scheduled_job_type.run_scheduled_jo..., site='erpnext.localhost', user='Administrator') job in 0:00:00.226733s on worker 788fcd017c71498f9ef65546fcf28348
2025-04-23 08:00:01,049 home-rohy-evalaivr-evaluation:default: Job OK (erpnext.localhost||scheduled_job||tgsqk4bptv)
2025-04-23 08:00:01,049 Result is kept for 600 seconds
2025-04-23 08:00:01,065 home-rohy-evalaivr-evaluation:default: frappe.utils.background_jobs.execute_job(event=None, is_async=True, job_name='frappe.core.doctype.scheduled_job_type.scheduled_job_type.run_scheduled_jo..., kwargs={'job_type': 'frappe.email.queue.flush', 'scheduled_job_type': 's60b9alidp'..., method='frappe.core.doctype.scheduled_job_type.scheduled_job_type.run_scheduled_jo..., site='erpnext.localhost', user='Administrator') (erpnext.localhost||scheduled_job||s60b9alidp)
2025-04-23 08:00:01,386 Successfully completed frappe.utils.background_jobs.execute_job(event=None, is_async=True, job_name='frappe.core.doctype.scheduled_job_type.scheduled_job_type.run_scheduled_jo..., kwargs={'job_type': 'frappe.email.queue.flush', 'scheduled_job_type': 's60b9alidp'..., method='frappe.core.doctype.scheduled_job_type.scheduled_job_type.run_scheduled_jo..., site='erpnext.localhost', user='Administrator') job in 0:00:00.312773s on worker 788fcd017c71498f9ef65546fcf28348
2025-04-23 08:00:01,386 home-rohy-evalaivr-evaluation:default: Job OK (erpnext.localhost||scheduled_job||s60b9alidp)
2025-04-23 08:00:01,386 Result is kept for 600 seconds
2025-04-23 08:00:01,394 home-rohy-evalaivr-evaluation:default: frappe.utils.background_jobs.execute_job(event=None, is_async=True, job_name='frappe.core.doctype.scheduled_job_type.scheduled_job_type.run_scheduled_jo..., kwargs={'job_type': 'frappe.monitor.flush', 'scheduled_job_type': 's60ssvifus'}, method='frappe.core.doctype.scheduled_job_type.scheduled_job_type.run_scheduled_jo..., site='erpnext.localhost', user='Administrator') (erpnext.localhost||scheduled_job||s60ssvifus)
2025-04-23 08:00:01,578 Successfully completed frappe.utils.background_jobs.execute_job(event=None, is_async=True, job_name='frappe.core.doctype.scheduled_job_type.scheduled_job_type.run_scheduled_jo..., kwargs={'job_type': 'frappe.monitor.flush', 'scheduled_job_type': 's60ssvifus'}, method='frappe.core.doctype.scheduled_job_type.scheduled_job_type.run_scheduled_jo..., site='erpnext.localhost', user='Administrator') job in 0:00:00.175816s on worker 788fcd017c71498f9ef65546fcf28348
2025-04-23 08:00:01,578 home-rohy-evalaivr-evaluation:default: Job OK (erpnext.localhost||scheduled_job||s60ssvifus)
2025-04-23 08:00:01,578 Result is kept for 600 seconds
2025-04-23 08:00:01,585 home-rohy-evalaivr-evaluation:default: frappe.utils.background_jobs.execute_job(event=None, is_async=True, job_name='frappe.core.doctype.scheduled_job_type.scheduled_job_type.run_scheduled_jo..., kwargs={'job_type': 'frappe.automation.doctype.reminder.reminder.send_reminders', ..., method='frappe.core.doctype.scheduled_job_type.scheduled_job_type.run_scheduled_jo..., site='erpnext.localhost', user='Administrator') (erpnext.localhost||scheduled_job||s60860egc9)
2025-04-23 08:00:01,731 Successfully completed frappe.utils.background_jobs.execute_job(event=None, is_async=True, job_name='frappe.core.doctype.scheduled_job_type.scheduled_job_type.run_scheduled_jo..., kwargs={'job_type': 'frappe.automation.doctype.reminder.reminder.send_reminders', ..., method='frappe.core.doctype.scheduled_job_type.scheduled_job_type.run_scheduled_jo..., site='erpnext.localhost', user='Administrator') job in 0:00:00.137791s on worker 788fcd017c71498f9ef65546fcf28348
2025-04-23 08:00:01,731 home-rohy-evalaivr-evaluation:default: Job OK (erpnext.localhost||scheduled_job||s60860egc9)
2025-04-23 08:00:01,731 Result is kept for 600 seconds
2025-04-23 08:00:01,739 home-rohy-evalaivr-evaluation:default: frappe.utils.background_jobs.execute_job(event=None, is_async=True, job_name='frappe.core.doctype.scheduled_job_type.scheduled_job_type.run_scheduled_jo..., kwargs={'job_type': 'frappe.utils.global_search.sync_global_search', 'scheduled_jo..., method='frappe.core.doctype.scheduled_job_type.scheduled_job_type.run_scheduled_jo..., site='erpnext.localhost', user='Administrator') (erpnext.localhost||scheduled_job||s6091q3nn9)
2025-04-23 08:00:01,888 Successfully completed frappe.utils.background_jobs.execute_job(event=None, is_async=True, job_name='frappe.core.doctype.scheduled_job_type.scheduled_job_type.run_scheduled_jo..., kwargs={'job_type': 'frappe.utils.global_search.sync_global_search', 'scheduled_jo..., method='frappe.core.doctype.scheduled_job_type.scheduled_job_type.run_scheduled_jo..., site='erpnext.localhost', user='Administrator') job in 0:00:00.142114s on worker 788fcd017c71498f9ef65546fcf28348
2025-04-23 08:00:01,889 home-rohy-evalaivr-evaluation:default: Job OK (erpnext.localhost||scheduled_job||s6091q3nn9)
2025-04-23 08:00:01,889 Result is kept for 600 seconds
2025-04-23 08:00:01,895 home-rohy-evalaivr-evaluation:default: frappe.utils.background_jobs.execute_job(event=None, is_async=True, job_name='frappe.core.doctype.scheduled_job_type.scheduled_job_type.run_scheduled_jo..., kwargs={'job_type': 'frappe.deferred_insert.save_to_db', 'scheduled_job_type': 's6..., method='frappe.core.doctype.scheduled_job_type.scheduled_job_type.run_scheduled_jo..., site='erpnext.localhost', user='Administrator') (erpnext.localhost||scheduled_job||s6065rp0ec)
2025-04-23 08:00:02,083 Successfully completed frappe.utils.background_jobs.execute_job(event=None, is_async=True, job_name='frappe.core.doctype.scheduled_job_type.scheduled_job_type.run_scheduled_jo..., kwargs={'job_type': 'frappe.deferred_insert.save_to_db', 'scheduled_job_type': 's6..., method='frappe.core.doctype.scheduled_job_type.scheduled_job_type.run_scheduled_jo..., site='erpnext.localhost', user='Administrator') job in 0:00:00.180872s on worker 788fcd017c71498f9ef65546fcf28348
2025-04-23 08:00:02,083 home-rohy-evalaivr-evaluation:default: Job OK (erpnext.localhost||scheduled_job||s6065rp0ec)
2025-04-23 08:00:02,083 Result is kept for 600 seconds
2025-04-23 08:00:02,093 home-rohy-evalaivr-evaluation:default: frappe.utils.background_jobs.execute_job(event=None, is_async=True, job_name='frappe.core.doctype.scheduled_job_type.scheduled_job_type.run_scheduled_jo..., kwargs={'job_type': 'frappe.email.doctype.email_account.email_account.notify_unrep..., method='frappe.core.doctype.scheduled_job_type.scheduled_job_type.run_scheduled_jo..., site='erpnext.localhost', user='Administrator') (erpnext.localhost||scheduled_job||s60tvhcbpc)
2025-04-23 08:00:02,276 Successfully completed frappe.utils.background_jobs.execute_job(event=None, is_async=True, job_name='frappe.core.doctype.scheduled_job_type.scheduled_job_type.run_scheduled_jo..., kwargs={'job_type': 'frappe.email.doctype.email_account.email_account.notify_unrep..., method='frappe.core.doctype.scheduled_job_type.scheduled_job_type.run_scheduled_jo..., site='erpnext.localhost', user='Administrator') job in 0:00:00.175931s on worker 788fcd017c71498f9ef65546fcf28348
2025-04-23 08:00:02,276 home-rohy-evalaivr-evaluation:default: Job OK (erpnext.localhost||scheduled_job||s60tvhcbpc)
2025-04-23 08:00:02,276 Result is kept for 600 seconds
2025-04-23 08:00:02,283 home-rohy-evalaivr-evaluation:default: frappe.utils.background_jobs.execute_job(event=None, is_async=True, job_name='frappe.core.doctype.scheduled_job_type.scheduled_job_type.run_scheduled_jo..., kwargs={'job_type': 'frappe.model.utils.user_settings.sync_user_settings', 'schedu..., method='frappe.core.doctype.scheduled_job_type.scheduled_job_type.run_scheduled_jo..., site='erpnext.localhost', user='Administrator') (erpnext.localhost||scheduled_job||s605plhvkj)
2025-04-23 08:00:02,458 Successfully completed frappe.utils.background_jobs.execute_job(event=None, is_async=True, job_name='frappe.core.doctype.scheduled_job_type.scheduled_job_type.run_scheduled_jo..., kwargs={'job_type': 'frappe.model.utils.user_settings.sync_user_settings', 'schedu..., method='frappe.core.doctype.scheduled_job_type.scheduled_job_type.run_scheduled_jo..., site='erpnext.localhost', user='Administrator') job in 0:00:00.167977s on worker 788fcd017c71498f9ef65546fcf28348
2025-04-23 08:00:02,458 home-rohy-evalaivr-evaluation:default: Job OK (erpnext.localhost||scheduled_job||s605plhvkj)
2025-04-23 08:00:02,458 Result is kept for 600 seconds
2025-04-23 08:00:02,467 home-rohy-evalaivr-evaluation:default: frappe.utils.background_jobs.execute_job(event=None, is_async=True, job_name='frappe.core.doctype.scheduled_job_type.scheduled_job_type.run_scheduled_jo..., kwargs={'job_type': 'frappe.twofactor.delete_all_barcodes_for_users', 'scheduled_j..., method='frappe.core.doctype.scheduled_job_type.scheduled_job_type.run_scheduled_jo..., site='erpnext.localhost', user='Administrator') (erpnext.localhost||scheduled_job||s606f3j3k3)
2025-04-23 08:00:02,623 Successfully completed frappe.utils.background_jobs.execute_job(event=None, is_async=True, job_name='frappe.core.doctype.scheduled_job_type.scheduled_job_type.run_scheduled_jo..., kwargs={'job_type': 'frappe.twofactor.delete_all_barcodes_for_users', 'scheduled_j..., method='frappe.core.doctype.scheduled_job_type.scheduled_job_type.run_scheduled_jo..., site='erpnext.localhost', user='Administrator') job in 0:00:00.148758s on worker 788fcd017c71498f9ef65546fcf28348
2025-04-23 08:00:02,623 home-rohy-evalaivr-evaluation:default: Job OK (erpnext.localhost||scheduled_job||s606f3j3k3)
2025-04-23 08:00:02,623 Result is kept for 600 seconds
2025-04-23 08:00:02,631 home-rohy-evalaivr-evaluation:default: frappe.utils.background_jobs.execute_job(event=None, is_async=True, job_name='frappe.core.doctype.scheduled_job_type.scheduled_job_type.run_scheduled_jo..., kwargs={'job_type': 'frappe.oauth.delete_oauth2_data', 'scheduled_job_type': 's607..., method='frappe.core.doctype.scheduled_job_type.scheduled_job_type.run_scheduled_jo..., site='erpnext.localhost', user='Administrator') (erpnext.localhost||scheduled_job||s607u2ss9g)
2025-04-23 08:00:02,839 Successfully completed frappe.utils.background_jobs.execute_job(event=None, is_async=True, job_name='frappe.core.doctype.scheduled_job_type.scheduled_job_type.run_scheduled_jo..., kwargs={'job_type': 'frappe.oauth.delete_oauth2_data', 'scheduled_job_type': 's607..., method='frappe.core.doctype.scheduled_job_type.scheduled_job_type.run_scheduled_jo..., site='erpnext.localhost', user='Administrator') job in 0:00:00.200682s on worker 788fcd017c71498f9ef65546fcf28348
2025-04-23 08:00:02,839 home-rohy-evalaivr-evaluation:default: Job OK (erpnext.localhost||scheduled_job||s607u2ss9g)
2025-04-23 08:00:02,839 Result is kept for 600 seconds
2025-04-23 08:00:02,846 home-rohy-evalaivr-evaluation:default: frappe.utils.background_jobs.execute_job(event=None, is_async=True, job_name='frappe.core.doctype.scheduled_job_type.scheduled_job_type.run_scheduled_jo..., kwargs={'job_type': 'frappe.desk.page.backups.backups.delete_downloadable_backups'..., method='frappe.core.doctype.scheduled_job_type.scheduled_job_type.run_scheduled_jo..., site='erpnext.localhost', user='Administrator') (erpnext.localhost||scheduled_job||s60eklalh1)
2025-04-23 08:00:03,077 Successfully completed frappe.utils.background_jobs.execute_job(event=None, is_async=True, job_name='frappe.core.doctype.scheduled_job_type.scheduled_job_type.run_scheduled_jo..., kwargs={'job_type': 'frappe.desk.page.backups.backups.delete_downloadable_backups'..., method='frappe.core.doctype.scheduled_job_type.scheduled_job_type.run_scheduled_jo..., site='erpnext.localhost', user='Administrator') job in 0:00:00.223643s on worker 788fcd017c71498f9ef65546fcf28348
2025-04-23 08:00:03,077 home-rohy-evalaivr-evaluation:default: Job OK (erpnext.localhost||scheduled_job||s60eklalh1)
2025-04-23 08:00:03,077 Result is kept for 600 seconds
2025-04-23 08:00:03,085 home-rohy-evalaivr-evaluation:default: frappe.utils.background_jobs.execute_job(event=None, is_async=True, job_name='frappe.core.doctype.scheduled_job_type.scheduled_job_type.run_scheduled_jo..., kwargs={'job_type': 'erpnext.projects.doctype.project.project.collect_project_stat..., method='frappe.core.doctype.scheduled_job_type.scheduled_job_type.run_scheduled_jo..., site='erpnext.localhost', user='Administrator') (erpnext.localhost||scheduled_job||tgs4o4k734)
2025-04-23 08:00:03,308 Successfully completed frappe.utils.background_jobs.execute_job(event=None, is_async=True, job_name='frappe.core.doctype.scheduled_job_type.scheduled_job_type.run_scheduled_jo..., kwargs={'job_type': 'erpnext.projects.doctype.project.project.collect_project_stat..., method='frappe.core.doctype.scheduled_job_type.scheduled_job_type.run_scheduled_jo..., site='erpnext.localhost', user='Administrator') job in 0:00:00.215055s on worker 788fcd017c71498f9ef65546fcf28348
2025-04-23 08:00:03,308 home-rohy-evalaivr-evaluation:default: Job OK (erpnext.localhost||scheduled_job||tgs4o4k734)
2025-04-23 08:00:03,308 Result is kept for 600 seconds
2025-04-23 08:00:03,315 home-rohy-evalaivr-evaluation:default: frappe.utils.background_jobs.execute_job(event=None, is_async=True, job_name='frappe.core.doctype.scheduled_job_type.scheduled_job_type.run_scheduled_jo..., kwargs={'job_type': 'frappe.integrations.doctype.google_calendar.google_calendar.s..., method='frappe.core.doctype.scheduled_job_type.scheduled_job_type.run_scheduled_jo..., site='erpnext.localhost', user='Administrator') (erpnext.localhost||scheduled_job||s60e2kq4sq)
2025-04-23 08:00:03,986 Successfully completed frappe.utils.background_jobs.execute_job(event=None, is_async=True, job_name='frappe.core.doctype.scheduled_job_type.scheduled_job_type.run_scheduled_jo..., kwargs={'job_type': 'frappe.integrations.doctype.google_calendar.google_calendar.s..., method='frappe.core.doctype.scheduled_job_type.scheduled_job_type.run_scheduled_jo..., site='erpnext.localhost', user='Administrator') job in 0:00:00.662252s on worker 788fcd017c71498f9ef65546fcf28348
2025-04-23 08:00:03,986 home-rohy-evalaivr-evaluation:default: Job OK (erpnext.localhost||scheduled_job||s60e2kq4sq)
2025-04-23 08:00:03,986 Result is kept for 600 seconds
2025-04-23 08:00:04,002 home-rohy-evalaivr-evaluation:default: frappe.utils.background_jobs.execute_job(event=None, is_async=True, job_name='frappe.core.doctype.scheduled_job_type.scheduled_job_type.run_scheduled_jo..., kwargs={'job_type': 'frappe.website.doctype.personal_data_deletion_request.persona..., method='frappe.core.doctype.scheduled_job_type.scheduled_job_type.run_scheduled_jo..., site='erpnext.localhost', user='Administrator') (erpnext.localhost||scheduled_job||s60gv7ka84)
2025-04-23 08:00:04,364 Successfully completed frappe.utils.background_jobs.execute_job(event=None, is_async=True, job_name='frappe.core.doctype.scheduled_job_type.scheduled_job_type.run_scheduled_jo..., kwargs={'job_type': 'frappe.website.doctype.personal_data_deletion_request.persona..., method='frappe.core.doctype.scheduled_job_type.scheduled_job_type.run_scheduled_jo..., site='erpnext.localhost', user='Administrator') job in 0:00:00.353710s on worker 788fcd017c71498f9ef65546fcf28348
2025-04-23 08:00:04,364 home-rohy-evalaivr-evaluation:default: Job OK (erpnext.localhost||scheduled_job||s60gv7ka84)
2025-04-23 08:00:04,364 Result is kept for 600 seconds
2025-04-23 08:00:04,372 home-rohy-evalaivr-evaluation:default: frappe.utils.background_jobs.execute_job(event=None, is_async=True, job_name='frappe.core.doctype.scheduled_job_type.scheduled_job_type.run_scheduled_jo..., kwargs={'job_type': 'frappe.website.doctype.web_page.web_page.check_publish_status..., method='frappe.core.doctype.scheduled_job_type.scheduled_job_type.run_scheduled_jo..., site='erpnext.localhost', user='Administrator') (erpnext.localhost||scheduled_job||s609qc5grc)
2025-04-23 08:00:04,845 Successfully completed frappe.utils.background_jobs.execute_job(event=None, is_async=True, job_name='frappe.core.doctype.scheduled_job_type.scheduled_job_type.run_scheduled_jo..., kwargs={'job_type': 'frappe.website.doctype.web_page.web_page.check_publish_status..., method='frappe.core.doctype.scheduled_job_type.scheduled_job_type.run_scheduled_jo..., site='erpnext.localhost', user='Administrator') job in 0:00:00.459400s on worker 788fcd017c71498f9ef65546fcf28348
2025-04-23 08:00:04,845 home-rohy-evalaivr-evaluation:default: Job OK (erpnext.localhost||scheduled_job||s609qc5grc)
2025-04-23 08:00:04,845 Result is kept for 600 seconds
2025-04-23 08:00:04,853 home-rohy-evalaivr-evaluation:default: frappe.utils.background_jobs.execute_job(event=None, is_async=True, job_name='frappe.core.doctype.scheduled_job_type.scheduled_job_type.run_scheduled_jo..., kwargs={'job_type': 'erpnext.utilities.doctype.video.video.update_youtube_data', '..., method='frappe.core.doctype.scheduled_job_type.scheduled_job_type.run_scheduled_jo..., site='erpnext.localhost', user='Administrator') (erpnext.localhost||scheduled_job||tgspm1s388)
2025-04-23 08:00:05,448 Successfully completed frappe.utils.background_jobs.execute_job(event=None, is_async=True, job_name='frappe.core.doctype.scheduled_job_type.scheduled_job_type.run_scheduled_jo..., kwargs={'job_type': 'erpnext.utilities.doctype.video.video.update_youtube_data', '..., method='frappe.core.doctype.scheduled_job_type.scheduled_job_type.run_scheduled_jo..., site='erpnext.localhost', user='Administrator') job in 0:00:00.587410s on worker 788fcd017c71498f9ef65546fcf28348
2025-04-23 08:00:05,449 home-rohy-evalaivr-evaluation:default: Job OK (erpnext.localhost||scheduled_job||tgspm1s388)
2025-04-23 08:00:05,449 Result is kept for 600 seconds
2025-04-23 08:00:05,459 home-rohy-evalaivr-evaluation:default: frappe.utils.background_jobs.execute_job(event=None, is_async=True, job_name='frappe.core.doctype.scheduled_job_type.scheduled_job_type.run_scheduled_jo..., kwargs={'job_type': 'frappe.email.doctype.email_account.email_account.pull', 'sche..., method='frappe.core.doctype.scheduled_job_type.scheduled_job_type.run_scheduled_jo..., site='erpnext.localhost', user='Administrator') (erpnext.localhost||scheduled_job||s60v5h24ke)
2025-04-23 08:00:05,666 Successfully completed frappe.utils.background_jobs.execute_job(event=None, is_async=True, job_name='frappe.core.doctype.scheduled_job_type.scheduled_job_type.run_scheduled_jo..., kwargs={'job_type': 'frappe.email.doctype.email_account.email_account.pull', 'sche..., method='frappe.core.doctype.scheduled_job_type.scheduled_job_type.run_scheduled_jo..., site='erpnext.localhost', user='Administrator') job in 0:00:00.199447s on worker 788fcd017c71498f9ef65546fcf28348
2025-04-23 08:00:05,667 home-rohy-evalaivr-evaluation:default: Job OK (erpnext.localhost||scheduled_job||s60v5h24ke)
2025-04-23 08:00:05,667 Result is kept for 600 seconds
2025-04-23 08:00:05,674 home-rohy-evalaivr-evaluation:default: frappe.utils.background_jobs.execute_job(event=None, is_async=True, job_name='frappe.core.doctype.scheduled_job_type.scheduled_job_type.run_scheduled_jo..., kwargs={'job_type': 'frappe.email.doctype.newsletter.newsletter.send_scheduled_ema..., method='frappe.core.doctype.scheduled_job_type.scheduled_job_type.run_scheduled_jo..., site='erpnext.localhost', user='Administrator') (erpnext.localhost||scheduled_job||s60i57jue2)
2025-04-23 08:00:05,958 Successfully completed frappe.utils.background_jobs.execute_job(event=None, is_async=True, job_name='frappe.core.doctype.scheduled_job_type.scheduled_job_type.run_scheduled_jo..., kwargs={'job_type': 'frappe.email.doctype.newsletter.newsletter.send_scheduled_ema..., method='frappe.core.doctype.scheduled_job_type.scheduled_job_type.run_scheduled_jo..., site='erpnext.localhost', user='Administrator') job in 0:00:00.275687s on worker 788fcd017c71498f9ef65546fcf28348
2025-04-23 08:00:05,958 home-rohy-evalaivr-evaluation:default: Job OK (erpnext.localhost||scheduled_job||s60i57jue2)
2025-04-23 08:00:05,958 Result is kept for 600 seconds
2025-04-23 08:00:05,968 home-rohy-evalaivr-evaluation:default: frappe.utils.background_jobs.execute_job(event=None, is_async=True, job_name='frappe.core.doctype.scheduled_job_type.scheduled_job_type.run_scheduled_jo..., kwargs={'job_type': 'erpnext.projects.doctype.project.project.hourly_reminder', 's..., method='frappe.core.doctype.scheduled_job_type.scheduled_job_type.run_scheduled_jo..., site='erpnext.localhost', user='Administrator') (erpnext.localhost||scheduled_job||tgsn011kqd)
2025-04-23 08:00:06,214 Successfully completed frappe.utils.background_jobs.execute_job(event=None, is_async=True, job_name='frappe.core.doctype.scheduled_job_type.scheduled_job_type.run_scheduled_jo..., kwargs={'job_type': 'erpnext.projects.doctype.project.project.hourly_reminder', 's..., method='frappe.core.doctype.scheduled_job_type.scheduled_job_type.run_scheduled_jo..., site='erpnext.localhost', user='Administrator') job in 0:00:00.237475s on worker 788fcd017c71498f9ef65546fcf28348
2025-04-23 08:00:06,214 home-rohy-evalaivr-evaluation:default: Job OK (erpnext.localhost||scheduled_job||tgsn011kqd)
2025-04-23 08:00:06,214 Result is kept for 600 seconds
2025-04-23 08:00:06,223 home-rohy-evalaivr-evaluation:default: frappe.utils.background_jobs.execute_job(event=None, is_async=True, job_name='frappe.core.doctype.scheduled_job_type.scheduled_job_type.run_scheduled_jo..., kwargs={'job_type': 'frappe.desk.form.document_follow.send_hourly_updates', 'sched..., method='frappe.core.doctype.scheduled_job_type.scheduled_job_type.run_scheduled_jo..., site='erpnext.localhost', user='Administrator') (erpnext.localhost||scheduled_job||s60s4fqf9p)
2025-04-23 08:00:06,509 Successfully completed frappe.utils.background_jobs.execute_job(event=None, is_async=True, job_name='frappe.core.doctype.scheduled_job_type.scheduled_job_type.run_scheduled_jo..., kwargs={'job_type': 'frappe.desk.form.document_follow.send_hourly_updates', 'sched..., method='frappe.core.doctype.scheduled_job_type.scheduled_job_type.run_scheduled_jo..., site='erpnext.localhost', user='Administrator') job in 0:00:00.277877s on worker 788fcd017c71498f9ef65546fcf28348
2025-04-23 08:00:06,509 home-rohy-evalaivr-evaluation:default: Job OK (erpnext.localhost||scheduled_job||s60s4fqf9p)
2025-04-23 08:00:06,509 Result is kept for 600 seconds
2025-04-23 08:00:06,519 home-rohy-evalaivr-evaluation:default: frappe.utils.background_jobs.execute_job(event=None, is_async=True, job_name='frappe.core.doctype.scheduled_job_type.scheduled_job_type.run_scheduled_jo..., kwargs={'job_type': 'frappe.email.doctype.notification.notification.trigger_offset..., method='frappe.core.doctype.scheduled_job_type.scheduled_job_type.run_scheduled_jo..., site='erpnext.localhost', user='Administrator') (erpnext.localhost||scheduled_job||s603rpotun)
2025-04-23 08:00:06,740 Successfully completed frappe.utils.background_jobs.execute_job(event=None, is_async=True, job_name='frappe.core.doctype.scheduled_job_type.scheduled_job_type.run_scheduled_jo..., kwargs={'job_type': 'frappe.email.doctype.notification.notification.trigger_offset..., method='frappe.core.doctype.scheduled_job_type.scheduled_job_type.run_scheduled_jo..., site='erpnext.localhost', user='Administrator') job in 0:00:00.201427s on worker 788fcd017c71498f9ef65546fcf28348
2025-04-23 08:00:06,740 home-rohy-evalaivr-evaluation:default: Job OK (erpnext.localhost||scheduled_job||s603rpotun)
2025-04-23 08:00:06,740 Result is kept for 600 seconds
2025-04-23 08:00:06,748 home-rohy-evalaivr-evaluation:default: frappe.utils.background_jobs.execute_job(event=None, is_async=True, job_name='frappe.core.doctype.scheduled_job_type.scheduled_job_type.run_scheduled_jo..., kwargs={'job_type': 'erpnext.manufacturing.doctype.bom_update_log.bom_update_log.r..., method='frappe.core.doctype.scheduled_job_type.scheduled_job_type.run_scheduled_jo..., site='erpnext.localhost', user='Administrator') (erpnext.localhost||scheduled_job||tgsg535gbe)
2025-04-23 08:00:07,005 Successfully completed frappe.utils.background_jobs.execute_job(event=None, is_async=True, job_name='frappe.core.doctype.scheduled_job_type.scheduled_job_type.run_scheduled_jo..., kwargs={'job_type': 'erpnext.manufacturing.doctype.bom_update_log.bom_update_log.r..., method='frappe.core.doctype.scheduled_job_type.scheduled_job_type.run_scheduled_jo..., site='erpnext.localhost', user='Administrator') job in 0:00:00.248785s on worker 788fcd017c71498f9ef65546fcf28348
2025-04-23 08:00:07,005 home-rohy-evalaivr-evaluation:default: Job OK (erpnext.localhost||scheduled_job||tgsg535gbe)
2025-04-23 08:00:07,005 Result is kept for 600 seconds
2025-04-23 08:00:07,012 home-rohy-evalaivr-evaluation:default: frappe.utils.background_jobs.execute_job(event=None, is_async=True, job_name='frappe.core.doctype.scheduled_job_type.scheduled_job_type.run_scheduled_jo..., kwargs={'job_type': 'frappe.model.utils.link_count.update_link_count', 'scheduled_..., method='frappe.core.doctype.scheduled_job_type.scheduled_job_type.run_scheduled_jo..., site='erpnext.localhost', user='Administrator') (erpnext.localhost||scheduled_job||s608b5ancb)
2025-04-23 08:00:07,215 Successfully completed frappe.utils.background_jobs.execute_job(event=None, is_async=True, job_name='frappe.core.doctype.scheduled_job_type.scheduled_job_type.run_scheduled_jo..., kwargs={'job_type': 'frappe.model.utils.link_count.update_link_count', 'scheduled_..., method='frappe.core.doctype.scheduled_job_type.scheduled_job_type.run_scheduled_jo..., site='erpnext.localhost', user='Administrator') job in 0:00:00.196017s on worker 788fcd017c71498f9ef65546fcf28348
2025-04-23 08:00:07,215 home-rohy-evalaivr-evaluation:default: Job OK (erpnext.localhost||scheduled_job||s608b5ancb)
2025-04-23 08:00:07,215 Result is kept for 600 seconds
2025-04-23 08:04:01,008 home-rohy-evalaivr-evaluation:default: frappe.utils.background_jobs.execute_job(event=None, is_async=True, job_name='frappe.core.doctype.scheduled_job_type.scheduled_job_type.run_scheduled_jo..., kwargs={'job_type': 'frappe.email.queue.flush', 'scheduled_job_type': 's60b9alidp'..., method='frappe.core.doctype.scheduled_job_type.scheduled_job_type.run_scheduled_jo..., site='erpnext.localhost', user='Administrator') (erpnext.localhost||scheduled_job||s60b9alidp)
2025-04-23 08:04:02,313 Successfully completed frappe.utils.background_jobs.execute_job(event=None, is_async=True, job_name='frappe.core.doctype.scheduled_job_type.scheduled_job_type.run_scheduled_jo..., kwargs={'job_type': 'frappe.email.queue.flush', 'scheduled_job_type': 's60b9alidp'..., method='frappe.core.doctype.scheduled_job_type.scheduled_job_type.run_scheduled_jo..., site='erpnext.localhost', user='Administrator') job in 0:00:01.150213s on worker 788fcd017c71498f9ef65546fcf28348
2025-04-23 08:04:02,314 home-rohy-evalaivr-evaluation:default: Job OK (erpnext.localhost||scheduled_job||s60b9alidp)
2025-04-23 08:04:02,314 Result is kept for 600 seconds
2025-04-23 08:04:02,324 home-rohy-evalaivr-evaluation:default: frappe.utils.background_jobs.execute_job(event=None, is_async=True, job_name='frappe.core.doctype.scheduled_job_type.scheduled_job_type.run_scheduled_jo..., kwargs={'job_type': 'frappe.integrations.doctype.google_calendar.google_calendar.s..., method='frappe.core.doctype.scheduled_job_type.scheduled_job_type.run_scheduled_jo..., site='erpnext.localhost', user='Administrator') (erpnext.localhost||scheduled_job||s60e2kq4sq)
2025-04-23 08:04:02,645 Successfully completed frappe.utils.background_jobs.execute_job(event=None, is_async=True, job_name='frappe.core.doctype.scheduled_job_type.scheduled_job_type.run_scheduled_jo..., kwargs={'job_type': 'frappe.integrations.doctype.google_calendar.google_calendar.s..., method='frappe.core.doctype.scheduled_job_type.scheduled_job_type.run_scheduled_jo..., site='erpnext.localhost', user='Administrator') job in 0:00:00.313168s on worker 788fcd017c71498f9ef65546fcf28348
2025-04-23 08:04:02,649 home-rohy-evalaivr-evaluation:default: Job OK (erpnext.localhost||scheduled_job||s60e2kq4sq)
2025-04-23 08:04:02,649 Result is kept for 600 seconds
2025-04-23 08:04:02,655 home-rohy-evalaivr-evaluation:default: frappe.utils.background_jobs.execute_job(event=None, is_async=True, job_name='frappe.core.doctype.scheduled_job_type.scheduled_job_type.run_scheduled_jo..., kwargs={'job_type': 'frappe.monitor.flush', 'scheduled_job_type': 's60ssvifus'}, method='frappe.core.doctype.scheduled_job_type.scheduled_job_type.run_scheduled_jo..., site='erpnext.localhost', user='Administrator') (erpnext.localhost||scheduled_job||s60ssvifus)
2025-04-23 08:04:02,777 Successfully completed frappe.utils.background_jobs.execute_job(event=None, is_async=True, job_name='frappe.core.doctype.scheduled_job_type.scheduled_job_type.run_scheduled_jo..., kwargs={'job_type': 'frappe.monitor.flush', 'scheduled_job_type': 's60ssvifus'}, method='frappe.core.doctype.scheduled_job_type.scheduled_job_type.run_scheduled_jo..., site='erpnext.localhost', user='Administrator') job in 0:00:00.115375s on worker 788fcd017c71498f9ef65546fcf28348
2025-04-23 08:04:02,777 home-rohy-evalaivr-evaluation:default: Job OK (erpnext.localhost||scheduled_job||s60ssvifus)
2025-04-23 08:04:02,777 Result is kept for 600 seconds
2025-04-23 08:04:02,782 home-rohy-evalaivr-evaluation:long: frappe.utils.background_jobs.execute_job(event=None, is_async=True, job_name='frappe.core.doctype.scheduled_job_type.scheduled_job_type.run_scheduled_jo..., kwargs={'job_type': 'erpnext.utilities.bulk_transaction.retry', 'scheduled_job_typ..., method='frappe.core.doctype.scheduled_job_type.scheduled_job_type.run_scheduled_jo..., site='erpnext.localhost', user='Administrator') (erpnext.localhost||scheduled_job||tgv8dg7hqb)
2025-04-23 08:04:02,950 Successfully completed frappe.utils.background_jobs.execute_job(event=None, is_async=True, job_name='frappe.core.doctype.scheduled_job_type.scheduled_job_type.run_scheduled_jo..., kwargs={'job_type': 'erpnext.utilities.bulk_transaction.retry', 'scheduled_job_typ..., method='frappe.core.doctype.scheduled_job_type.scheduled_job_type.run_scheduled_jo..., site='erpnext.localhost', user='Administrator') job in 0:00:00.161762s on worker 788fcd017c71498f9ef65546fcf28348
2025-04-23 08:04:02,951 home-rohy-evalaivr-evaluation:long: Job OK (erpnext.localhost||scheduled_job||tgv8dg7hqb)
2025-04-23 08:04:02,951 Result is kept for 600 seconds
2025-04-23 08:04:02,957 home-rohy-evalaivr-evaluation:long: frappe.utils.background_jobs.execute_job(event=None, is_async=True, job_name='frappe.core.doctype.scheduled_job_type.scheduled_job_type.run_scheduled_jo..., kwargs={'job_type': 'erpnext.stock.doctype.repost_item_valuation.repost_item_valua..., method='frappe.core.doctype.scheduled_job_type.scheduled_job_type.run_scheduled_jo..., site='erpnext.localhost', user='Administrator') (erpnext.localhost||scheduled_job||tgvgbvpl46)
2025-04-23 08:04:03,164 Successfully completed frappe.utils.background_jobs.execute_job(event=None, is_async=True, job_name='frappe.core.doctype.scheduled_job_type.scheduled_job_type.run_scheduled_jo..., kwargs={'job_type': 'erpnext.stock.doctype.repost_item_valuation.repost_item_valua..., method='frappe.core.doctype.scheduled_job_type.scheduled_job_type.run_scheduled_jo..., site='erpnext.localhost', user='Administrator') job in 0:00:00.200918s on worker 788fcd017c71498f9ef65546fcf28348
2025-04-23 08:04:03,165 home-rohy-evalaivr-evaluation:long: Job OK (erpnext.localhost||scheduled_job||tgvgbvpl46)
2025-04-23 08:04:03,165 Result is kept for 600 seconds
2025-04-23 08:08:01,015 home-rohy-evalaivr-evaluation:default: frappe.utils.background_jobs.execute_job(event=None, is_async=True, job_name='frappe.core.doctype.scheduled_job_type.scheduled_job_type.run_scheduled_jo..., kwargs={'job_type': 'frappe.monitor.flush', 'scheduled_job_type': 's60ssvifus'}, method='frappe.core.doctype.scheduled_job_type.scheduled_job_type.run_scheduled_jo..., site='erpnext.localhost', user='Administrator') (erpnext.localhost||scheduled_job||s60ssvifus)
2025-04-23 08:08:01,125 Successfully completed frappe.utils.background_jobs.execute_job(event=None, is_async=True, job_name='frappe.core.doctype.scheduled_job_type.scheduled_job_type.run_scheduled_jo..., kwargs={'job_type': 'frappe.monitor.flush', 'scheduled_job_type': 's60ssvifus'}, method='frappe.core.doctype.scheduled_job_type.scheduled_job_type.run_scheduled_jo..., site='erpnext.localhost', user='Administrator') job in 0:00:00.104548s on worker 788fcd017c71498f9ef65546fcf28348
2025-04-23 08:08:01,126 home-rohy-evalaivr-evaluation:default: Job OK (erpnext.localhost||scheduled_job||s60ssvifus)
2025-04-23 08:08:01,126 Result is kept for 600 seconds
2025-04-23 08:08:01,131 home-rohy-evalaivr-evaluation:default: frappe.utils.background_jobs.execute_job(event=None, is_async=True, job_name='frappe.core.doctype.scheduled_job_type.scheduled_job_type.run_scheduled_jo..., kwargs={'job_type': 'frappe.integrations.doctype.google_calendar.google_calendar.s..., method='frappe.core.doctype.scheduled_job_type.scheduled_job_type.run_scheduled_jo..., site='erpnext.localhost', user='Administrator') (erpnext.localhost||scheduled_job||s60e2kq4sq)
2025-04-23 08:08:01,368 Successfully completed frappe.utils.background_jobs.execute_job(event=None, is_async=True, job_name='frappe.core.doctype.scheduled_job_type.scheduled_job_type.run_scheduled_jo..., kwargs={'job_type': 'frappe.integrations.doctype.google_calendar.google_calendar.s..., method='frappe.core.doctype.scheduled_job_type.scheduled_job_type.run_scheduled_jo..., site='erpnext.localhost', user='Administrator') job in 0:00:00.230482s on worker 788fcd017c71498f9ef65546fcf28348
2025-04-23 08:08:01,369 home-rohy-evalaivr-evaluation:default: Job OK (erpnext.localhost||scheduled_job||s60e2kq4sq)
2025-04-23 08:08:01,369 Result is kept for 600 seconds
2025-04-23 08:08:01,377 home-rohy-evalaivr-evaluation:default: frappe.utils.background_jobs.execute_job(event=None, is_async=True, job_name='frappe.core.doctype.scheduled_job_type.scheduled_job_type.run_scheduled_jo..., kwargs={'job_type': 'frappe.email.queue.flush', 'scheduled_job_type': 's60b9alidp'..., method='frappe.core.doctype.scheduled_job_type.scheduled_job_type.run_scheduled_jo..., site='erpnext.localhost', user='Administrator') (erpnext.localhost||scheduled_job||s60b9alidp)
2025-04-23 08:08:01,598 Successfully completed frappe.utils.background_jobs.execute_job(event=None, is_async=True, job_name='frappe.core.doctype.scheduled_job_type.scheduled_job_type.run_scheduled_jo..., kwargs={'job_type': 'frappe.email.queue.flush', 'scheduled_job_type': 's60b9alidp'..., method='frappe.core.doctype.scheduled_job_type.scheduled_job_type.run_scheduled_jo..., site='erpnext.localhost', user='Administrator') job in 0:00:00.213767s on worker 788fcd017c71498f9ef65546fcf28348
2025-04-23 08:08:01,598 home-rohy-evalaivr-evaluation:default: Job OK (erpnext.localhost||scheduled_job||s60b9alidp)
2025-04-23 08:08:01,598 Result is kept for 600 seconds
2025-04-23 08:08:01,605 home-rohy-evalaivr-evaluation:default: frappe.utils.background_jobs.execute_job(event=None, is_async=True, job_name='frappe.core.doctype.scheduled_job_type.scheduled_job_type.run_scheduled_jo..., kwargs={'job_type': 'frappe.email.doctype.notification.notification.trigger_offset..., method='frappe.core.doctype.scheduled_job_type.scheduled_job_type.run_scheduled_jo..., site='erpnext.localhost', user='Administrator') (erpnext.localhost||scheduled_job||s603rpotun)
2025-04-23 08:08:01,770 Successfully completed frappe.utils.background_jobs.execute_job(event=None, is_async=True, job_name='frappe.core.doctype.scheduled_job_type.scheduled_job_type.run_scheduled_jo..., kwargs={'job_type': 'frappe.email.doctype.notification.notification.trigger_offset..., method='frappe.core.doctype.scheduled_job_type.scheduled_job_type.run_scheduled_jo..., site='erpnext.localhost', user='Administrator') job in 0:00:00.158554s on worker 788fcd017c71498f9ef65546fcf28348
2025-04-23 08:08:01,771 home-rohy-evalaivr-evaluation:default: Job OK (erpnext.localhost||scheduled_job||s603rpotun)
2025-04-23 08:08:01,771 Result is kept for 600 seconds
2025-04-23 08:12:46,362 home-rohy-evalaivr-evaluation:default: frappe.utils.background_jobs.execute_job(event=None, is_async=True, job_name='frappe.core.doctype.scheduled_job_type.scheduled_job_type.run_scheduled_jo..., kwargs={'job_type': 'frappe.monitor.flush', 'scheduled_job_type': 's60ssvifus'}, method='frappe.core.doctype.scheduled_job_type.scheduled_job_type.run_scheduled_jo..., site='erpnext.localhost', user='Administrator') (erpnext.localhost||scheduled_job||s60ssvifus)
2025-04-23 08:12:46,722 Successfully completed frappe.utils.background_jobs.execute_job(event=None, is_async=True, job_name='frappe.core.doctype.scheduled_job_type.scheduled_job_type.run_scheduled_jo..., kwargs={'job_type': 'frappe.monitor.flush', 'scheduled_job_type': 's60ssvifus'}, method='frappe.core.doctype.scheduled_job_type.scheduled_job_type.run_scheduled_jo..., site='erpnext.localhost', user='Administrator') job in 0:00:00.334390s on worker 788fcd017c71498f9ef65546fcf28348
2025-04-23 08:12:46,723 home-rohy-evalaivr-evaluation:default: Job OK (erpnext.localhost||scheduled_job||s60ssvifus)
2025-04-23 08:12:46,723 Result is kept for 600 seconds
2025-04-23 08:12:46,736 Cleaning registries for queue: home-rohy-evalaivr-evaluation:short
2025-04-23 08:12:46,749 Cleaning registries for queue: home-rohy-evalaivr-evaluation:default
2025-04-23 08:12:46,754 Cleaning registries for queue: home-rohy-evalaivr-evaluation:long
2025-04-23 08:12:46,760 home-rohy-evalaivr-evaluation:default: frappe.utils.background_jobs.execute_job(event=None, is_async=True, job_name='frappe.core.doctype.scheduled_job_type.scheduled_job_type.run_scheduled_jo..., kwargs={'job_type': 'frappe.email.doctype.email_account.email_account.pull', 'sche..., method='frappe.core.doctype.scheduled_job_type.scheduled_job_type.run_scheduled_jo..., site='erpnext.localhost', user='Administrator') (erpnext.localhost||scheduled_job||s60v5h24ke)
2025-04-23 08:12:47,124 Successfully completed frappe.utils.background_jobs.execute_job(event=None, is_async=True, job_name='frappe.core.doctype.scheduled_job_type.scheduled_job_type.run_scheduled_jo..., kwargs={'job_type': 'frappe.email.doctype.email_account.email_account.pull', 'sche..., method='frappe.core.doctype.scheduled_job_type.scheduled_job_type.run_scheduled_jo..., site='erpnext.localhost', user='Administrator') job in 0:00:00.351268s on worker 788fcd017c71498f9ef65546fcf28348
2025-04-23 08:12:47,124 home-rohy-evalaivr-evaluation:default: Job OK (erpnext.localhost||scheduled_job||s60v5h24ke)
2025-04-23 08:12:47,124 Result is kept for 600 seconds
2025-04-23 08:12:47,135 home-rohy-evalaivr-evaluation:default: frappe.utils.background_jobs.execute_job(event=None, is_async=True, job_name='frappe.core.doctype.scheduled_job_type.scheduled_job_type.run_scheduled_jo..., kwargs={'job_type': 'frappe.integrations.doctype.google_calendar.google_calendar.s..., method='frappe.core.doctype.scheduled_job_type.scheduled_job_type.run_scheduled_jo..., site='erpnext.localhost', user='Administrator') (erpnext.localhost||scheduled_job||s60e2kq4sq)
2025-04-23 08:12:47,705 Successfully completed frappe.utils.background_jobs.execute_job(event=None, is_async=True, job_name='frappe.core.doctype.scheduled_job_type.scheduled_job_type.run_scheduled_jo..., kwargs={'job_type': 'frappe.integrations.doctype.google_calendar.google_calendar.s..., method='frappe.core.doctype.scheduled_job_type.scheduled_job_type.run_scheduled_jo..., site='erpnext.localhost', user='Administrator') job in 0:00:00.557544s on worker 788fcd017c71498f9ef65546fcf28348
2025-04-23 08:12:47,706 home-rohy-evalaivr-evaluation:default: Job OK (erpnext.localhost||scheduled_job||s60e2kq4sq)
2025-04-23 08:12:47,707 Result is kept for 600 seconds
2025-04-23 08:12:47,723 home-rohy-evalaivr-evaluation:default: frappe.utils.background_jobs.execute_job(event=None, is_async=True, job_name='frappe.core.doctype.scheduled_job_type.scheduled_job_type.run_scheduled_jo..., kwargs={'job_type': 'frappe.email.queue.flush', 'scheduled_job_type': 's60b9alidp'..., method='frappe.core.doctype.scheduled_job_type.scheduled_job_type.run_scheduled_jo..., site='erpnext.localhost', user='Administrator') (erpnext.localhost||scheduled_job||s60b9alidp)
2025-04-23 08:12:48,176 Successfully completed frappe.utils.background_jobs.execute_job(event=None, is_async=True, job_name='frappe.core.doctype.scheduled_job_type.scheduled_job_type.run_scheduled_jo..., kwargs={'job_type': 'frappe.email.queue.flush', 'scheduled_job_type': 's60b9alidp'..., method='frappe.core.doctype.scheduled_job_type.scheduled_job_type.run_scheduled_jo..., site='erpnext.localhost', user='Administrator') job in 0:00:00.439523s on worker 788fcd017c71498f9ef65546fcf28348
2025-04-23 08:12:48,177 home-rohy-evalaivr-evaluation:default: Job OK (erpnext.localhost||scheduled_job||s60b9alidp)
2025-04-23 08:12:48,177 Result is kept for 600 seconds
2025-04-23 08:12:48,189 home-rohy-evalaivr-evaluation:default: frappe.utils.background_jobs.execute_job(event=None, is_async=True, job_name='frappe.core.doctype.scheduled_job_type.scheduled_job_type.run_scheduled_jo..., kwargs={'job_type': 'frappe.email.doctype.notification.notification.trigger_offset..., method='frappe.core.doctype.scheduled_job_type.scheduled_job_type.run_scheduled_jo..., site='erpnext.localhost', user='Administrator') (erpnext.localhost||scheduled_job||s603rpotun)
2025-04-23 08:12:48,480 Successfully completed frappe.utils.background_jobs.execute_job(event=None, is_async=True, job_name='frappe.core.doctype.scheduled_job_type.scheduled_job_type.run_scheduled_jo..., kwargs={'job_type': 'frappe.email.doctype.notification.notification.trigger_offset..., method='frappe.core.doctype.scheduled_job_type.scheduled_job_type.run_scheduled_jo..., site='erpnext.localhost', user='Administrator') job in 0:00:00.278421s on worker 788fcd017c71498f9ef65546fcf28348
2025-04-23 08:12:48,481 home-rohy-evalaivr-evaluation:default: Job OK (erpnext.localhost||scheduled_job||s603rpotun)
2025-04-23 08:12:48,481 Result is kept for 600 seconds
2025-04-23 08:16:00,471 home-rohy-evalaivr-evaluation:default: frappe.utils.background_jobs.execute_job(event=None, is_async=True, job_name='frappe.core.doctype.scheduled_job_type.scheduled_job_type.run_scheduled_jo..., kwargs={'job_type': 'frappe.email.doctype.notification.notification.trigger_offset..., method='frappe.core.doctype.scheduled_job_type.scheduled_job_type.run_scheduled_jo..., site='erpnext.localhost', user='Administrator') (erpnext.localhost||scheduled_job||s603rpotun)
2025-04-23 08:16:00,733 Successfully completed frappe.utils.background_jobs.execute_job(event=None, is_async=True, job_name='frappe.core.doctype.scheduled_job_type.scheduled_job_type.run_scheduled_jo..., kwargs={'job_type': 'frappe.email.doctype.notification.notification.trigger_offset..., method='frappe.core.doctype.scheduled_job_type.scheduled_job_type.run_scheduled_jo..., site='erpnext.localhost', user='Administrator') job in 0:00:00.247487s on worker 788fcd017c71498f9ef65546fcf28348
2025-04-23 08:16:00,733 home-rohy-evalaivr-evaluation:default: Job OK (erpnext.localhost||scheduled_job||s603rpotun)
2025-04-23 08:16:00,733 Result is kept for 600 seconds
2025-04-23 08:16:00,747 home-rohy-evalaivr-evaluation:default: frappe.utils.background_jobs.execute_job(event=None, is_async=True, job_name='frappe.core.doctype.scheduled_job_type.scheduled_job_type.run_scheduled_jo..., kwargs={'job_type': 'erpnext.manufacturing.doctype.bom_update_log.bom_update_log.r..., method='frappe.core.doctype.scheduled_job_type.scheduled_job_type.run_scheduled_jo..., site='erpnext.localhost', user='Administrator') (erpnext.localhost||scheduled_job||tgsg535gbe)
2025-04-23 08:16:00,993 Successfully completed frappe.utils.background_jobs.execute_job(event=None, is_async=True, job_name='frappe.core.doctype.scheduled_job_type.scheduled_job_type.run_scheduled_jo..., kwargs={'job_type': 'erpnext.manufacturing.doctype.bom_update_log.bom_update_log.r..., method='frappe.core.doctype.scheduled_job_type.scheduled_job_type.run_scheduled_jo..., site='erpnext.localhost', user='Administrator') job in 0:00:00.233640s on worker 788fcd017c71498f9ef65546fcf28348
2025-04-23 08:16:00,993 home-rohy-evalaivr-evaluation:default: Job OK (erpnext.localhost||scheduled_job||tgsg535gbe)
2025-04-23 08:16:00,993 Result is kept for 600 seconds
2025-04-23 08:16:01,004 home-rohy-evalaivr-evaluation:default: frappe.utils.background_jobs.execute_job(event=None, is_async=True, job_name='frappe.core.doctype.scheduled_job_type.scheduled_job_type.run_scheduled_jo..., kwargs={'job_type': 'frappe.monitor.flush', 'scheduled_job_type': 's60ssvifus'}, method='frappe.core.doctype.scheduled_job_type.scheduled_job_type.run_scheduled_jo..., site='erpnext.localhost', user='Administrator') (erpnext.localhost||scheduled_job||s60ssvifus)
2025-04-23 08:16:01,279 Successfully completed frappe.utils.background_jobs.execute_job(event=None, is_async=True, job_name='frappe.core.doctype.scheduled_job_type.scheduled_job_type.run_scheduled_jo..., kwargs={'job_type': 'frappe.monitor.flush', 'scheduled_job_type': 's60ssvifus'}, method='frappe.core.doctype.scheduled_job_type.scheduled_job_type.run_scheduled_jo..., site='erpnext.localhost', user='Administrator') job in 0:00:00.262732s on worker 788fcd017c71498f9ef65546fcf28348
2025-04-23 08:16:01,279 home-rohy-evalaivr-evaluation:default: Job OK (erpnext.localhost||scheduled_job||s60ssvifus)
2025-04-23 08:16:01,279 Result is kept for 600 seconds
2025-04-23 08:16:01,291 home-rohy-evalaivr-evaluation:default: frappe.utils.background_jobs.execute_job(event=None, is_async=True, job_name='frappe.core.doctype.scheduled_job_type.scheduled_job_type.run_scheduled_jo..., kwargs={'job_type': 'frappe.twofactor.delete_all_barcodes_for_users', 'scheduled_j..., method='frappe.core.doctype.scheduled_job_type.scheduled_job_type.run_scheduled_jo..., site='erpnext.localhost', user='Administrator') (erpnext.localhost||scheduled_job||s606f3j3k3)
2025-04-23 08:16:01,541 Successfully completed frappe.utils.background_jobs.execute_job(event=None, is_async=True, job_name='frappe.core.doctype.scheduled_job_type.scheduled_job_type.run_scheduled_jo..., kwargs={'job_type': 'frappe.twofactor.delete_all_barcodes_for_users', 'scheduled_j..., method='frappe.core.doctype.scheduled_job_type.scheduled_job_type.run_scheduled_jo..., site='erpnext.localhost', user='Administrator') job in 0:00:00.239269s on worker 788fcd017c71498f9ef65546fcf28348
2025-04-23 08:16:01,541 home-rohy-evalaivr-evaluation:default: Job OK (erpnext.localhost||scheduled_job||s606f3j3k3)
2025-04-23 08:16:01,542 Result is kept for 600 seconds
2025-04-23 08:16:01,553 home-rohy-evalaivr-evaluation:default: frappe.utils.background_jobs.execute_job(event=None, is_async=True, job_name='frappe.core.doctype.scheduled_job_type.scheduled_job_type.run_scheduled_jo..., kwargs={'job_type': 'frappe.utils.global_search.sync_global_search', 'scheduled_jo..., method='frappe.core.doctype.scheduled_job_type.scheduled_job_type.run_scheduled_jo..., site='erpnext.localhost', user='Administrator') (erpnext.localhost||scheduled_job||s6091q3nn9)
2025-04-23 08:16:01,789 Successfully completed frappe.utils.background_jobs.execute_job(event=None, is_async=True, job_name='frappe.core.doctype.scheduled_job_type.scheduled_job_type.run_scheduled_jo..., kwargs={'job_type': 'frappe.utils.global_search.sync_global_search', 'scheduled_jo..., method='frappe.core.doctype.scheduled_job_type.scheduled_job_type.run_scheduled_jo..., site='erpnext.localhost', user='Administrator') job in 0:00:00.224588s on worker 788fcd017c71498f9ef65546fcf28348
2025-04-23 08:16:01,789 home-rohy-evalaivr-evaluation:default: Job OK (erpnext.localhost||scheduled_job||s6091q3nn9)
2025-04-23 08:16:01,790 Result is kept for 600 seconds
2025-04-23 08:16:01,800 home-rohy-evalaivr-evaluation:default: frappe.utils.background_jobs.execute_job(event=None, is_async=True, job_name='frappe.core.doctype.scheduled_job_type.scheduled_job_type.run_scheduled_jo..., kwargs={'job_type': 'frappe.oauth.delete_oauth2_data', 'scheduled_job_type': 's607..., method='frappe.core.doctype.scheduled_job_type.scheduled_job_type.run_scheduled_jo..., site='erpnext.localhost', user='Administrator') (erpnext.localhost||scheduled_job||s607u2ss9g)
2025-04-23 08:16:02,091 Successfully completed frappe.utils.background_jobs.execute_job(event=None, is_async=True, job_name='frappe.core.doctype.scheduled_job_type.scheduled_job_type.run_scheduled_jo..., kwargs={'job_type': 'frappe.oauth.delete_oauth2_data', 'scheduled_job_type': 's607..., method='frappe.core.doctype.scheduled_job_type.scheduled_job_type.run_scheduled_jo..., site='erpnext.localhost', user='Administrator') job in 0:00:00.278137s on worker 788fcd017c71498f9ef65546fcf28348
2025-04-23 08:16:02,091 home-rohy-evalaivr-evaluation:default: Job OK (erpnext.localhost||scheduled_job||s607u2ss9g)
2025-04-23 08:16:02,091 Result is kept for 600 seconds
2025-04-23 08:16:02,103 home-rohy-evalaivr-evaluation:default: frappe.utils.background_jobs.execute_job(event=None, is_async=True, job_name='frappe.core.doctype.scheduled_job_type.scheduled_job_type.run_scheduled_jo..., kwargs={'job_type': 'frappe.integrations.doctype.google_calendar.google_calendar.s..., method='frappe.core.doctype.scheduled_job_type.scheduled_job_type.run_scheduled_jo..., site='erpnext.localhost', user='Administrator') (erpnext.localhost||scheduled_job||s60e2kq4sq)
2025-04-23 08:16:02,618 Successfully completed frappe.utils.background_jobs.execute_job(event=None, is_async=True, job_name='frappe.core.doctype.scheduled_job_type.scheduled_job_type.run_scheduled_jo..., kwargs={'job_type': 'frappe.integrations.doctype.google_calendar.google_calendar.s..., method='frappe.core.doctype.scheduled_job_type.scheduled_job_type.run_scheduled_jo..., site='erpnext.localhost', user='Administrator') job in 0:00:00.503727s on worker 788fcd017c71498f9ef65546fcf28348
2025-04-23 08:16:02,618 home-rohy-evalaivr-evaluation:default: Job OK (erpnext.localhost||scheduled_job||s60e2kq4sq)
2025-04-23 08:16:02,619 Result is kept for 600 seconds
2025-04-23 08:16:02,632 home-rohy-evalaivr-evaluation:default: frappe.utils.background_jobs.execute_job(event=None, is_async=True, job_name='frappe.core.doctype.scheduled_job_type.scheduled_job_type.run_scheduled_jo..., kwargs={'job_type': 'frappe.automation.doctype.reminder.reminder.send_reminders', ..., method='frappe.core.doctype.scheduled_job_type.scheduled_job_type.run_scheduled_jo..., site='erpnext.localhost', user='Administrator') (erpnext.localhost||scheduled_job||s60860egc9)
2025-04-23 08:16:03,017 Successfully completed frappe.utils.background_jobs.execute_job(event=None, is_async=True, job_name='frappe.core.doctype.scheduled_job_type.scheduled_job_type.run_scheduled_jo..., kwargs={'job_type': 'frappe.automation.doctype.reminder.reminder.send_reminders', ..., method='frappe.core.doctype.scheduled_job_type.scheduled_job_type.run_scheduled_jo..., site='erpnext.localhost', user='Administrator') job in 0:00:00.365131s on worker 788fcd017c71498f9ef65546fcf28348
2025-04-23 08:16:03,017 home-rohy-evalaivr-evaluation:default: Job OK (erpnext.localhost||scheduled_job||s60860egc9)
2025-04-23 08:16:03,018 Result is kept for 600 seconds
2025-04-23 08:16:03,029 home-rohy-evalaivr-evaluation:default: frappe.utils.background_jobs.execute_job(event=None, is_async=True, job_name='frappe.core.doctype.scheduled_job_type.scheduled_job_type.run_scheduled_jo..., kwargs={'job_type': 'frappe.website.doctype.web_page.web_page.check_publish_status..., method='frappe.core.doctype.scheduled_job_type.scheduled_job_type.run_scheduled_jo..., site='erpnext.localhost', user='Administrator') (erpnext.localhost||scheduled_job||s609qc5grc)
2025-04-23 08:16:03,485 Successfully completed frappe.utils.background_jobs.execute_job(event=None, is_async=True, job_name='frappe.core.doctype.scheduled_job_type.scheduled_job_type.run_scheduled_jo..., kwargs={'job_type': 'frappe.website.doctype.web_page.web_page.check_publish_status..., method='frappe.core.doctype.scheduled_job_type.scheduled_job_type.run_scheduled_jo..., site='erpnext.localhost', user='Administrator') job in 0:00:00.444198s on worker 788fcd017c71498f9ef65546fcf28348
2025-04-23 08:16:03,486 home-rohy-evalaivr-evaluation:default: Job OK (erpnext.localhost||scheduled_job||s609qc5grc)
2025-04-23 08:16:03,486 Result is kept for 600 seconds
2025-04-23 08:16:03,500 home-rohy-evalaivr-evaluation:default: frappe.utils.background_jobs.execute_job(event=None, is_async=True, job_name='frappe.core.doctype.scheduled_job_type.scheduled_job_type.run_scheduled_jo..., kwargs={'job_type': 'frappe.email.queue.flush', 'scheduled_job_type': 's60b9alidp'..., method='frappe.core.doctype.scheduled_job_type.scheduled_job_type.run_scheduled_jo..., site='erpnext.localhost', user='Administrator') (erpnext.localhost||scheduled_job||s60b9alidp)
2025-04-23 08:16:03,876 Successfully completed frappe.utils.background_jobs.execute_job(event=None, is_async=True, job_name='frappe.core.doctype.scheduled_job_type.scheduled_job_type.run_scheduled_jo..., kwargs={'job_type': 'frappe.email.queue.flush', 'scheduled_job_type': 's60b9alidp'..., method='frappe.core.doctype.scheduled_job_type.scheduled_job_type.run_scheduled_jo..., site='erpnext.localhost', user='Administrator') job in 0:00:00.364020s on worker 788fcd017c71498f9ef65546fcf28348
2025-04-23 08:16:03,877 home-rohy-evalaivr-evaluation:default: Job OK (erpnext.localhost||scheduled_job||s60b9alidp)
2025-04-23 08:16:03,877 Result is kept for 600 seconds
2025-04-23 08:16:03,889 home-rohy-evalaivr-evaluation:default: frappe.utils.background_jobs.execute_job(event=None, is_async=True, job_name='frappe.core.doctype.scheduled_job_type.scheduled_job_type.run_scheduled_jo..., kwargs={'job_type': 'frappe.email.doctype.email_account.email_account.notify_unrep..., method='frappe.core.doctype.scheduled_job_type.scheduled_job_type.run_scheduled_jo..., site='erpnext.localhost', user='Administrator') (erpnext.localhost||scheduled_job||s60tvhcbpc)
2025-04-23 08:16:04,158 Successfully completed frappe.utils.background_jobs.execute_job(event=None, is_async=True, job_name='frappe.core.doctype.scheduled_job_type.scheduled_job_type.run_scheduled_jo..., kwargs={'job_type': 'frappe.email.doctype.email_account.email_account.notify_unrep..., method='frappe.core.doctype.scheduled_job_type.scheduled_job_type.run_scheduled_jo..., site='erpnext.localhost', user='Administrator') job in 0:00:00.257905s on worker 788fcd017c71498f9ef65546fcf28348
2025-04-23 08:16:04,159 home-rohy-evalaivr-evaluation:default: Job OK (erpnext.localhost||scheduled_job||s60tvhcbpc)
2025-04-23 08:16:04,159 Result is kept for 600 seconds
2025-04-23 08:16:04,170 home-rohy-evalaivr-evaluation:default: frappe.utils.background_jobs.execute_job(event=None, is_async=True, job_name='frappe.core.doctype.scheduled_job_type.scheduled_job_type.run_scheduled_jo..., kwargs={'job_type': 'frappe.deferred_insert.save_to_db', 'scheduled_job_type': 's6..., method='frappe.core.doctype.scheduled_job_type.scheduled_job_type.run_scheduled_jo..., site='erpnext.localhost', user='Administrator') (erpnext.localhost||scheduled_job||s6065rp0ec)
2025-04-23 08:16:04,451 Successfully completed frappe.utils.background_jobs.execute_job(event=None, is_async=True, job_name='frappe.core.doctype.scheduled_job_type.scheduled_job_type.run_scheduled_jo..., kwargs={'job_type': 'frappe.deferred_insert.save_to_db', 'scheduled_job_type': 's6..., method='frappe.core.doctype.scheduled_job_type.scheduled_job_type.run_scheduled_jo..., site='erpnext.localhost', user='Administrator') job in 0:00:00.270827s on worker 788fcd017c71498f9ef65546fcf28348
2025-04-23 08:16:04,452 home-rohy-evalaivr-evaluation:default: Job OK (erpnext.localhost||scheduled_job||s6065rp0ec)
2025-04-23 08:16:04,452 Result is kept for 600 seconds
2025-04-23 08:20:00,582 home-rohy-evalaivr-evaluation:default: frappe.utils.background_jobs.execute_job(event=None, is_async=True, job_name='frappe.core.doctype.scheduled_job_type.scheduled_job_type.run_scheduled_jo..., kwargs={'job_type': 'frappe.email.doctype.notification.notification.trigger_offset..., method='frappe.core.doctype.scheduled_job_type.scheduled_job_type.run_scheduled_jo..., site='erpnext.localhost', user='Administrator') (erpnext.localhost||scheduled_job||s603rpotun)
2025-04-23 08:20:00,816 Successfully completed frappe.utils.background_jobs.execute_job(event=None, is_async=True, job_name='frappe.core.doctype.scheduled_job_type.scheduled_job_type.run_scheduled_jo..., kwargs={'job_type': 'frappe.email.doctype.notification.notification.trigger_offset..., method='frappe.core.doctype.scheduled_job_type.scheduled_job_type.run_scheduled_jo..., site='erpnext.localhost', user='Administrator') job in 0:00:00.221284s on worker 788fcd017c71498f9ef65546fcf28348
2025-04-23 08:20:00,816 home-rohy-evalaivr-evaluation:default: Job OK (erpnext.localhost||scheduled_job||s603rpotun)
2025-04-23 08:20:00,816 Result is kept for 600 seconds
2025-04-23 08:20:00,827 home-rohy-evalaivr-evaluation:default: frappe.utils.background_jobs.execute_job(event=None, is_async=True, job_name='frappe.core.doctype.scheduled_job_type.scheduled_job_type.run_scheduled_jo..., kwargs={'job_type': 'frappe.email.doctype.email_account.email_account.pull', 'sche..., method='frappe.core.doctype.scheduled_job_type.scheduled_job_type.run_scheduled_jo..., site='erpnext.localhost', user='Administrator') (erpnext.localhost||scheduled_job||s60v5h24ke)
2025-04-23 08:20:01,085 Successfully completed frappe.utils.background_jobs.execute_job(event=None, is_async=True, job_name='frappe.core.doctype.scheduled_job_type.scheduled_job_type.run_scheduled_jo..., kwargs={'job_type': 'frappe.email.doctype.email_account.email_account.pull', 'sche..., method='frappe.core.doctype.scheduled_job_type.scheduled_job_type.run_scheduled_jo..., site='erpnext.localhost', user='Administrator') job in 0:00:00.245658s on worker 788fcd017c71498f9ef65546fcf28348
2025-04-23 08:20:01,085 home-rohy-evalaivr-evaluation:default: Job OK (erpnext.localhost||scheduled_job||s60v5h24ke)
2025-04-23 08:20:01,085 Result is kept for 600 seconds
2025-04-23 08:20:01,095 home-rohy-evalaivr-evaluation:default: frappe.utils.background_jobs.execute_job(event=None, is_async=True, job_name='frappe.core.doctype.scheduled_job_type.scheduled_job_type.run_scheduled_jo..., kwargs={'job_type': 'frappe.integrations.doctype.google_calendar.google_calendar.s..., method='frappe.core.doctype.scheduled_job_type.scheduled_job_type.run_scheduled_jo..., site='erpnext.localhost', user='Administrator') (erpnext.localhost||scheduled_job||s60e2kq4sq)
2025-04-23 08:20:01,587 Successfully completed frappe.utils.background_jobs.execute_job(event=None, is_async=True, job_name='frappe.core.doctype.scheduled_job_type.scheduled_job_type.run_scheduled_jo..., kwargs={'job_type': 'frappe.integrations.doctype.google_calendar.google_calendar.s..., method='frappe.core.doctype.scheduled_job_type.scheduled_job_type.run_scheduled_jo..., site='erpnext.localhost', user='Administrator') job in 0:00:00.477462s on worker 788fcd017c71498f9ef65546fcf28348
2025-04-23 08:20:01,588 home-rohy-evalaivr-evaluation:default: Job OK (erpnext.localhost||scheduled_job||s60e2kq4sq)
2025-04-23 08:20:01,588 Result is kept for 600 seconds
2025-04-23 08:20:01,602 home-rohy-evalaivr-evaluation:default: frappe.utils.background_jobs.execute_job(event=None, is_async=True, job_name='frappe.core.doctype.scheduled_job_type.scheduled_job_type.run_scheduled_jo..., kwargs={'job_type': 'frappe.monitor.flush', 'scheduled_job_type': 's60ssvifus'}, method='frappe.core.doctype.scheduled_job_type.scheduled_job_type.run_scheduled_jo..., site='erpnext.localhost', user='Administrator') (erpnext.localhost||scheduled_job||s60ssvifus)
2025-04-23 08:20:01,820 Successfully completed frappe.utils.background_jobs.execute_job(event=None, is_async=True, job_name='frappe.core.doctype.scheduled_job_type.scheduled_job_type.run_scheduled_jo..., kwargs={'job_type': 'frappe.monitor.flush', 'scheduled_job_type': 's60ssvifus'}, method='frappe.core.doctype.scheduled_job_type.scheduled_job_type.run_scheduled_jo..., site='erpnext.localhost', user='Administrator') job in 0:00:00.206716s on worker 788fcd017c71498f9ef65546fcf28348
2025-04-23 08:20:01,820 home-rohy-evalaivr-evaluation:default: Job OK (erpnext.localhost||scheduled_job||s60ssvifus)
2025-04-23 08:20:01,821 Result is kept for 600 seconds
2025-04-23 08:20:01,831 home-rohy-evalaivr-evaluation:default: frappe.utils.background_jobs.execute_job(event=None, is_async=True, job_name='frappe.core.doctype.scheduled_job_type.scheduled_job_type.run_scheduled_jo..., kwargs={'job_type': 'frappe.email.queue.flush', 'scheduled_job_type': 's60b9alidp'..., method='frappe.core.doctype.scheduled_job_type.scheduled_job_type.run_scheduled_jo..., site='erpnext.localhost', user='Administrator') (erpnext.localhost||scheduled_job||s60b9alidp)
2025-04-23 08:20:02,187 Successfully completed frappe.utils.background_jobs.execute_job(event=None, is_async=True, job_name='frappe.core.doctype.scheduled_job_type.scheduled_job_type.run_scheduled_jo..., kwargs={'job_type': 'frappe.email.queue.flush', 'scheduled_job_type': 's60b9alidp'..., method='frappe.core.doctype.scheduled_job_type.scheduled_job_type.run_scheduled_jo..., site='erpnext.localhost', user='Administrator') job in 0:00:00.344772s on worker 788fcd017c71498f9ef65546fcf28348
2025-04-23 08:20:02,187 home-rohy-evalaivr-evaluation:default: Job OK (erpnext.localhost||scheduled_job||s60b9alidp)
2025-04-23 08:20:02,188 Result is kept for 600 seconds
2025-04-23 08:24:00,633 home-rohy-evalaivr-evaluation:default: frappe.utils.background_jobs.execute_job(event=None, is_async=True, job_name='frappe.core.doctype.scheduled_job_type.scheduled_job_type.run_scheduled_jo..., kwargs={'job_type': 'frappe.email.queue.flush', 'scheduled_job_type': 's60b9alidp'..., method='frappe.core.doctype.scheduled_job_type.scheduled_job_type.run_scheduled_jo..., site='erpnext.localhost', user='Administrator') (erpnext.localhost||scheduled_job||s60b9alidp)
2025-04-23 08:24:01,051 Successfully completed frappe.utils.background_jobs.execute_job(event=None, is_async=True, job_name='frappe.core.doctype.scheduled_job_type.scheduled_job_type.run_scheduled_jo..., kwargs={'job_type': 'frappe.email.queue.flush', 'scheduled_job_type': 's60b9alidp'..., method='frappe.core.doctype.scheduled_job_type.scheduled_job_type.run_scheduled_jo..., site='erpnext.localhost', user='Administrator') job in 0:00:00.403818s on worker 788fcd017c71498f9ef65546fcf28348
2025-04-23 08:24:01,051 home-rohy-evalaivr-evaluation:default: Job OK (erpnext.localhost||scheduled_job||s60b9alidp)
2025-04-23 08:24:01,051 Result is kept for 600 seconds
2025-04-23 08:24:01,063 Cleaning registries for queue: home-rohy-evalaivr-evaluation:short
2025-04-23 08:24:01,069 Cleaning registries for queue: home-rohy-evalaivr-evaluation:default
2025-04-23 08:24:01,073 Cleaning registries for queue: home-rohy-evalaivr-evaluation:long
2025-04-23 08:24:01,079 home-rohy-evalaivr-evaluation:default: frappe.utils.background_jobs.execute_job(event=None, is_async=True, job_name='frappe.core.doctype.scheduled_job_type.scheduled_job_type.run_scheduled_jo..., kwargs={'job_type': 'frappe.integrations.doctype.google_calendar.google_calendar.s..., method='frappe.core.doctype.scheduled_job_type.scheduled_job_type.run_scheduled_jo..., site='erpnext.localhost', user='Administrator') (erpnext.localhost||scheduled_job||s60e2kq4sq)
2025-04-23 08:24:01,526 Successfully completed frappe.utils.background_jobs.execute_job(event=None, is_async=True, job_name='frappe.core.doctype.scheduled_job_type.scheduled_job_type.run_scheduled_jo..., kwargs={'job_type': 'frappe.integrations.doctype.google_calendar.google_calendar.s..., method='frappe.core.doctype.scheduled_job_type.scheduled_job_type.run_scheduled_jo..., site='erpnext.localhost', user='Administrator') job in 0:00:00.434382s on worker 788fcd017c71498f9ef65546fcf28348
2025-04-23 08:24:01,526 home-rohy-evalaivr-evaluation:default: Job OK (erpnext.localhost||scheduled_job||s60e2kq4sq)
2025-04-23 08:24:01,526 Result is kept for 600 seconds
2025-04-23 08:24:01,539 home-rohy-evalaivr-evaluation:default: frappe.utils.background_jobs.execute_job(event=None, is_async=True, job_name='frappe.core.doctype.scheduled_job_type.scheduled_job_type.run_scheduled_jo..., kwargs={'job_type': 'frappe.monitor.flush', 'scheduled_job_type': 's60ssvifus'}, method='frappe.core.doctype.scheduled_job_type.scheduled_job_type.run_scheduled_jo..., site='erpnext.localhost', user='Administrator') (erpnext.localhost||scheduled_job||s60ssvifus)
2025-04-23 08:24:01,777 Successfully completed frappe.utils.background_jobs.execute_job(event=None, is_async=True, job_name='frappe.core.doctype.scheduled_job_type.scheduled_job_type.run_scheduled_jo..., kwargs={'job_type': 'frappe.monitor.flush', 'scheduled_job_type': 's60ssvifus'}, method='frappe.core.doctype.scheduled_job_type.scheduled_job_type.run_scheduled_jo..., site='erpnext.localhost', user='Administrator') job in 0:00:00.224182s on worker 788fcd017c71498f9ef65546fcf28348
2025-04-23 08:24:01,778 home-rohy-evalaivr-evaluation:default: Job OK (erpnext.localhost||scheduled_job||s60ssvifus)
2025-04-23 08:24:01,778 Result is kept for 600 seconds
2025-04-23 08:28:00,624 home-rohy-evalaivr-evaluation:default: frappe.utils.background_jobs.execute_job(event=None, is_async=True, job_name='frappe.core.doctype.scheduled_job_type.scheduled_job_type.run_scheduled_jo..., kwargs={'job_type': 'frappe.monitor.flush', 'scheduled_job_type': 's60ssvifus'}, method='frappe.core.doctype.scheduled_job_type.scheduled_job_type.run_scheduled_jo..., site='erpnext.localhost', user='Administrator') (erpnext.localhost||scheduled_job||s60ssvifus)
2025-04-23 08:28:00,907 Successfully completed frappe.utils.background_jobs.execute_job(event=None, is_async=True, job_name='frappe.core.doctype.scheduled_job_type.scheduled_job_type.run_scheduled_jo..., kwargs={'job_type': 'frappe.monitor.flush', 'scheduled_job_type': 's60ssvifus'}, method='frappe.core.doctype.scheduled_job_type.scheduled_job_type.run_scheduled_jo..., site='erpnext.localhost', user='Administrator') job in 0:00:00.267413s on worker 788fcd017c71498f9ef65546fcf28348
2025-04-23 08:28:00,907 home-rohy-evalaivr-evaluation:default: Job OK (erpnext.localhost||scheduled_job||s60ssvifus)
2025-04-23 08:28:00,907 Result is kept for 600 seconds
2025-04-23 08:28:00,919 home-rohy-evalaivr-evaluation:default: frappe.utils.background_jobs.execute_job(event=None, is_async=True, job_name='frappe.core.doctype.scheduled_job_type.scheduled_job_type.run_scheduled_jo..., kwargs={'job_type': 'frappe.email.queue.flush', 'scheduled_job_type': 's60b9alidp'..., method='frappe.core.doctype.scheduled_job_type.scheduled_job_type.run_scheduled_jo..., site='erpnext.localhost', user='Administrator') (erpnext.localhost||scheduled_job||s60b9alidp)
2025-04-23 08:28:01,390 Successfully completed frappe.utils.background_jobs.execute_job(event=None, is_async=True, job_name='frappe.core.doctype.scheduled_job_type.scheduled_job_type.run_scheduled_jo..., kwargs={'job_type': 'frappe.email.queue.flush', 'scheduled_job_type': 's60b9alidp'..., method='frappe.core.doctype.scheduled_job_type.scheduled_job_type.run_scheduled_jo..., site='erpnext.localhost', user='Administrator') job in 0:00:00.459041s on worker 788fcd017c71498f9ef65546fcf28348
2025-04-23 08:28:01,391 home-rohy-evalaivr-evaluation:default: Job OK (erpnext.localhost||scheduled_job||s60b9alidp)
2025-04-23 08:28:01,391 Result is kept for 600 seconds
2025-04-23 08:28:01,404 home-rohy-evalaivr-evaluation:default: frappe.utils.background_jobs.execute_job(event=None, is_async=True, job_name='frappe.core.doctype.scheduled_job_type.scheduled_job_type.run_scheduled_jo..., kwargs={'job_type': 'frappe.integrations.doctype.google_calendar.google_calendar.s..., method='frappe.core.doctype.scheduled_job_type.scheduled_job_type.run_scheduled_jo..., site='erpnext.localhost', user='Administrator') (erpnext.localhost||scheduled_job||s60e2kq4sq)
2025-04-23 08:28:01,922 Successfully completed frappe.utils.background_jobs.execute_job(event=None, is_async=True, job_name='frappe.core.doctype.scheduled_job_type.scheduled_job_type.run_scheduled_jo..., kwargs={'job_type': 'frappe.integrations.doctype.google_calendar.google_calendar.s..., method='frappe.core.doctype.scheduled_job_type.scheduled_job_type.run_scheduled_jo..., site='erpnext.localhost', user='Administrator') job in 0:00:00.505412s on worker 788fcd017c71498f9ef65546fcf28348
2025-04-23 08:28:01,922 home-rohy-evalaivr-evaluation:default: Job OK (erpnext.localhost||scheduled_job||s60e2kq4sq)
2025-04-23 08:28:01,922 Result is kept for 600 seconds
2025-04-23 08:28:01,934 home-rohy-evalaivr-evaluation:default: frappe.utils.background_jobs.execute_job(event=None, is_async=True, job_name='frappe.core.doctype.scheduled_job_type.scheduled_job_type.run_scheduled_jo..., kwargs={'job_type': 'frappe.email.doctype.notification.notification.trigger_offset..., method='frappe.core.doctype.scheduled_job_type.scheduled_job_type.run_scheduled_jo..., site='erpnext.localhost', user='Administrator') (erpnext.localhost||scheduled_job||s603rpotun)
2025-04-23 08:28:02,204 Successfully completed frappe.utils.background_jobs.execute_job(event=None, is_async=True, job_name='frappe.core.doctype.scheduled_job_type.scheduled_job_type.run_scheduled_jo..., kwargs={'job_type': 'frappe.email.doctype.notification.notification.trigger_offset..., method='frappe.core.doctype.scheduled_job_type.scheduled_job_type.run_scheduled_jo..., site='erpnext.localhost', user='Administrator') job in 0:00:00.258832s on worker 788fcd017c71498f9ef65546fcf28348
2025-04-23 08:28:02,205 home-rohy-evalaivr-evaluation:default: Job OK (erpnext.localhost||scheduled_job||s603rpotun)
2025-04-23 08:28:02,205 Result is kept for 600 seconds
2025-04-23 08:34:47,337 Cleaning registries for queue: home-rohy-evalaivr-evaluation:short
2025-04-23 08:34:47,388 Cleaning registries for queue: home-rohy-evalaivr-evaluation:default
2025-04-23 08:34:47,395 Cleaning registries for queue: home-rohy-evalaivr-evaluation:long
2025-04-23 08:35:05,187 home-rohy-evalaivr-evaluation:default: frappe.utils.background_jobs.execute_job(event=None, is_async=True, job_name='frappe.core.doctype.scheduled_job_type.scheduled_job_type.run_scheduled_jo..., kwargs={'job_type': 'frappe.email.doctype.email_account.email_account.pull', 'sche..., method='frappe.core.doctype.scheduled_job_type.scheduled_job_type.run_scheduled_jo..., site='erpnext.localhost', user='Administrator') (erpnext.localhost||scheduled_job||s60v5h24ke)
2025-04-23 08:35:06,009 Successfully completed frappe.utils.background_jobs.execute_job(event=None, is_async=True, job_name='frappe.core.doctype.scheduled_job_type.scheduled_job_type.run_scheduled_jo..., kwargs={'job_type': 'frappe.email.doctype.email_account.email_account.pull', 'sche..., method='frappe.core.doctype.scheduled_job_type.scheduled_job_type.run_scheduled_jo..., site='erpnext.localhost', user='Administrator') job in 0:00:00.703058s on worker 788fcd017c71498f9ef65546fcf28348
2025-04-23 08:35:06,009 home-rohy-evalaivr-evaluation:default: Job OK (erpnext.localhost||scheduled_job||s60v5h24ke)
2025-04-23 08:35:06,009 Result is kept for 600 seconds
2025-04-23 08:35:06,028 home-rohy-evalaivr-evaluation:default: frappe.utils.background_jobs.execute_job(event=None, is_async=True, job_name='frappe.core.doctype.scheduled_job_type.scheduled_job_type.run_scheduled_jo..., kwargs={'job_type': 'erpnext.accounts.doctype.gl_entry.gl_entry.rename_gle_sle_doc..., method='frappe.core.doctype.scheduled_job_type.scheduled_job_type.run_scheduled_jo..., site='erpnext.localhost', user='Administrator') (erpnext.localhost||scheduled_job||tgs1rnqh8d)
2025-04-23 08:35:06,531 Successfully completed frappe.utils.background_jobs.execute_job(event=None, is_async=True, job_name='frappe.core.doctype.scheduled_job_type.scheduled_job_type.run_scheduled_jo..., kwargs={'job_type': 'erpnext.accounts.doctype.gl_entry.gl_entry.rename_gle_sle_doc..., method='frappe.core.doctype.scheduled_job_type.scheduled_job_type.run_scheduled_jo..., site='erpnext.localhost', user='Administrator') job in 0:00:00.491059s on worker 788fcd017c71498f9ef65546fcf28348
2025-04-23 08:35:06,531 home-rohy-evalaivr-evaluation:default: Job OK (erpnext.localhost||scheduled_job||tgs1rnqh8d)
2025-04-23 08:35:06,532 Result is kept for 600 seconds
2025-04-23 08:35:06,545 home-rohy-evalaivr-evaluation:default: frappe.utils.background_jobs.execute_job(event=None, is_async=True, job_name='frappe.core.doctype.scheduled_job_type.scheduled_job_type.run_scheduled_jo..., kwargs={'job_type': 'frappe.email.queue.flush', 'scheduled_job_type': 's60b9alidp'..., method='frappe.core.doctype.scheduled_job_type.scheduled_job_type.run_scheduled_jo..., site='erpnext.localhost', user='Administrator') (erpnext.localhost||scheduled_job||s60b9alidp)
2025-04-23 08:35:07,152 Successfully completed frappe.utils.background_jobs.execute_job(event=None, is_async=True, job_name='frappe.core.doctype.scheduled_job_type.scheduled_job_type.run_scheduled_jo..., kwargs={'job_type': 'frappe.email.queue.flush', 'scheduled_job_type': 's60b9alidp'..., method='frappe.core.doctype.scheduled_job_type.scheduled_job_type.run_scheduled_jo..., site='erpnext.localhost', user='Administrator') job in 0:00:00.594888s on worker 788fcd017c71498f9ef65546fcf28348
2025-04-23 08:35:07,152 home-rohy-evalaivr-evaluation:default: Job OK (erpnext.localhost||scheduled_job||s60b9alidp)
2025-04-23 08:35:07,152 Result is kept for 600 seconds
2025-04-23 08:35:07,165 home-rohy-evalaivr-evaluation:default: frappe.utils.background_jobs.execute_job(event=None, is_async=True, job_name='frappe.core.doctype.scheduled_job_type.scheduled_job_type.run_scheduled_jo..., kwargs={'job_type': 'frappe.email.doctype.email_account.email_account.notify_unrep..., method='frappe.core.doctype.scheduled_job_type.scheduled_job_type.run_scheduled_jo..., site='erpnext.localhost', user='Administrator') (erpnext.localhost||scheduled_job||s60tvhcbpc)
2025-04-23 08:35:07,487 Successfully completed frappe.utils.background_jobs.execute_job(event=None, is_async=True, job_name='frappe.core.doctype.scheduled_job_type.scheduled_job_type.run_scheduled_jo..., kwargs={'job_type': 'frappe.email.doctype.email_account.email_account.notify_unrep..., method='frappe.core.doctype.scheduled_job_type.scheduled_job_type.run_scheduled_jo..., site='erpnext.localhost', user='Administrator') job in 0:00:00.309241s on worker 788fcd017c71498f9ef65546fcf28348
2025-04-23 08:35:07,488 home-rohy-evalaivr-evaluation:default: Job OK (erpnext.localhost||scheduled_job||s60tvhcbpc)
2025-04-23 08:35:07,488 Result is kept for 600 seconds
2025-04-23 08:35:07,500 home-rohy-evalaivr-evaluation:default: frappe.utils.background_jobs.execute_job(event=None, is_async=True, job_name='frappe.core.doctype.scheduled_job_type.scheduled_job_type.run_scheduled_jo..., kwargs={'job_type': 'erpnext.utilities.doctype.video.video.update_youtube_data', '..., method='frappe.core.doctype.scheduled_job_type.scheduled_job_type.run_scheduled_jo..., site='erpnext.localhost', user='Administrator') (erpnext.localhost||scheduled_job||tgspm1s388)
2025-04-23 08:35:08,318 Successfully completed frappe.utils.background_jobs.execute_job(event=None, is_async=True, job_name='frappe.core.doctype.scheduled_job_type.scheduled_job_type.run_scheduled_jo..., kwargs={'job_type': 'erpnext.utilities.doctype.video.video.update_youtube_data', '..., method='frappe.core.doctype.scheduled_job_type.scheduled_job_type.run_scheduled_jo..., site='erpnext.localhost', user='Administrator') job in 0:00:00.805389s on worker 788fcd017c71498f9ef65546fcf28348
2025-04-23 08:35:08,318 home-rohy-evalaivr-evaluation:default: Job OK (erpnext.localhost||scheduled_job||tgspm1s388)
2025-04-23 08:35:08,318 Result is kept for 600 seconds
2025-04-23 08:35:08,333 home-rohy-evalaivr-evaluation:default: frappe.utils.background_jobs.execute_job(event=None, is_async=True, job_name='frappe.core.doctype.scheduled_job_type.scheduled_job_type.run_scheduled_jo..., kwargs={'job_type': 'frappe.utils.global_search.sync_global_search', 'scheduled_jo..., method='frappe.core.doctype.scheduled_job_type.scheduled_job_type.run_scheduled_jo..., site='erpnext.localhost', user='Administrator') (erpnext.localhost||scheduled_job||s6091q3nn9)
2025-04-23 08:35:08,609 Successfully completed frappe.utils.background_jobs.execute_job(event=None, is_async=True, job_name='frappe.core.doctype.scheduled_job_type.scheduled_job_type.run_scheduled_jo..., kwargs={'job_type': 'frappe.utils.global_search.sync_global_search', 'scheduled_jo..., method='frappe.core.doctype.scheduled_job_type.scheduled_job_type.run_scheduled_jo..., site='erpnext.localhost', user='Administrator') job in 0:00:00.263526s on worker 788fcd017c71498f9ef65546fcf28348
2025-04-23 08:35:08,610 home-rohy-evalaivr-evaluation:default: Job OK (erpnext.localhost||scheduled_job||s6091q3nn9)
2025-04-23 08:35:08,610 Result is kept for 600 seconds
2025-04-23 08:35:08,620 home-rohy-evalaivr-evaluation:default: frappe.utils.background_jobs.execute_job(event=None, is_async=True, job_name='frappe.core.doctype.scheduled_job_type.scheduled_job_type.run_scheduled_jo..., kwargs={'job_type': 'frappe.core.doctype.prepared_report.prepared_report.expire_st..., method='frappe.core.doctype.scheduled_job_type.scheduled_job_type.run_scheduled_jo..., site='erpnext.localhost', user='Administrator') (erpnext.localhost||scheduled_job||s608d12rfr)
2025-04-23 08:35:08,954 Successfully completed frappe.utils.background_jobs.execute_job(event=None, is_async=True, job_name='frappe.core.doctype.scheduled_job_type.scheduled_job_type.run_scheduled_jo..., kwargs={'job_type': 'frappe.core.doctype.prepared_report.prepared_report.expire_st..., method='frappe.core.doctype.scheduled_job_type.scheduled_job_type.run_scheduled_jo..., site='erpnext.localhost', user='Administrator') job in 0:00:00.320592s on worker 788fcd017c71498f9ef65546fcf28348
2025-04-23 08:35:08,954 home-rohy-evalaivr-evaluation:default: Job OK (erpnext.localhost||scheduled_job||s608d12rfr)
2025-04-23 08:35:08,954 Result is kept for 600 seconds
2025-04-23 08:35:08,966 home-rohy-evalaivr-evaluation:default: frappe.utils.background_jobs.execute_job(event=None, is_async=True, job_name='frappe.core.doctype.scheduled_job_type.scheduled_job_type.run_scheduled_jo..., kwargs={'job_type': 'frappe.email.doctype.notification.notification.trigger_offset..., method='frappe.core.doctype.scheduled_job_type.scheduled_job_type.run_scheduled_jo..., site='erpnext.localhost', user='Administrator') (erpnext.localhost||scheduled_job||s603rpotun)
2025-04-23 08:35:09,260 Successfully completed frappe.utils.background_jobs.execute_job(event=None, is_async=True, job_name='frappe.core.doctype.scheduled_job_type.scheduled_job_type.run_scheduled_jo..., kwargs={'job_type': 'frappe.email.doctype.notification.notification.trigger_offset..., method='frappe.core.doctype.scheduled_job_type.scheduled_job_type.run_scheduled_jo..., site='erpnext.localhost', user='Administrator') job in 0:00:00.279612s on worker 788fcd017c71498f9ef65546fcf28348
2025-04-23 08:35:09,260 home-rohy-evalaivr-evaluation:default: Job OK (erpnext.localhost||scheduled_job||s603rpotun)
2025-04-23 08:35:09,260 Result is kept for 600 seconds
2025-04-23 08:35:09,273 home-rohy-evalaivr-evaluation:default: frappe.utils.background_jobs.execute_job(event=None, is_async=True, job_name='frappe.core.doctype.scheduled_job_type.scheduled_job_type.run_scheduled_jo..., kwargs={'job_type': 'frappe.website.doctype.web_page.web_page.check_publish_status..., method='frappe.core.doctype.scheduled_job_type.scheduled_job_type.run_scheduled_jo..., site='erpnext.localhost', user='Administrator') (erpnext.localhost||scheduled_job||s609qc5grc)
2025-04-23 08:35:09,647 Successfully completed frappe.utils.background_jobs.execute_job(event=None, is_async=True, job_name='frappe.core.doctype.scheduled_job_type.scheduled_job_type.run_scheduled_jo..., kwargs={'job_type': 'frappe.website.doctype.web_page.web_page.check_publish_status..., method='frappe.core.doctype.scheduled_job_type.scheduled_job_type.run_scheduled_jo..., site='erpnext.localhost', user='Administrator') job in 0:00:00.361712s on worker 788fcd017c71498f9ef65546fcf28348
2025-04-23 08:35:09,648 home-rohy-evalaivr-evaluation:default: Job OK (erpnext.localhost||scheduled_job||s609qc5grc)
2025-04-23 08:35:09,648 Result is kept for 600 seconds
2025-04-23 08:35:09,659 home-rohy-evalaivr-evaluation:default: frappe.utils.background_jobs.execute_job(event=None, is_async=True, job_name='frappe.core.doctype.scheduled_job_type.scheduled_job_type.run_scheduled_jo..., kwargs={'job_type': 'frappe.oauth.delete_oauth2_data', 'scheduled_job_type': 's607..., method='frappe.core.doctype.scheduled_job_type.scheduled_job_type.run_scheduled_jo..., site='erpnext.localhost', user='Administrator') (erpnext.localhost||scheduled_job||s607u2ss9g)
2025-04-23 08:35:09,984 Successfully completed frappe.utils.background_jobs.execute_job(event=None, is_async=True, job_name='frappe.core.doctype.scheduled_job_type.scheduled_job_type.run_scheduled_jo..., kwargs={'job_type': 'frappe.oauth.delete_oauth2_data', 'scheduled_job_type': 's607..., method='frappe.core.doctype.scheduled_job_type.scheduled_job_type.run_scheduled_jo..., site='erpnext.localhost', user='Administrator') job in 0:00:00.313289s on worker 788fcd017c71498f9ef65546fcf28348
2025-04-23 08:35:09,985 home-rohy-evalaivr-evaluation:default: Job OK (erpnext.localhost||scheduled_job||s607u2ss9g)
2025-04-23 08:35:09,985 Result is kept for 600 seconds
2025-04-23 08:35:09,997 home-rohy-evalaivr-evaluation:default: frappe.utils.background_jobs.execute_job(event=None, is_async=True, job_name='frappe.core.doctype.scheduled_job_type.scheduled_job_type.run_scheduled_jo..., kwargs={'job_type': 'frappe.twofactor.delete_all_barcodes_for_users', 'scheduled_j..., method='frappe.core.doctype.scheduled_job_type.scheduled_job_type.run_scheduled_jo..., site='erpnext.localhost', user='Administrator') (erpnext.localhost||scheduled_job||s606f3j3k3)
2025-04-23 08:35:10,260 Successfully completed frappe.utils.background_jobs.execute_job(event=None, is_async=True, job_name='frappe.core.doctype.scheduled_job_type.scheduled_job_type.run_scheduled_jo..., kwargs={'job_type': 'frappe.twofactor.delete_all_barcodes_for_users', 'scheduled_j..., method='frappe.core.doctype.scheduled_job_type.scheduled_job_type.run_scheduled_jo..., site='erpnext.localhost', user='Administrator') job in 0:00:00.251338s on worker 788fcd017c71498f9ef65546fcf28348
2025-04-23 08:35:10,261 home-rohy-evalaivr-evaluation:default: Job OK (erpnext.localhost||scheduled_job||s606f3j3k3)
2025-04-23 08:35:10,261 Result is kept for 600 seconds
2025-04-23 08:35:10,274 home-rohy-evalaivr-evaluation:default: frappe.utils.background_jobs.execute_job(event=None, is_async=True, job_name='frappe.core.doctype.scheduled_job_type.scheduled_job_type.run_scheduled_jo..., kwargs={'job_type': 'erpnext.manufacturing.doctype.bom_update_log.bom_update_log.r..., method='frappe.core.doctype.scheduled_job_type.scheduled_job_type.run_scheduled_jo..., site='erpnext.localhost', user='Administrator') (erpnext.localhost||scheduled_job||tgsg535gbe)
2025-04-23 08:35:10,540 Successfully completed frappe.utils.background_jobs.execute_job(event=None, is_async=True, job_name='frappe.core.doctype.scheduled_job_type.scheduled_job_type.run_scheduled_jo..., kwargs={'job_type': 'erpnext.manufacturing.doctype.bom_update_log.bom_update_log.r..., method='frappe.core.doctype.scheduled_job_type.scheduled_job_type.run_scheduled_jo..., site='erpnext.localhost', user='Administrator') job in 0:00:00.253570s on worker 788fcd017c71498f9ef65546fcf28348
2025-04-23 08:35:10,541 home-rohy-evalaivr-evaluation:default: Job OK (erpnext.localhost||scheduled_job||tgsg535gbe)
2025-04-23 08:35:10,541 Result is kept for 600 seconds
2025-04-23 08:35:10,553 home-rohy-evalaivr-evaluation:default: frappe.utils.background_jobs.execute_job(event=None, is_async=True, job_name='frappe.core.doctype.scheduled_job_type.scheduled_job_type.run_scheduled_jo..., kwargs={'job_type': 'frappe.monitor.flush', 'scheduled_job_type': 's60ssvifus'}, method='frappe.core.doctype.scheduled_job_type.scheduled_job_type.run_scheduled_jo..., site='erpnext.localhost', user='Administrator') (erpnext.localhost||scheduled_job||s60ssvifus)
2025-04-23 08:35:10,808 Successfully completed frappe.utils.background_jobs.execute_job(event=None, is_async=True, job_name='frappe.core.doctype.scheduled_job_type.scheduled_job_type.run_scheduled_jo..., kwargs={'job_type': 'frappe.monitor.flush', 'scheduled_job_type': 's60ssvifus'}, method='frappe.core.doctype.scheduled_job_type.scheduled_job_type.run_scheduled_jo..., site='erpnext.localhost', user='Administrator') job in 0:00:00.241572s on worker 788fcd017c71498f9ef65546fcf28348
2025-04-23 08:35:10,808 home-rohy-evalaivr-evaluation:default: Job OK (erpnext.localhost||scheduled_job||s60ssvifus)
2025-04-23 08:35:10,809 Result is kept for 600 seconds
2025-04-23 08:35:10,820 home-rohy-evalaivr-evaluation:default: frappe.utils.background_jobs.execute_job(event=None, is_async=True, job_name='frappe.core.doctype.scheduled_job_type.scheduled_job_type.run_scheduled_jo..., kwargs={'job_type': 'frappe.integrations.doctype.google_calendar.google_calendar.s..., method='frappe.core.doctype.scheduled_job_type.scheduled_job_type.run_scheduled_jo..., site='erpnext.localhost', user='Administrator') (erpnext.localhost||scheduled_job||s60e2kq4sq)
2025-04-23 08:35:11,352 Successfully completed frappe.utils.background_jobs.execute_job(event=None, is_async=True, job_name='frappe.core.doctype.scheduled_job_type.scheduled_job_type.run_scheduled_jo..., kwargs={'job_type': 'frappe.integrations.doctype.google_calendar.google_calendar.s..., method='frappe.core.doctype.scheduled_job_type.scheduled_job_type.run_scheduled_jo..., site='erpnext.localhost', user='Administrator') job in 0:00:00.519457s on worker 788fcd017c71498f9ef65546fcf28348
2025-04-23 08:35:11,353 home-rohy-evalaivr-evaluation:default: Job OK (erpnext.localhost||scheduled_job||s60e2kq4sq)
2025-04-23 08:35:11,353 Result is kept for 600 seconds
2025-04-23 08:35:11,368 home-rohy-evalaivr-evaluation:default: frappe.utils.background_jobs.execute_job(event=None, is_async=True, job_name='frappe.core.doctype.scheduled_job_type.scheduled_job_type.run_scheduled_jo..., kwargs={'job_type': 'frappe.deferred_insert.save_to_db', 'scheduled_job_type': 's6..., method='frappe.core.doctype.scheduled_job_type.scheduled_job_type.run_scheduled_jo..., site='erpnext.localhost', user='Administrator') (erpnext.localhost||scheduled_job||s6065rp0ec)
2025-04-23 08:35:11,653 Successfully completed frappe.utils.background_jobs.execute_job(event=None, is_async=True, job_name='frappe.core.doctype.scheduled_job_type.scheduled_job_type.run_scheduled_jo..., kwargs={'job_type': 'frappe.deferred_insert.save_to_db', 'scheduled_job_type': 's6..., method='frappe.core.doctype.scheduled_job_type.scheduled_job_type.run_scheduled_jo..., site='erpnext.localhost', user='Administrator') job in 0:00:00.270761s on worker 788fcd017c71498f9ef65546fcf28348
2025-04-23 08:35:11,653 home-rohy-evalaivr-evaluation:default: Job OK (erpnext.localhost||scheduled_job||s6065rp0ec)
2025-04-23 08:35:11,653 Result is kept for 600 seconds
2025-04-23 08:35:11,672 home-rohy-evalaivr-evaluation:default: frappe.utils.background_jobs.execute_job(event=None, is_async=True, job_name='frappe.core.doctype.scheduled_job_type.scheduled_job_type.run_scheduled_jo..., kwargs={'job_type': 'frappe.automation.doctype.reminder.reminder.send_reminders', ..., method='frappe.core.doctype.scheduled_job_type.scheduled_job_type.run_scheduled_jo..., site='erpnext.localhost', user='Administrator') (erpnext.localhost||scheduled_job||s60860egc9)
2025-04-23 08:35:11,924 Successfully completed frappe.utils.background_jobs.execute_job(event=None, is_async=True, job_name='frappe.core.doctype.scheduled_job_type.scheduled_job_type.run_scheduled_jo..., kwargs={'job_type': 'frappe.automation.doctype.reminder.reminder.send_reminders', ..., method='frappe.core.doctype.scheduled_job_type.scheduled_job_type.run_scheduled_jo..., site='erpnext.localhost', user='Administrator') job in 0:00:00.240415s on worker 788fcd017c71498f9ef65546fcf28348
2025-04-23 08:35:11,924 home-rohy-evalaivr-evaluation:default: Job OK (erpnext.localhost||scheduled_job||s60860egc9)
2025-04-23 08:35:11,924 Result is kept for 600 seconds
2025-04-23 08:36:00,305 home-rohy-evalaivr-evaluation:default: frappe.utils.background_jobs.execute_job(event=None, is_async=True, job_name='frappe.core.doctype.scheduled_job_type.scheduled_job_type.run_scheduled_jo..., kwargs={'job_type': 'frappe.integrations.doctype.google_calendar.google_calendar.s..., method='frappe.core.doctype.scheduled_job_type.scheduled_job_type.run_scheduled_jo..., site='erpnext.localhost', user='Administrator') (erpnext.localhost||scheduled_job||s60e2kq4sq)
2025-04-23 08:36:00,867 Successfully completed frappe.utils.background_jobs.execute_job(event=None, is_async=True, job_name='frappe.core.doctype.scheduled_job_type.scheduled_job_type.run_scheduled_jo..., kwargs={'job_type': 'frappe.integrations.doctype.google_calendar.google_calendar.s..., method='frappe.core.doctype.scheduled_job_type.scheduled_job_type.run_scheduled_jo..., site='erpnext.localhost', user='Administrator') job in 0:00:00.548767s on worker 788fcd017c71498f9ef65546fcf28348
2025-04-23 08:36:00,868 home-rohy-evalaivr-evaluation:default: Job OK (erpnext.localhost||scheduled_job||s60e2kq4sq)
2025-04-23 08:36:00,868 Result is kept for 600 seconds
2025-04-23 08:36:00,881 home-rohy-evalaivr-evaluation:default: frappe.utils.background_jobs.execute_job(event=None, is_async=True, job_name='frappe.core.doctype.scheduled_job_type.scheduled_job_type.run_scheduled_jo..., kwargs={'job_type': 'frappe.monitor.flush', 'scheduled_job_type': 's60ssvifus'}, method='frappe.core.doctype.scheduled_job_type.scheduled_job_type.run_scheduled_jo..., site='erpnext.localhost', user='Administrator') (erpnext.localhost||scheduled_job||s60ssvifus)
2025-04-23 08:36:01,122 Successfully completed frappe.utils.background_jobs.execute_job(event=None, is_async=True, job_name='frappe.core.doctype.scheduled_job_type.scheduled_job_type.run_scheduled_jo..., kwargs={'job_type': 'frappe.monitor.flush', 'scheduled_job_type': 's60ssvifus'}, method='frappe.core.doctype.scheduled_job_type.scheduled_job_type.run_scheduled_jo..., site='erpnext.localhost', user='Administrator') job in 0:00:00.224461s on worker 788fcd017c71498f9ef65546fcf28348
2025-04-23 08:36:01,122 home-rohy-evalaivr-evaluation:default: Job OK (erpnext.localhost||scheduled_job||s60ssvifus)
2025-04-23 08:36:01,122 Result is kept for 600 seconds
2025-04-23 08:36:01,133 home-rohy-evalaivr-evaluation:default: frappe.utils.background_jobs.execute_job(event=None, is_async=True, job_name='frappe.core.doctype.scheduled_job_type.scheduled_job_type.run_scheduled_jo..., kwargs={'job_type': 'frappe.email.queue.flush', 'scheduled_job_type': 's60b9alidp'..., method='frappe.core.doctype.scheduled_job_type.scheduled_job_type.run_scheduled_jo..., site='erpnext.localhost', user='Administrator') (erpnext.localhost||scheduled_job||s60b9alidp)
2025-04-23 08:36:01,551 Successfully completed frappe.utils.background_jobs.execute_job(event=None, is_async=True, job_name='frappe.core.doctype.scheduled_job_type.scheduled_job_type.run_scheduled_jo..., kwargs={'job_type': 'frappe.email.queue.flush', 'scheduled_job_type': 's60b9alidp'..., method='frappe.core.doctype.scheduled_job_type.scheduled_job_type.run_scheduled_jo..., site='erpnext.localhost', user='Administrator') job in 0:00:00.405940s on worker 788fcd017c71498f9ef65546fcf28348
2025-04-23 08:36:01,551 home-rohy-evalaivr-evaluation:default: Job OK (erpnext.localhost||scheduled_job||s60b9alidp)
2025-04-23 08:36:01,551 Result is kept for 600 seconds
2025-04-23 08:40:00,341 home-rohy-evalaivr-evaluation:default: frappe.utils.background_jobs.execute_job(event=None, is_async=True, job_name='frappe.core.doctype.scheduled_job_type.scheduled_job_type.run_scheduled_jo..., kwargs={'job_type': 'frappe.email.doctype.email_account.email_account.pull', 'sche..., method='frappe.core.doctype.scheduled_job_type.scheduled_job_type.run_scheduled_jo..., site='erpnext.localhost', user='Administrator') (erpnext.localhost||scheduled_job||s60v5h24ke)
2025-04-23 08:40:00,664 Successfully completed frappe.utils.background_jobs.execute_job(event=None, is_async=True, job_name='frappe.core.doctype.scheduled_job_type.scheduled_job_type.run_scheduled_jo..., kwargs={'job_type': 'frappe.email.doctype.email_account.email_account.pull', 'sche..., method='frappe.core.doctype.scheduled_job_type.scheduled_job_type.run_scheduled_jo..., site='erpnext.localhost', user='Administrator') job in 0:00:00.308520s on worker 788fcd017c71498f9ef65546fcf28348
2025-04-23 08:40:00,665 home-rohy-evalaivr-evaluation:default: Job OK (erpnext.localhost||scheduled_job||s60v5h24ke)
2025-04-23 08:40:00,665 Result is kept for 600 seconds
2025-04-23 08:40:00,676 home-rohy-evalaivr-evaluation:default: frappe.utils.background_jobs.execute_job(event=None, is_async=True, job_name='frappe.core.doctype.scheduled_job_type.scheduled_job_type.run_scheduled_jo..., kwargs={'job_type': 'frappe.monitor.flush', 'scheduled_job_type': 's60ssvifus'}, method='frappe.core.doctype.scheduled_job_type.scheduled_job_type.run_scheduled_jo..., site='erpnext.localhost', user='Administrator') (erpnext.localhost||scheduled_job||s60ssvifus)
2025-04-23 08:40:00,916 Successfully completed frappe.utils.background_jobs.execute_job(event=None, is_async=True, job_name='frappe.core.doctype.scheduled_job_type.scheduled_job_type.run_scheduled_jo..., kwargs={'job_type': 'frappe.monitor.flush', 'scheduled_job_type': 's60ssvifus'}, method='frappe.core.doctype.scheduled_job_type.scheduled_job_type.run_scheduled_jo..., site='erpnext.localhost', user='Administrator') job in 0:00:00.226766s on worker 788fcd017c71498f9ef65546fcf28348
2025-04-23 08:40:00,917 home-rohy-evalaivr-evaluation:default: Job OK (erpnext.localhost||scheduled_job||s60ssvifus)
2025-04-23 08:40:00,917 Result is kept for 600 seconds
2025-04-23 08:40:00,929 home-rohy-evalaivr-evaluation:default: frappe.utils.background_jobs.execute_job(event=None, is_async=True, job_name='frappe.core.doctype.scheduled_job_type.scheduled_job_type.run_scheduled_jo..., kwargs={'job_type': 'frappe.email.doctype.notification.notification.trigger_offset..., method='frappe.core.doctype.scheduled_job_type.scheduled_job_type.run_scheduled_jo..., site='erpnext.localhost', user='Administrator') (erpnext.localhost||scheduled_job||s603rpotun)
2025-04-23 08:40:01,188 Successfully completed frappe.utils.background_jobs.execute_job(event=None, is_async=True, job_name='frappe.core.doctype.scheduled_job_type.scheduled_job_type.run_scheduled_jo..., kwargs={'job_type': 'frappe.email.doctype.notification.notification.trigger_offset..., method='frappe.core.doctype.scheduled_job_type.scheduled_job_type.run_scheduled_jo..., site='erpnext.localhost', user='Administrator') job in 0:00:00.246912s on worker 788fcd017c71498f9ef65546fcf28348
2025-04-23 08:40:01,188 home-rohy-evalaivr-evaluation:default: Job OK (erpnext.localhost||scheduled_job||s603rpotun)
2025-04-23 08:40:01,188 Result is kept for 600 seconds
2025-04-23 08:40:01,200 home-rohy-evalaivr-evaluation:default: frappe.utils.background_jobs.execute_job(event=None, is_async=True, job_name='frappe.core.doctype.scheduled_job_type.scheduled_job_type.run_scheduled_jo..., kwargs={'job_type': 'frappe.integrations.doctype.google_calendar.google_calendar.s..., method='frappe.core.doctype.scheduled_job_type.scheduled_job_type.run_scheduled_jo..., site='erpnext.localhost', user='Administrator') (erpnext.localhost||scheduled_job||s60e2kq4sq)
2025-04-23 08:40:01,694 Successfully completed frappe.utils.background_jobs.execute_job(event=None, is_async=True, job_name='frappe.core.doctype.scheduled_job_type.scheduled_job_type.run_scheduled_jo..., kwargs={'job_type': 'frappe.integrations.doctype.google_calendar.google_calendar.s..., method='frappe.core.doctype.scheduled_job_type.scheduled_job_type.run_scheduled_jo..., site='erpnext.localhost', user='Administrator') job in 0:00:00.482395s on worker 788fcd017c71498f9ef65546fcf28348
2025-04-23 08:40:01,695 home-rohy-evalaivr-evaluation:default: Job OK (erpnext.localhost||scheduled_job||s60e2kq4sq)
2025-04-23 08:40:01,695 Result is kept for 600 seconds
2025-04-23 08:40:01,707 home-rohy-evalaivr-evaluation:default: frappe.utils.background_jobs.execute_job(event=None, is_async=True, job_name='frappe.core.doctype.scheduled_job_type.scheduled_job_type.run_scheduled_jo..., kwargs={'job_type': 'frappe.email.queue.flush', 'scheduled_job_type': 's60b9alidp'..., method='frappe.core.doctype.scheduled_job_type.scheduled_job_type.run_scheduled_jo..., site='erpnext.localhost', user='Administrator') (erpnext.localhost||scheduled_job||s60b9alidp)
2025-04-23 08:40:02,129 Successfully completed frappe.utils.background_jobs.execute_job(event=None, is_async=True, job_name='frappe.core.doctype.scheduled_job_type.scheduled_job_type.run_scheduled_jo..., kwargs={'job_type': 'frappe.email.queue.flush', 'scheduled_job_type': 's60b9alidp'..., method='frappe.core.doctype.scheduled_job_type.scheduled_job_type.run_scheduled_jo..., site='erpnext.localhost', user='Administrator') job in 0:00:00.409871s on worker 788fcd017c71498f9ef65546fcf28348
2025-04-23 08:40:02,130 home-rohy-evalaivr-evaluation:default: Job OK (erpnext.localhost||scheduled_job||s60b9alidp)
2025-04-23 08:40:02,130 Result is kept for 600 seconds
2025-04-23 08:44:00,431 home-rohy-evalaivr-evaluation:default: frappe.utils.background_jobs.execute_job(event=None, is_async=True, job_name='frappe.core.doctype.scheduled_job_type.scheduled_job_type.run_scheduled_jo..., kwargs={'job_type': 'frappe.monitor.flush', 'scheduled_job_type': 's60ssvifus'}, method='frappe.core.doctype.scheduled_job_type.scheduled_job_type.run_scheduled_jo..., site='erpnext.localhost', user='Administrator') (erpnext.localhost||scheduled_job||s60ssvifus)
2025-04-23 08:44:00,754 Successfully completed frappe.utils.background_jobs.execute_job(event=None, is_async=True, job_name='frappe.core.doctype.scheduled_job_type.scheduled_job_type.run_scheduled_jo..., kwargs={'job_type': 'frappe.monitor.flush', 'scheduled_job_type': 's60ssvifus'}, method='frappe.core.doctype.scheduled_job_type.scheduled_job_type.run_scheduled_jo..., site='erpnext.localhost', user='Administrator') job in 0:00:00.305871s on worker 788fcd017c71498f9ef65546fcf28348
2025-04-23 08:44:00,755 home-rohy-evalaivr-evaluation:default: Job OK (erpnext.localhost||scheduled_job||s60ssvifus)
2025-04-23 08:44:00,755 Result is kept for 600 seconds
2025-04-23 08:44:00,768 home-rohy-evalaivr-evaluation:default: frappe.utils.background_jobs.execute_job(event=None, is_async=True, job_name='frappe.core.doctype.scheduled_job_type.scheduled_job_type.run_scheduled_jo..., kwargs={'job_type': 'frappe.email.queue.flush', 'scheduled_job_type': 's60b9alidp'..., method='frappe.core.doctype.scheduled_job_type.scheduled_job_type.run_scheduled_jo..., site='erpnext.localhost', user='Administrator') (erpnext.localhost||scheduled_job||s60b9alidp)
2025-04-23 08:44:01,422 Successfully completed frappe.utils.background_jobs.execute_job(event=None, is_async=True, job_name='frappe.core.doctype.scheduled_job_type.scheduled_job_type.run_scheduled_jo..., kwargs={'job_type': 'frappe.email.queue.flush', 'scheduled_job_type': 's60b9alidp'..., method='frappe.core.doctype.scheduled_job_type.scheduled_job_type.run_scheduled_jo..., site='erpnext.localhost', user='Administrator') job in 0:00:00.633643s on worker 788fcd017c71498f9ef65546fcf28348
2025-04-23 08:44:01,426 home-rohy-evalaivr-evaluation:default: Job OK (erpnext.localhost||scheduled_job||s60b9alidp)
2025-04-23 08:44:01,426 Result is kept for 600 seconds
2025-04-23 08:44:01,444 home-rohy-evalaivr-evaluation:default: frappe.utils.background_jobs.execute_job(event=None, is_async=True, job_name='frappe.core.doctype.scheduled_job_type.scheduled_job_type.run_scheduled_jo..., kwargs={'job_type': 'frappe.integrations.doctype.google_calendar.google_calendar.s..., method='frappe.core.doctype.scheduled_job_type.scheduled_job_type.run_scheduled_jo..., site='erpnext.localhost', user='Administrator') (erpnext.localhost||scheduled_job||s60e2kq4sq)
2025-04-23 08:44:02,226 Successfully completed frappe.utils.background_jobs.execute_job(event=None, is_async=True, job_name='frappe.core.doctype.scheduled_job_type.scheduled_job_type.run_scheduled_jo..., kwargs={'job_type': 'frappe.integrations.doctype.google_calendar.google_calendar.s..., method='frappe.core.doctype.scheduled_job_type.scheduled_job_type.run_scheduled_jo..., site='erpnext.localhost', user='Administrator') job in 0:00:00.761200s on worker 788fcd017c71498f9ef65546fcf28348
2025-04-23 08:44:02,229 home-rohy-evalaivr-evaluation:default: Job OK (erpnext.localhost||scheduled_job||s60e2kq4sq)
2025-04-23 08:44:02,229 Result is kept for 600 seconds
2025-04-23 08:48:00,149 home-rohy-evalaivr-evaluation:default: frappe.utils.background_jobs.execute_job(event=None, is_async=True, job_name='frappe.core.doctype.scheduled_job_type.scheduled_job_type.run_scheduled_jo..., kwargs={'job_type': 'frappe.utils.global_search.sync_global_search', 'scheduled_jo..., method='frappe.core.doctype.scheduled_job_type.scheduled_job_type.run_scheduled_jo..., site='erpnext.localhost', user='Administrator') (erpnext.localhost||scheduled_job||s6091q3nn9)
2025-04-23 08:48:00,420 Successfully completed frappe.utils.background_jobs.execute_job(event=None, is_async=True, job_name='frappe.core.doctype.scheduled_job_type.scheduled_job_type.run_scheduled_jo..., kwargs={'job_type': 'frappe.utils.global_search.sync_global_search', 'scheduled_jo..., method='frappe.core.doctype.scheduled_job_type.scheduled_job_type.run_scheduled_jo..., site='erpnext.localhost', user='Administrator') job in 0:00:00.257125s on worker 788fcd017c71498f9ef65546fcf28348
2025-04-23 08:48:00,421 home-rohy-evalaivr-evaluation:default: Job OK (erpnext.localhost||scheduled_job||s6091q3nn9)
2025-04-23 08:48:00,421 Result is kept for 600 seconds
2025-04-23 08:48:00,437 Cleaning registries for queue: home-rohy-evalaivr-evaluation:short
2025-04-23 08:48:00,442 Cleaning registries for queue: home-rohy-evalaivr-evaluation:default
2025-04-23 08:48:00,447 Cleaning registries for queue: home-rohy-evalaivr-evaluation:long
2025-04-23 08:48:00,454 home-rohy-evalaivr-evaluation:default: frappe.utils.background_jobs.execute_job(event=None, is_async=True, job_name='frappe.core.doctype.scheduled_job_type.scheduled_job_type.run_scheduled_jo..., kwargs={'job_type': 'frappe.email.doctype.notification.notification.trigger_offset..., method='frappe.core.doctype.scheduled_job_type.scheduled_job_type.run_scheduled_jo..., site='erpnext.localhost', user='Administrator') (erpnext.localhost||scheduled_job||s603rpotun)
2025-04-23 08:48:00,681 Successfully completed frappe.utils.background_jobs.execute_job(event=None, is_async=True, job_name='frappe.core.doctype.scheduled_job_type.scheduled_job_type.run_scheduled_jo..., kwargs={'job_type': 'frappe.email.doctype.notification.notification.trigger_offset..., method='frappe.core.doctype.scheduled_job_type.scheduled_job_type.run_scheduled_jo..., site='erpnext.localhost', user='Administrator') job in 0:00:00.213725s on worker 788fcd017c71498f9ef65546fcf28348
2025-04-23 08:48:00,681 home-rohy-evalaivr-evaluation:default: Job OK (erpnext.localhost||scheduled_job||s603rpotun)
2025-04-23 08:48:00,682 Result is kept for 600 seconds
2025-04-23 08:48:00,693 home-rohy-evalaivr-evaluation:default: frappe.utils.background_jobs.execute_job(event=None, is_async=True, job_name='frappe.core.doctype.scheduled_job_type.scheduled_job_type.run_scheduled_jo..., kwargs={'job_type': 'frappe.email.queue.flush', 'scheduled_job_type': 's60b9alidp'..., method='frappe.core.doctype.scheduled_job_type.scheduled_job_type.run_scheduled_jo..., site='erpnext.localhost', user='Administrator') (erpnext.localhost||scheduled_job||s60b9alidp)
2025-04-23 08:48:01,102 Successfully completed frappe.utils.background_jobs.execute_job(event=None, is_async=True, job_name='frappe.core.doctype.scheduled_job_type.scheduled_job_type.run_scheduled_jo..., kwargs={'job_type': 'frappe.email.queue.flush', 'scheduled_job_type': 's60b9alidp'..., method='frappe.core.doctype.scheduled_job_type.scheduled_job_type.run_scheduled_jo..., site='erpnext.localhost', user='Administrator') job in 0:00:00.398508s on worker 788fcd017c71498f9ef65546fcf28348
2025-04-23 08:48:01,103 home-rohy-evalaivr-evaluation:default: Job OK (erpnext.localhost||scheduled_job||s60b9alidp)
2025-04-23 08:48:01,103 Result is kept for 600 seconds
2025-04-23 08:48:01,115 home-rohy-evalaivr-evaluation:default: frappe.utils.background_jobs.execute_job(event=None, is_async=True, job_name='frappe.core.doctype.scheduled_job_type.scheduled_job_type.run_scheduled_jo..., kwargs={'job_type': 'frappe.monitor.flush', 'scheduled_job_type': 's60ssvifus'}, method='frappe.core.doctype.scheduled_job_type.scheduled_job_type.run_scheduled_jo..., site='erpnext.localhost', user='Administrator') (erpnext.localhost||scheduled_job||s60ssvifus)
2025-04-23 08:48:01,388 Successfully completed frappe.utils.background_jobs.execute_job(event=None, is_async=True, job_name='frappe.core.doctype.scheduled_job_type.scheduled_job_type.run_scheduled_jo..., kwargs={'job_type': 'frappe.monitor.flush', 'scheduled_job_type': 's60ssvifus'}, method='frappe.core.doctype.scheduled_job_type.scheduled_job_type.run_scheduled_jo..., site='erpnext.localhost', user='Administrator') job in 0:00:00.259215s on worker 788fcd017c71498f9ef65546fcf28348
2025-04-23 08:48:01,389 home-rohy-evalaivr-evaluation:default: Job OK (erpnext.localhost||scheduled_job||s60ssvifus)
2025-04-23 08:48:01,389 Result is kept for 600 seconds
2025-04-23 08:48:01,401 home-rohy-evalaivr-evaluation:default: frappe.utils.background_jobs.execute_job(event=None, is_async=True, job_name='frappe.core.doctype.scheduled_job_type.scheduled_job_type.run_scheduled_jo..., kwargs={'job_type': 'frappe.deferred_insert.save_to_db', 'scheduled_job_type': 's6..., method='frappe.core.doctype.scheduled_job_type.scheduled_job_type.run_scheduled_jo..., site='erpnext.localhost', user='Administrator') (erpnext.localhost||scheduled_job||s6065rp0ec)
2025-04-23 08:48:01,661 Successfully completed frappe.utils.background_jobs.execute_job(event=None, is_async=True, job_name='frappe.core.doctype.scheduled_job_type.scheduled_job_type.run_scheduled_jo..., kwargs={'job_type': 'frappe.deferred_insert.save_to_db', 'scheduled_job_type': 's6..., method='frappe.core.doctype.scheduled_job_type.scheduled_job_type.run_scheduled_jo..., site='erpnext.localhost', user='Administrator') job in 0:00:00.246063s on worker 788fcd017c71498f9ef65546fcf28348
2025-04-23 08:48:01,661 home-rohy-evalaivr-evaluation:default: Job OK (erpnext.localhost||scheduled_job||s6065rp0ec)
2025-04-23 08:48:01,661 Result is kept for 600 seconds
2025-04-23 08:48:01,674 home-rohy-evalaivr-evaluation:default: frappe.utils.background_jobs.execute_job(event=None, is_async=True, job_name='frappe.core.doctype.scheduled_job_type.scheduled_job_type.run_scheduled_jo..., kwargs={'job_type': 'frappe.twofactor.delete_all_barcodes_for_users', 'scheduled_j..., method='frappe.core.doctype.scheduled_job_type.scheduled_job_type.run_scheduled_jo..., site='erpnext.localhost', user='Administrator') (erpnext.localhost||scheduled_job||s606f3j3k3)
2025-04-23 08:48:01,913 Successfully completed frappe.utils.background_jobs.execute_job(event=None, is_async=True, job_name='frappe.core.doctype.scheduled_job_type.scheduled_job_type.run_scheduled_jo..., kwargs={'job_type': 'frappe.twofactor.delete_all_barcodes_for_users', 'scheduled_j..., method='frappe.core.doctype.scheduled_job_type.scheduled_job_type.run_scheduled_jo..., site='erpnext.localhost', user='Administrator') job in 0:00:00.226230s on worker 788fcd017c71498f9ef65546fcf28348
2025-04-23 08:48:01,914 home-rohy-evalaivr-evaluation:default: Job OK (erpnext.localhost||scheduled_job||s606f3j3k3)
2025-04-23 08:48:01,914 Result is kept for 600 seconds
2025-04-23 08:48:01,925 home-rohy-evalaivr-evaluation:default: frappe.utils.background_jobs.execute_job(event=None, is_async=True, job_name='frappe.core.doctype.scheduled_job_type.scheduled_job_type.run_scheduled_jo..., kwargs={'job_type': 'frappe.oauth.delete_oauth2_data', 'scheduled_job_type': 's607..., method='frappe.core.doctype.scheduled_job_type.scheduled_job_type.run_scheduled_jo..., site='erpnext.localhost', user='Administrator') (erpnext.localhost||scheduled_job||s607u2ss9g)
2025-04-23 08:48:02,202 Successfully completed frappe.utils.background_jobs.execute_job(event=None, is_async=True, job_name='frappe.core.doctype.scheduled_job_type.scheduled_job_type.run_scheduled_jo..., kwargs={'job_type': 'frappe.oauth.delete_oauth2_data', 'scheduled_job_type': 's607..., method='frappe.core.doctype.scheduled_job_type.scheduled_job_type.run_scheduled_jo..., site='erpnext.localhost', user='Administrator') job in 0:00:00.264232s on worker 788fcd017c71498f9ef65546fcf28348
2025-04-23 08:48:02,202 home-rohy-evalaivr-evaluation:default: Job OK (erpnext.localhost||scheduled_job||s607u2ss9g)
2025-04-23 08:48:02,202 Result is kept for 600 seconds
2025-04-23 08:48:02,215 home-rohy-evalaivr-evaluation:default: frappe.utils.background_jobs.execute_job(event=None, is_async=True, job_name='frappe.core.doctype.scheduled_job_type.scheduled_job_type.run_scheduled_jo..., kwargs={'job_type': 'frappe.integrations.doctype.google_calendar.google_calendar.s..., method='frappe.core.doctype.scheduled_job_type.scheduled_job_type.run_scheduled_jo..., site='erpnext.localhost', user='Administrator') (erpnext.localhost||scheduled_job||s60e2kq4sq)
2025-04-23 08:48:02,686 Successfully completed frappe.utils.background_jobs.execute_job(event=None, is_async=True, job_name='frappe.core.doctype.scheduled_job_type.scheduled_job_type.run_scheduled_jo..., kwargs={'job_type': 'frappe.integrations.doctype.google_calendar.google_calendar.s..., method='frappe.core.doctype.scheduled_job_type.scheduled_job_type.run_scheduled_jo..., site='erpnext.localhost', user='Administrator') job in 0:00:00.458176s on worker 788fcd017c71498f9ef65546fcf28348
2025-04-23 08:48:02,687 home-rohy-evalaivr-evaluation:default: Job OK (erpnext.localhost||scheduled_job||s60e2kq4sq)
2025-04-23 08:48:02,687 Result is kept for 600 seconds
2025-04-23 08:48:02,700 home-rohy-evalaivr-evaluation:default: frappe.utils.background_jobs.execute_job(event=None, is_async=True, job_name='frappe.core.doctype.scheduled_job_type.scheduled_job_type.run_scheduled_jo..., kwargs={'job_type': 'frappe.website.doctype.web_page.web_page.check_publish_status..., method='frappe.core.doctype.scheduled_job_type.scheduled_job_type.run_scheduled_jo..., site='erpnext.localhost', user='Administrator') (erpnext.localhost||scheduled_job||s609qc5grc)
2025-04-23 08:48:03,059 Successfully completed frappe.utils.background_jobs.execute_job(event=None, is_async=True, job_name='frappe.core.doctype.scheduled_job_type.scheduled_job_type.run_scheduled_jo..., kwargs={'job_type': 'frappe.website.doctype.web_page.web_page.check_publish_status..., method='frappe.core.doctype.scheduled_job_type.scheduled_job_type.run_scheduled_jo..., site='erpnext.localhost', user='Administrator') job in 0:00:00.346260s on worker 788fcd017c71498f9ef65546fcf28348
2025-04-23 08:48:03,059 home-rohy-evalaivr-evaluation:default: Job OK (erpnext.localhost||scheduled_job||s609qc5grc)
2025-04-23 08:48:03,059 Result is kept for 600 seconds
2025-04-23 08:48:03,073 home-rohy-evalaivr-evaluation:default: frappe.utils.background_jobs.execute_job(event=None, is_async=True, job_name='frappe.core.doctype.scheduled_job_type.scheduled_job_type.run_scheduled_jo..., kwargs={'job_type': 'frappe.automation.doctype.reminder.reminder.send_reminders', ..., method='frappe.core.doctype.scheduled_job_type.scheduled_job_type.run_scheduled_jo..., site='erpnext.localhost', user='Administrator') (erpnext.localhost||scheduled_job||s60860egc9)
2025-04-23 08:48:03,315 Successfully completed frappe.utils.background_jobs.execute_job(event=None, is_async=True, job_name='frappe.core.doctype.scheduled_job_type.scheduled_job_type.run_scheduled_jo..., kwargs={'job_type': 'frappe.automation.doctype.reminder.reminder.send_reminders', ..., method='frappe.core.doctype.scheduled_job_type.scheduled_job_type.run_scheduled_jo..., site='erpnext.localhost', user='Administrator') job in 0:00:00.231344s on worker 788fcd017c71498f9ef65546fcf28348
2025-04-23 08:48:03,316 home-rohy-evalaivr-evaluation:default: Job OK (erpnext.localhost||scheduled_job||s60860egc9)
2025-04-23 08:48:03,316 Result is kept for 600 seconds
2025-04-23 08:48:03,326 home-rohy-evalaivr-evaluation:default: frappe.utils.background_jobs.execute_job(event=None, is_async=True, job_name='frappe.core.doctype.scheduled_job_type.scheduled_job_type.run_scheduled_jo..., kwargs={'job_type': 'erpnext.manufacturing.doctype.bom_update_log.bom_update_log.r..., method='frappe.core.doctype.scheduled_job_type.scheduled_job_type.run_scheduled_jo..., site='erpnext.localhost', user='Administrator') (erpnext.localhost||scheduled_job||tgsg535gbe)
2025-04-23 08:48:03,587 Successfully completed frappe.utils.background_jobs.execute_job(event=None, is_async=True, job_name='frappe.core.doctype.scheduled_job_type.scheduled_job_type.run_scheduled_jo..., kwargs={'job_type': 'erpnext.manufacturing.doctype.bom_update_log.bom_update_log.r..., method='frappe.core.doctype.scheduled_job_type.scheduled_job_type.run_scheduled_jo..., site='erpnext.localhost', user='Administrator') job in 0:00:00.249292s on worker 788fcd017c71498f9ef65546fcf28348
2025-04-23 08:48:03,587 home-rohy-evalaivr-evaluation:default: Job OK (erpnext.localhost||scheduled_job||tgsg535gbe)
2025-04-23 08:48:03,587 Result is kept for 600 seconds
2025-04-23 08:48:03,598 home-rohy-evalaivr-evaluation:default: frappe.utils.background_jobs.execute_job(event=None, is_async=True, job_name='frappe.core.doctype.scheduled_job_type.scheduled_job_type.run_scheduled_jo..., kwargs={'job_type': 'frappe.email.doctype.email_account.email_account.notify_unrep..., method='frappe.core.doctype.scheduled_job_type.scheduled_job_type.run_scheduled_jo..., site='erpnext.localhost', user='Administrator') (erpnext.localhost||scheduled_job||s60tvhcbpc)
2025-04-23 08:48:03,847 Successfully completed frappe.utils.background_jobs.execute_job(event=None, is_async=True, job_name='frappe.core.doctype.scheduled_job_type.scheduled_job_type.run_scheduled_jo..., kwargs={'job_type': 'frappe.email.doctype.email_account.email_account.notify_unrep..., method='frappe.core.doctype.scheduled_job_type.scheduled_job_type.run_scheduled_jo..., site='erpnext.localhost', user='Administrator') job in 0:00:00.236790s on worker 788fcd017c71498f9ef65546fcf28348
2025-04-23 08:48:03,847 home-rohy-evalaivr-evaluation:default: Job OK (erpnext.localhost||scheduled_job||s60tvhcbpc)
2025-04-23 08:48:03,847 Result is kept for 600 seconds
2025-04-23 08:51:59,656 home-rohy-evalaivr-evaluation:default: frappe.utils.background_jobs.execute_job(event=None, is_async=True, job_name='frappe.core.doctype.scheduled_job_type.scheduled_job_type.run_scheduled_jo..., kwargs={'job_type': 'frappe.email.doctype.email_account.email_account.pull', 'sche..., method='frappe.core.doctype.scheduled_job_type.scheduled_job_type.run_scheduled_jo..., site='erpnext.localhost', user='Administrator') (erpnext.localhost||scheduled_job||s60v5h24ke)
2025-04-23 08:51:59,970 Successfully completed frappe.utils.background_jobs.execute_job(event=None, is_async=True, job_name='frappe.core.doctype.scheduled_job_type.scheduled_job_type.run_scheduled_jo..., kwargs={'job_type': 'frappe.email.doctype.email_account.email_account.pull', 'sche..., method='frappe.core.doctype.scheduled_job_type.scheduled_job_type.run_scheduled_jo..., site='erpnext.localhost', user='Administrator') job in 0:00:00.299526s on worker 788fcd017c71498f9ef65546fcf28348
2025-04-23 08:51:59,972 home-rohy-evalaivr-evaluation:default: Job OK (erpnext.localhost||scheduled_job||s60v5h24ke)
2025-04-23 08:51:59,972 Result is kept for 600 seconds
2025-04-23 08:51:59,984 home-rohy-evalaivr-evaluation:default: frappe.utils.background_jobs.execute_job(event=None, is_async=True, job_name='frappe.core.doctype.scheduled_job_type.scheduled_job_type.run_scheduled_jo..., kwargs={'job_type': 'frappe.email.doctype.notification.notification.trigger_offset..., method='frappe.core.doctype.scheduled_job_type.scheduled_job_type.run_scheduled_jo..., site='erpnext.localhost', user='Administrator') (erpnext.localhost||scheduled_job||s603rpotun)
2025-04-23 08:52:00,218 Successfully completed frappe.utils.background_jobs.execute_job(event=None, is_async=True, job_name='frappe.core.doctype.scheduled_job_type.scheduled_job_type.run_scheduled_jo..., kwargs={'job_type': 'frappe.email.doctype.notification.notification.trigger_offset..., method='frappe.core.doctype.scheduled_job_type.scheduled_job_type.run_scheduled_jo..., site='erpnext.localhost', user='Administrator') job in 0:00:00.222467s on worker 788fcd017c71498f9ef65546fcf28348
2025-04-23 08:52:00,218 home-rohy-evalaivr-evaluation:default: Job OK (erpnext.localhost||scheduled_job||s603rpotun)
2025-04-23 08:52:00,219 Result is kept for 600 seconds
2025-04-23 08:52:00,686 home-rohy-evalaivr-evaluation:default: frappe.utils.background_jobs.execute_job(event=None, is_async=True, job_name='frappe.core.doctype.scheduled_job_type.scheduled_job_type.run_scheduled_jo..., kwargs={'job_type': 'frappe.integrations.doctype.google_calendar.google_calendar.s..., method='frappe.core.doctype.scheduled_job_type.scheduled_job_type.run_scheduled_jo..., site='erpnext.localhost', user='Administrator') (erpnext.localhost||scheduled_job||s60e2kq4sq)
2025-04-23 08:52:01,207 Successfully completed frappe.utils.background_jobs.execute_job(event=None, is_async=True, job_name='frappe.core.doctype.scheduled_job_type.scheduled_job_type.run_scheduled_jo..., kwargs={'job_type': 'frappe.integrations.doctype.google_calendar.google_calendar.s..., method='frappe.core.doctype.scheduled_job_type.scheduled_job_type.run_scheduled_jo..., site='erpnext.localhost', user='Administrator') job in 0:00:00.506467s on worker 788fcd017c71498f9ef65546fcf28348
2025-04-23 08:52:01,207 home-rohy-evalaivr-evaluation:default: Job OK (erpnext.localhost||scheduled_job||s60e2kq4sq)
2025-04-23 08:52:01,207 Result is kept for 600 seconds
2025-04-23 08:52:01,219 home-rohy-evalaivr-evaluation:default: frappe.utils.background_jobs.execute_job(event=None, is_async=True, job_name='frappe.core.doctype.scheduled_job_type.scheduled_job_type.run_scheduled_jo..., kwargs={'job_type': 'frappe.monitor.flush', 'scheduled_job_type': 's60ssvifus'}, method='frappe.core.doctype.scheduled_job_type.scheduled_job_type.run_scheduled_jo..., site='erpnext.localhost', user='Administrator') (erpnext.localhost||scheduled_job||s60ssvifus)
2025-04-23 08:52:01,462 Successfully completed frappe.utils.background_jobs.execute_job(event=None, is_async=True, job_name='frappe.core.doctype.scheduled_job_type.scheduled_job_type.run_scheduled_jo..., kwargs={'job_type': 'frappe.monitor.flush', 'scheduled_job_type': 's60ssvifus'}, method='frappe.core.doctype.scheduled_job_type.scheduled_job_type.run_scheduled_jo..., site='erpnext.localhost', user='Administrator') job in 0:00:00.231759s on worker 788fcd017c71498f9ef65546fcf28348
2025-04-23 08:52:01,463 home-rohy-evalaivr-evaluation:default: Job OK (erpnext.localhost||scheduled_job||s60ssvifus)
2025-04-23 08:52:01,463 Result is kept for 600 seconds
2025-04-23 08:52:01,476 home-rohy-evalaivr-evaluation:default: frappe.utils.background_jobs.execute_job(event=None, is_async=True, job_name='frappe.core.doctype.scheduled_job_type.scheduled_job_type.run_scheduled_jo..., kwargs={'job_type': 'frappe.email.queue.flush', 'scheduled_job_type': 's60b9alidp'..., method='frappe.core.doctype.scheduled_job_type.scheduled_job_type.run_scheduled_jo..., site='erpnext.localhost', user='Administrator') (erpnext.localhost||scheduled_job||s60b9alidp)
2025-04-23 08:52:01,843 Successfully completed frappe.utils.background_jobs.execute_job(event=None, is_async=True, job_name='frappe.core.doctype.scheduled_job_type.scheduled_job_type.run_scheduled_jo..., kwargs={'job_type': 'frappe.email.queue.flush', 'scheduled_job_type': 's60b9alidp'..., method='frappe.core.doctype.scheduled_job_type.scheduled_job_type.run_scheduled_jo..., site='erpnext.localhost', user='Administrator') job in 0:00:00.346287s on worker 788fcd017c71498f9ef65546fcf28348
2025-04-23 08:52:01,843 home-rohy-evalaivr-evaluation:default: Job OK (erpnext.localhost||scheduled_job||s60b9alidp)
2025-04-23 08:52:01,843 Result is kept for 600 seconds
2025-04-23 08:56:57,813 home-rohy-evalaivr-evaluation:default: frappe.utils.background_jobs.execute_job(event=None, is_async=True, job_name='frappe.core.doctype.scheduled_job_type.scheduled_job_type.run_scheduled_jo..., kwargs={'job_type': 'frappe.email.queue.flush', 'scheduled_job_type': 's60b9alidp'..., method='frappe.core.doctype.scheduled_job_type.scheduled_job_type.run_scheduled_jo..., site='erpnext.localhost', user='Administrator') (erpnext.localhost||scheduled_job||s60b9alidp)
2025-04-23 08:56:58,208 Successfully completed frappe.utils.background_jobs.execute_job(event=None, is_async=True, job_name='frappe.core.doctype.scheduled_job_type.scheduled_job_type.run_scheduled_jo..., kwargs={'job_type': 'frappe.email.queue.flush', 'scheduled_job_type': 's60b9alidp'..., method='frappe.core.doctype.scheduled_job_type.scheduled_job_type.run_scheduled_jo..., site='erpnext.localhost', user='Administrator') job in 0:00:00.380605s on worker 788fcd017c71498f9ef65546fcf28348
2025-04-23 08:56:58,208 home-rohy-evalaivr-evaluation:default: Job OK (erpnext.localhost||scheduled_job||s60b9alidp)
2025-04-23 08:56:58,209 Result is kept for 600 seconds
2025-04-23 08:56:58,221 home-rohy-evalaivr-evaluation:default: frappe.utils.background_jobs.execute_job(event=None, is_async=True, job_name='frappe.core.doctype.scheduled_job_type.scheduled_job_type.run_scheduled_jo..., kwargs={'job_type': 'frappe.integrations.doctype.google_calendar.google_calendar.s..., method='frappe.core.doctype.scheduled_job_type.scheduled_job_type.run_scheduled_jo..., site='erpnext.localhost', user='Administrator') (erpnext.localhost||scheduled_job||s60e2kq4sq)
2025-04-23 08:56:58,763 Successfully completed frappe.utils.background_jobs.execute_job(event=None, is_async=True, job_name='frappe.core.doctype.scheduled_job_type.scheduled_job_type.run_scheduled_jo..., kwargs={'job_type': 'frappe.integrations.doctype.google_calendar.google_calendar.s..., method='frappe.core.doctype.scheduled_job_type.scheduled_job_type.run_scheduled_jo..., site='erpnext.localhost', user='Administrator') job in 0:00:00.529476s on worker 788fcd017c71498f9ef65546fcf28348
2025-04-23 08:56:58,763 home-rohy-evalaivr-evaluation:default: Job OK (erpnext.localhost||scheduled_job||s60e2kq4sq)
2025-04-23 08:56:58,764 Result is kept for 600 seconds
2025-04-23 08:56:58,775 home-rohy-evalaivr-evaluation:default: frappe.utils.background_jobs.execute_job(event=None, is_async=True, job_name='frappe.core.doctype.scheduled_job_type.scheduled_job_type.run_scheduled_jo..., kwargs={'job_type': 'frappe.monitor.flush', 'scheduled_job_type': 's60ssvifus'}, method='frappe.core.doctype.scheduled_job_type.scheduled_job_type.run_scheduled_jo..., site='erpnext.localhost', user='Administrator') (erpnext.localhost||scheduled_job||s60ssvifus)
2025-04-23 08:56:59,016 Successfully completed frappe.utils.background_jobs.execute_job(event=None, is_async=True, job_name='frappe.core.doctype.scheduled_job_type.scheduled_job_type.run_scheduled_jo..., kwargs={'job_type': 'frappe.monitor.flush', 'scheduled_job_type': 's60ssvifus'}, method='frappe.core.doctype.scheduled_job_type.scheduled_job_type.run_scheduled_jo..., site='erpnext.localhost', user='Administrator') job in 0:00:00.229120s on worker 788fcd017c71498f9ef65546fcf28348
2025-04-23 08:56:59,016 home-rohy-evalaivr-evaluation:default: Job OK (erpnext.localhost||scheduled_job||s60ssvifus)
2025-04-23 08:56:59,016 Result is kept for 600 seconds
2025-04-23 08:56:59,027 home-rohy-evalaivr-evaluation:default: frappe.utils.background_jobs.execute_job(event=None, is_async=True, job_name='frappe.core.doctype.scheduled_job_type.scheduled_job_type.run_scheduled_jo..., kwargs={'job_type': 'frappe.email.doctype.notification.notification.trigger_offset..., method='frappe.core.doctype.scheduled_job_type.scheduled_job_type.run_scheduled_jo..., site='erpnext.localhost', user='Administrator') (erpnext.localhost||scheduled_job||s603rpotun)
2025-04-23 08:56:59,266 Successfully completed frappe.utils.background_jobs.execute_job(event=None, is_async=True, job_name='frappe.core.doctype.scheduled_job_type.scheduled_job_type.run_scheduled_jo..., kwargs={'job_type': 'frappe.email.doctype.notification.notification.trigger_offset..., method='frappe.core.doctype.scheduled_job_type.scheduled_job_type.run_scheduled_jo..., site='erpnext.localhost', user='Administrator') job in 0:00:00.225472s on worker 788fcd017c71498f9ef65546fcf28348
2025-04-23 08:56:59,266 home-rohy-evalaivr-evaluation:default: Job OK (erpnext.localhost||scheduled_job||s603rpotun)
2025-04-23 08:56:59,267 Result is kept for 600 seconds
2025-04-23 09:03:45,511 Cleaning registries for queue: home-rohy-evalaivr-evaluation:short
2025-04-23 09:03:45,805 Cleaning registries for queue: home-rohy-evalaivr-evaluation:default
2025-04-23 09:03:45,808 Cleaning registries for queue: home-rohy-evalaivr-evaluation:long
2025-04-23 09:08:07,547 home-rohy-evalaivr-evaluation:default: frappe.utils.background_jobs.execute_job(event=None, is_async=True, job_name='frappe.core.doctype.scheduled_job_type.scheduled_job_type.run_scheduled_jo..., kwargs={'job_type': 'frappe.email.doctype.email_account.email_account.notify_unrep..., method='frappe.core.doctype.scheduled_job_type.scheduled_job_type.run_scheduled_jo..., site='erpnext.localhost', user='Administrator') (erpnext.localhost||scheduled_job||s60tvhcbpc)
2025-04-23 09:08:07,868 Successfully completed frappe.utils.background_jobs.execute_job(event=None, is_async=True, job_name='frappe.core.doctype.scheduled_job_type.scheduled_job_type.run_scheduled_jo..., kwargs={'job_type': 'frappe.email.doctype.email_account.email_account.notify_unrep..., method='frappe.core.doctype.scheduled_job_type.scheduled_job_type.run_scheduled_jo..., site='erpnext.localhost', user='Administrator') job in 0:00:00.308204s on worker 788fcd017c71498f9ef65546fcf28348
2025-04-23 09:08:07,869 home-rohy-evalaivr-evaluation:default: Job OK (erpnext.localhost||scheduled_job||s60tvhcbpc)
2025-04-23 09:08:07,869 Result is kept for 600 seconds
2025-04-23 09:08:07,881 home-rohy-evalaivr-evaluation:default: frappe.utils.background_jobs.execute_job(event=None, is_async=True, job_name='frappe.core.doctype.scheduled_job_type.scheduled_job_type.run_scheduled_jo..., kwargs={'job_type': 'frappe.email.doctype.notification.notification.trigger_offset..., method='frappe.core.doctype.scheduled_job_type.scheduled_job_type.run_scheduled_jo..., site='erpnext.localhost', user='Administrator') (erpnext.localhost||scheduled_job||s603rpotun)
2025-04-23 09:08:08,113 Successfully completed frappe.utils.background_jobs.execute_job(event=None, is_async=True, job_name='frappe.core.doctype.scheduled_job_type.scheduled_job_type.run_scheduled_jo..., kwargs={'job_type': 'frappe.email.doctype.notification.notification.trigger_offset..., method='frappe.core.doctype.scheduled_job_type.scheduled_job_type.run_scheduled_jo..., site='erpnext.localhost', user='Administrator') job in 0:00:00.219220s on worker 788fcd017c71498f9ef65546fcf28348
2025-04-23 09:08:08,113 home-rohy-evalaivr-evaluation:default: Job OK (erpnext.localhost||scheduled_job||s603rpotun)
2025-04-23 09:08:08,113 Result is kept for 600 seconds
2025-04-23 09:08:08,125 home-rohy-evalaivr-evaluation:default: frappe.utils.background_jobs.execute_job(event=None, is_async=True, job_name='frappe.core.doctype.scheduled_job_type.scheduled_job_type.run_scheduled_jo..., kwargs={'job_type': 'frappe.utils.global_search.sync_global_search', 'scheduled_jo..., method='frappe.core.doctype.scheduled_job_type.scheduled_job_type.run_scheduled_jo..., site='erpnext.localhost', user='Administrator') (erpnext.localhost||scheduled_job||s6091q3nn9)
2025-04-23 09:08:08,333 Successfully completed frappe.utils.background_jobs.execute_job(event=None, is_async=True, job_name='frappe.core.doctype.scheduled_job_type.scheduled_job_type.run_scheduled_jo..., kwargs={'job_type': 'frappe.utils.global_search.sync_global_search', 'scheduled_jo..., method='frappe.core.doctype.scheduled_job_type.scheduled_job_type.run_scheduled_jo..., site='erpnext.localhost', user='Administrator') job in 0:00:00.195965s on worker 788fcd017c71498f9ef65546fcf28348
2025-04-23 09:08:08,333 home-rohy-evalaivr-evaluation:default: Job OK (erpnext.localhost||scheduled_job||s6091q3nn9)
2025-04-23 09:08:08,333 Result is kept for 600 seconds
2025-04-23 09:08:08,343 home-rohy-evalaivr-evaluation:default: frappe.utils.background_jobs.execute_job(event=None, is_async=True, job_name='frappe.core.doctype.scheduled_job_type.scheduled_job_type.run_scheduled_jo..., kwargs={'job_type': 'erpnext.projects.doctype.project.project.project_status_updat..., method='frappe.core.doctype.scheduled_job_type.scheduled_job_type.run_scheduled_jo..., site='erpnext.localhost', user='Administrator') (erpnext.localhost||scheduled_job||tgsqk4bptv)
2025-04-23 09:08:08,805 Successfully completed frappe.utils.background_jobs.execute_job(event=None, is_async=True, job_name='frappe.core.doctype.scheduled_job_type.scheduled_job_type.run_scheduled_jo..., kwargs={'job_type': 'erpnext.projects.doctype.project.project.project_status_updat..., method='frappe.core.doctype.scheduled_job_type.scheduled_job_type.run_scheduled_jo..., site='erpnext.localhost', user='Administrator') job in 0:00:00.449924s on worker 788fcd017c71498f9ef65546fcf28348
2025-04-23 09:08:08,806 home-rohy-evalaivr-evaluation:default: Job OK (erpnext.localhost||scheduled_job||tgsqk4bptv)
2025-04-23 09:08:08,806 Result is kept for 600 seconds
2025-04-23 09:08:08,818 home-rohy-evalaivr-evaluation:default: frappe.utils.background_jobs.execute_job(event=None, is_async=True, job_name='frappe.core.doctype.scheduled_job_type.scheduled_job_type.run_scheduled_jo..., kwargs={'job_type': 'frappe.email.queue.flush', 'scheduled_job_type': 's60b9alidp'..., method='frappe.core.doctype.scheduled_job_type.scheduled_job_type.run_scheduled_jo..., site='erpnext.localhost', user='Administrator') (erpnext.localhost||scheduled_job||s60b9alidp)
2025-04-23 09:08:09,205 Successfully completed frappe.utils.background_jobs.execute_job(event=None, is_async=True, job_name='frappe.core.doctype.scheduled_job_type.scheduled_job_type.run_scheduled_jo..., kwargs={'job_type': 'frappe.email.queue.flush', 'scheduled_job_type': 's60b9alidp'..., method='frappe.core.doctype.scheduled_job_type.scheduled_job_type.run_scheduled_jo..., site='erpnext.localhost', user='Administrator') job in 0:00:00.375879s on worker 788fcd017c71498f9ef65546fcf28348
2025-04-23 09:08:09,206 home-rohy-evalaivr-evaluation:default: Job OK (erpnext.localhost||scheduled_job||s60b9alidp)
2025-04-23 09:08:09,206 Result is kept for 600 seconds
2025-04-23 09:08:09,218 home-rohy-evalaivr-evaluation:default: frappe.utils.background_jobs.execute_job(event=None, is_async=True, job_name='frappe.core.doctype.scheduled_job_type.scheduled_job_type.run_scheduled_jo..., kwargs={'job_type': 'frappe.desk.form.document_follow.send_hourly_updates', 'sched..., method='frappe.core.doctype.scheduled_job_type.scheduled_job_type.run_scheduled_jo..., site='erpnext.localhost', user='Administrator') (erpnext.localhost||scheduled_job||s60s4fqf9p)
2025-04-23 09:08:09,476 Successfully completed frappe.utils.background_jobs.execute_job(event=None, is_async=True, job_name='frappe.core.doctype.scheduled_job_type.scheduled_job_type.run_scheduled_jo..., kwargs={'job_type': 'frappe.desk.form.document_follow.send_hourly_updates', 'sched..., method='frappe.core.doctype.scheduled_job_type.scheduled_job_type.run_scheduled_jo..., site='erpnext.localhost', user='Administrator') job in 0:00:00.247036s on worker 788fcd017c71498f9ef65546fcf28348
2025-04-23 09:08:09,477 home-rohy-evalaivr-evaluation:default: Job OK (erpnext.localhost||scheduled_job||s60s4fqf9p)
2025-04-23 09:08:09,477 Result is kept for 600 seconds
2025-04-23 09:08:09,489 home-rohy-evalaivr-evaluation:default: frappe.utils.background_jobs.execute_job(event=None, is_async=True, job_name='frappe.core.doctype.scheduled_job_type.scheduled_job_type.run_scheduled_jo..., kwargs={'job_type': 'frappe.email.doctype.email_account.email_account.pull', 'sche..., method='frappe.core.doctype.scheduled_job_type.scheduled_job_type.run_scheduled_jo..., site='erpnext.localhost', user='Administrator') (erpnext.localhost||scheduled_job||s60v5h24ke)
2025-04-23 09:08:09,747 Successfully completed frappe.utils.background_jobs.execute_job(event=None, is_async=True, job_name='frappe.core.doctype.scheduled_job_type.scheduled_job_type.run_scheduled_jo..., kwargs={'job_type': 'frappe.email.doctype.email_account.email_account.pull', 'sche..., method='frappe.core.doctype.scheduled_job_type.scheduled_job_type.run_scheduled_jo..., site='erpnext.localhost', user='Administrator') job in 0:00:00.246917s on worker 788fcd017c71498f9ef65546fcf28348
2025-04-23 09:08:09,748 home-rohy-evalaivr-evaluation:default: Job OK (erpnext.localhost||scheduled_job||s60v5h24ke)
2025-04-23 09:08:09,748 Result is kept for 600 seconds
2025-04-23 09:08:09,760 home-rohy-evalaivr-evaluation:default: frappe.utils.background_jobs.execute_job(event=None, is_async=True, job_name='frappe.core.doctype.scheduled_job_type.scheduled_job_type.run_scheduled_jo..., kwargs={'job_type': 'frappe.integrations.doctype.google_calendar.google_calendar.s..., method='frappe.core.doctype.scheduled_job_type.scheduled_job_type.run_scheduled_jo..., site='erpnext.localhost', user='Administrator') (erpnext.localhost||scheduled_job||s60e2kq4sq)
2025-04-23 09:08:10,274 Successfully completed frappe.utils.background_jobs.execute_job(event=None, is_async=True, job_name='frappe.core.doctype.scheduled_job_type.scheduled_job_type.run_scheduled_jo..., kwargs={'job_type': 'frappe.integrations.doctype.google_calendar.google_calendar.s..., method='frappe.core.doctype.scheduled_job_type.scheduled_job_type.run_scheduled_jo..., site='erpnext.localhost', user='Administrator') job in 0:00:00.501824s on worker 788fcd017c71498f9ef65546fcf28348
2025-04-23 09:08:10,274 home-rohy-evalaivr-evaluation:default: Job OK (erpnext.localhost||scheduled_job||s60e2kq4sq)
2025-04-23 09:08:10,274 Result is kept for 600 seconds
2025-04-23 09:08:10,287 home-rohy-evalaivr-evaluation:default: frappe.utils.background_jobs.execute_job(event=None, is_async=True, job_name='frappe.core.doctype.scheduled_job_type.scheduled_job_type.run_scheduled_jo..., kwargs={'job_type': 'frappe.deferred_insert.save_to_db', 'scheduled_job_type': 's6..., method='frappe.core.doctype.scheduled_job_type.scheduled_job_type.run_scheduled_jo..., site='erpnext.localhost', user='Administrator') (erpnext.localhost||scheduled_job||s6065rp0ec)
2025-04-23 09:08:10,537 Successfully completed frappe.utils.background_jobs.execute_job(event=None, is_async=True, job_name='frappe.core.doctype.scheduled_job_type.scheduled_job_type.run_scheduled_jo..., kwargs={'job_type': 'frappe.deferred_insert.save_to_db', 'scheduled_job_type': 's6..., method='frappe.core.doctype.scheduled_job_type.scheduled_job_type.run_scheduled_jo..., site='erpnext.localhost', user='Administrator') job in 0:00:00.238312s on worker 788fcd017c71498f9ef65546fcf28348
2025-04-23 09:08:10,538 home-rohy-evalaivr-evaluation:default: Job OK (erpnext.localhost||scheduled_job||s6065rp0ec)
2025-04-23 09:08:10,538 Result is kept for 600 seconds
2025-04-23 09:08:10,551 home-rohy-evalaivr-evaluation:default: frappe.utils.background_jobs.execute_job(event=None, is_async=True, job_name='frappe.core.doctype.scheduled_job_type.scheduled_job_type.run_scheduled_jo..., kwargs={'job_type': 'frappe.twofactor.delete_all_barcodes_for_users', 'scheduled_j..., method='frappe.core.doctype.scheduled_job_type.scheduled_job_type.run_scheduled_jo..., site='erpnext.localhost', user='Administrator') (erpnext.localhost||scheduled_job||s606f3j3k3)
2025-04-23 09:08:10,850 Successfully completed frappe.utils.background_jobs.execute_job(event=None, is_async=True, job_name='frappe.core.doctype.scheduled_job_type.scheduled_job_type.run_scheduled_jo..., kwargs={'job_type': 'frappe.twofactor.delete_all_barcodes_for_users', 'scheduled_j..., method='frappe.core.doctype.scheduled_job_type.scheduled_job_type.run_scheduled_jo..., site='erpnext.localhost', user='Administrator') job in 0:00:00.287179s on worker 788fcd017c71498f9ef65546fcf28348
2025-04-23 09:08:10,850 home-rohy-evalaivr-evaluation:default: Job OK (erpnext.localhost||scheduled_job||s606f3j3k3)
2025-04-23 09:08:10,851 Result is kept for 600 seconds
2025-04-23 09:08:10,864 home-rohy-evalaivr-evaluation:default: frappe.utils.background_jobs.execute_job(event=None, is_async=True, job_name='frappe.core.doctype.scheduled_job_type.scheduled_job_type.run_scheduled_jo..., kwargs={'job_type': 'erpnext.projects.doctype.project.project.hourly_reminder', 's..., method='frappe.core.doctype.scheduled_job_type.scheduled_job_type.run_scheduled_jo..., site='erpnext.localhost', user='Administrator') (erpnext.localhost||scheduled_job||tgsn011kqd)
2025-04-23 09:08:11,182 Successfully completed frappe.utils.background_jobs.execute_job(event=None, is_async=True, job_name='frappe.core.doctype.scheduled_job_type.scheduled_job_type.run_scheduled_jo..., kwargs={'job_type': 'erpnext.projects.doctype.project.project.hourly_reminder', 's..., method='frappe.core.doctype.scheduled_job_type.scheduled_job_type.run_scheduled_jo..., site='erpnext.localhost', user='Administrator') job in 0:00:00.306144s on worker 788fcd017c71498f9ef65546fcf28348
2025-04-23 09:08:11,182 home-rohy-evalaivr-evaluation:default: Job OK (erpnext.localhost||scheduled_job||tgsn011kqd)
2025-04-23 09:08:11,182 Result is kept for 600 seconds
2025-04-23 09:08:11,193 home-rohy-evalaivr-evaluation:default: frappe.utils.background_jobs.execute_job(event=None, is_async=True, job_name='frappe.core.doctype.scheduled_job_type.scheduled_job_type.run_scheduled_jo..., kwargs={'job_type': 'erpnext.projects.doctype.project.project.collect_project_stat..., method='frappe.core.doctype.scheduled_job_type.scheduled_job_type.run_scheduled_jo..., site='erpnext.localhost', user='Administrator') (erpnext.localhost||scheduled_job||tgs4o4k734)
2025-04-23 09:08:11,488 Successfully completed frappe.utils.background_jobs.execute_job(event=None, is_async=True, job_name='frappe.core.doctype.scheduled_job_type.scheduled_job_type.run_scheduled_jo..., kwargs={'job_type': 'erpnext.projects.doctype.project.project.collect_project_stat..., method='frappe.core.doctype.scheduled_job_type.scheduled_job_type.run_scheduled_jo..., site='erpnext.localhost', user='Administrator') job in 0:00:00.282991s on worker 788fcd017c71498f9ef65546fcf28348
2025-04-23 09:08:11,488 home-rohy-evalaivr-evaluation:default: Job OK (erpnext.localhost||scheduled_job||tgs4o4k734)
2025-04-23 09:08:11,488 Result is kept for 600 seconds
2025-04-23 09:08:11,500 home-rohy-evalaivr-evaluation:default: frappe.utils.background_jobs.execute_job(event=None, is_async=True, job_name='frappe.core.doctype.scheduled_job_type.scheduled_job_type.run_scheduled_jo..., kwargs={'job_type': 'frappe.website.doctype.web_page.web_page.check_publish_status..., method='frappe.core.doctype.scheduled_job_type.scheduled_job_type.run_scheduled_jo..., site='erpnext.localhost', user='Administrator') (erpnext.localhost||scheduled_job||s609qc5grc)
2025-04-23 09:08:11,873 Successfully completed frappe.utils.background_jobs.execute_job(event=None, is_async=True, job_name='frappe.core.doctype.scheduled_job_type.scheduled_job_type.run_scheduled_jo..., kwargs={'job_type': 'frappe.website.doctype.web_page.web_page.check_publish_status..., method='frappe.core.doctype.scheduled_job_type.scheduled_job_type.run_scheduled_jo..., site='erpnext.localhost', user='Administrator') job in 0:00:00.361410s on worker 788fcd017c71498f9ef65546fcf28348
2025-04-23 09:08:11,874 home-rohy-evalaivr-evaluation:default: Job OK (erpnext.localhost||scheduled_job||s609qc5grc)
2025-04-23 09:08:11,874 Result is kept for 600 seconds
2025-04-23 09:08:11,885 home-rohy-evalaivr-evaluation:default: frappe.utils.background_jobs.execute_job(event=None, is_async=True, job_name='frappe.core.doctype.scheduled_job_type.scheduled_job_type.run_scheduled_jo..., kwargs={'job_type': 'frappe.model.utils.link_count.update_link_count', 'scheduled_..., method='frappe.core.doctype.scheduled_job_type.scheduled_job_type.run_scheduled_jo..., site='erpnext.localhost', user='Administrator') (erpnext.localhost||scheduled_job||s608b5ancb)
2025-04-23 09:08:12,236 Successfully completed frappe.utils.background_jobs.execute_job(event=None, is_async=True, job_name='frappe.core.doctype.scheduled_job_type.scheduled_job_type.run_scheduled_jo..., kwargs={'job_type': 'frappe.model.utils.link_count.update_link_count', 'scheduled_..., method='frappe.core.doctype.scheduled_job_type.scheduled_job_type.run_scheduled_jo..., site='erpnext.localhost', user='Administrator') job in 0:00:00.338659s on worker 788fcd017c71498f9ef65546fcf28348
2025-04-23 09:08:12,237 home-rohy-evalaivr-evaluation:default: Job OK (erpnext.localhost||scheduled_job||s608b5ancb)
2025-04-23 09:08:12,237 Result is kept for 600 seconds
2025-04-23 09:08:12,248 home-rohy-evalaivr-evaluation:default: frappe.utils.background_jobs.execute_job(event=None, is_async=True, job_name='frappe.core.doctype.scheduled_job_type.scheduled_job_type.run_scheduled_jo..., kwargs={'job_type': 'frappe.oauth.delete_oauth2_data', 'scheduled_job_type': 's607..., method='frappe.core.doctype.scheduled_job_type.scheduled_job_type.run_scheduled_jo..., site='erpnext.localhost', user='Administrator') (erpnext.localhost||scheduled_job||s607u2ss9g)
2025-04-23 09:08:12,514 Successfully completed frappe.utils.background_jobs.execute_job(event=None, is_async=True, job_name='frappe.core.doctype.scheduled_job_type.scheduled_job_type.run_scheduled_jo..., kwargs={'job_type': 'frappe.oauth.delete_oauth2_data', 'scheduled_job_type': 's607..., method='frappe.core.doctype.scheduled_job_type.scheduled_job_type.run_scheduled_jo..., site='erpnext.localhost', user='Administrator') job in 0:00:00.254208s on worker 788fcd017c71498f9ef65546fcf28348
2025-04-23 09:08:12,514 home-rohy-evalaivr-evaluation:default: Job OK (erpnext.localhost||scheduled_job||s607u2ss9g)
2025-04-23 09:08:12,514 Result is kept for 600 seconds
2025-04-23 09:08:12,527 home-rohy-evalaivr-evaluation:default: frappe.utils.background_jobs.execute_job(event=None, is_async=True, job_name='frappe.core.doctype.scheduled_job_type.scheduled_job_type.run_scheduled_jo..., kwargs={'job_type': 'frappe.desk.page.backups.backups.delete_downloadable_backups'..., method='frappe.core.doctype.scheduled_job_type.scheduled_job_type.run_scheduled_jo..., site='erpnext.localhost', user='Administrator') (erpnext.localhost||scheduled_job||s60eklalh1)
2025-04-23 09:08:12,834 Successfully completed frappe.utils.background_jobs.execute_job(event=None, is_async=True, job_name='frappe.core.doctype.scheduled_job_type.scheduled_job_type.run_scheduled_jo..., kwargs={'job_type': 'frappe.desk.page.backups.backups.delete_downloadable_backups'..., method='frappe.core.doctype.scheduled_job_type.scheduled_job_type.run_scheduled_jo..., site='erpnext.localhost', user='Administrator') job in 0:00:00.294289s on worker 788fcd017c71498f9ef65546fcf28348
2025-04-23 09:08:12,835 home-rohy-evalaivr-evaluation:default: Job OK (erpnext.localhost||scheduled_job||s60eklalh1)
2025-04-23 09:08:12,835 Result is kept for 600 seconds
2025-04-23 09:08:12,846 home-rohy-evalaivr-evaluation:default: frappe.utils.background_jobs.execute_job(event=None, is_async=True, job_name='frappe.core.doctype.scheduled_job_type.scheduled_job_type.run_scheduled_jo..., kwargs={'job_type': 'erpnext.erpnext_integrations.doctype.plaid_settings.plaid_set..., method='frappe.core.doctype.scheduled_job_type.scheduled_job_type.run_scheduled_jo..., site='erpnext.localhost', user='Administrator') (erpnext.localhost||scheduled_job||tgsq64od4l)
2025-04-23 09:08:13,152 Successfully completed frappe.utils.background_jobs.execute_job(event=None, is_async=True, job_name='frappe.core.doctype.scheduled_job_type.scheduled_job_type.run_scheduled_jo..., kwargs={'job_type': 'erpnext.erpnext_integrations.doctype.plaid_settings.plaid_set..., method='frappe.core.doctype.scheduled_job_type.scheduled_job_type.run_scheduled_jo..., site='erpnext.localhost', user='Administrator') job in 0:00:00.294260s on worker 788fcd017c71498f9ef65546fcf28348
2025-04-23 09:08:13,152 home-rohy-evalaivr-evaluation:default: Job OK (erpnext.localhost||scheduled_job||tgsq64od4l)
2025-04-23 09:08:13,153 Result is kept for 600 seconds
2025-04-23 09:08:13,165 home-rohy-evalaivr-evaluation:default: frappe.utils.background_jobs.execute_job(event=None, is_async=True, job_name='frappe.core.doctype.scheduled_job_type.scheduled_job_type.run_scheduled_jo..., kwargs={'job_type': 'frappe.monitor.flush', 'scheduled_job_type': 's60ssvifus'}, method='frappe.core.doctype.scheduled_job_type.scheduled_job_type.run_scheduled_jo..., site='erpnext.localhost', user='Administrator') (erpnext.localhost||scheduled_job||s60ssvifus)
2025-04-23 09:08:13,379 Successfully completed frappe.utils.background_jobs.execute_job(event=None, is_async=True, job_name='frappe.core.doctype.scheduled_job_type.scheduled_job_type.run_scheduled_jo..., kwargs={'job_type': 'frappe.monitor.flush', 'scheduled_job_type': 's60ssvifus'}, method='frappe.core.doctype.scheduled_job_type.scheduled_job_type.run_scheduled_jo..., site='erpnext.localhost', user='Administrator') job in 0:00:00.202085s on worker 788fcd017c71498f9ef65546fcf28348
2025-04-23 09:08:13,380 home-rohy-evalaivr-evaluation:default: Job OK (erpnext.localhost||scheduled_job||s60ssvifus)
2025-04-23 09:08:13,380 Result is kept for 600 seconds
2025-04-23 09:08:13,391 home-rohy-evalaivr-evaluation:default: frappe.utils.background_jobs.execute_job(event=None, is_async=True, job_name='frappe.core.doctype.scheduled_job_type.scheduled_job_type.run_scheduled_jo..., kwargs={'job_type': 'erpnext.manufacturing.doctype.bom_update_log.bom_update_log.r..., method='frappe.core.doctype.scheduled_job_type.scheduled_job_type.run_scheduled_jo..., site='erpnext.localhost', user='Administrator') (erpnext.localhost||scheduled_job||tgsg535gbe)
2025-04-23 09:08:13,641 Successfully completed frappe.utils.background_jobs.execute_job(event=None, is_async=True, job_name='frappe.core.doctype.scheduled_job_type.scheduled_job_type.run_scheduled_jo..., kwargs={'job_type': 'erpnext.manufacturing.doctype.bom_update_log.bom_update_log.r..., method='frappe.core.doctype.scheduled_job_type.scheduled_job_type.run_scheduled_jo..., site='erpnext.localhost', user='Administrator') job in 0:00:00.236992s on worker 788fcd017c71498f9ef65546fcf28348
2025-04-23 09:08:13,641 home-rohy-evalaivr-evaluation:default: Job OK (erpnext.localhost||scheduled_job||tgsg535gbe)
2025-04-23 09:08:13,641 Result is kept for 600 seconds
2025-04-23 09:08:13,653 home-rohy-evalaivr-evaluation:default: frappe.utils.background_jobs.execute_job(event=None, is_async=True, job_name='frappe.core.doctype.scheduled_job_type.scheduled_job_type.run_scheduled_jo..., kwargs={'job_type': 'frappe.email.doctype.newsletter.newsletter.send_scheduled_ema..., method='frappe.core.doctype.scheduled_job_type.scheduled_job_type.run_scheduled_jo..., site='erpnext.localhost', user='Administrator') (erpnext.localhost||scheduled_job||s60i57jue2)
2025-04-23 09:08:14,000 Successfully completed frappe.utils.background_jobs.execute_job(event=None, is_async=True, job_name='frappe.core.doctype.scheduled_job_type.scheduled_job_type.run_scheduled_jo..., kwargs={'job_type': 'frappe.email.doctype.newsletter.newsletter.send_scheduled_ema..., method='frappe.core.doctype.scheduled_job_type.scheduled_job_type.run_scheduled_jo..., site='erpnext.localhost', user='Administrator') job in 0:00:00.334518s on worker 788fcd017c71498f9ef65546fcf28348
2025-04-23 09:08:14,000 home-rohy-evalaivr-evaluation:default: Job OK (erpnext.localhost||scheduled_job||s60i57jue2)
2025-04-23 09:08:14,000 Result is kept for 600 seconds
2025-04-23 09:08:14,013 home-rohy-evalaivr-evaluation:default: frappe.utils.background_jobs.execute_job(event=None, is_async=True, job_name='frappe.core.doctype.scheduled_job_type.scheduled_job_type.run_scheduled_jo..., kwargs={'job_type': 'erpnext.utilities.doctype.video.video.update_youtube_data', '..., method='frappe.core.doctype.scheduled_job_type.scheduled_job_type.run_scheduled_jo..., site='erpnext.localhost', user='Administrator') (erpnext.localhost||scheduled_job||tgspm1s388)
2025-04-23 09:08:14,592 Successfully completed frappe.utils.background_jobs.execute_job(event=None, is_async=True, job_name='frappe.core.doctype.scheduled_job_type.scheduled_job_type.run_scheduled_jo..., kwargs={'job_type': 'erpnext.utilities.doctype.video.video.update_youtube_data', '..., method='frappe.core.doctype.scheduled_job_type.scheduled_job_type.run_scheduled_jo..., site='erpnext.localhost', user='Administrator') job in 0:00:00.566370s on worker 788fcd017c71498f9ef65546fcf28348
2025-04-23 09:08:14,592 home-rohy-evalaivr-evaluation:default: Job OK (erpnext.localhost||scheduled_job||tgspm1s388)
2025-04-23 09:08:14,592 Result is kept for 600 seconds
2025-04-23 09:08:14,604 home-rohy-evalaivr-evaluation:default: frappe.utils.background_jobs.execute_job(event=None, is_async=True, job_name='frappe.core.doctype.scheduled_job_type.scheduled_job_type.run_scheduled_jo..., kwargs={'job_type': 'frappe.model.utils.user_settings.sync_user_settings', 'schedu..., method='frappe.core.doctype.scheduled_job_type.scheduled_job_type.run_scheduled_jo..., site='erpnext.localhost', user='Administrator') (erpnext.localhost||scheduled_job||s605plhvkj)
2025-04-23 09:08:14,863 Successfully completed frappe.utils.background_jobs.execute_job(event=None, is_async=True, job_name='frappe.core.doctype.scheduled_job_type.scheduled_job_type.run_scheduled_jo..., kwargs={'job_type': 'frappe.model.utils.user_settings.sync_user_settings', 'schedu..., method='frappe.core.doctype.scheduled_job_type.scheduled_job_type.run_scheduled_jo..., site='erpnext.localhost', user='Administrator') job in 0:00:00.247468s on worker 788fcd017c71498f9ef65546fcf28348
2025-04-23 09:08:14,863 home-rohy-evalaivr-evaluation:default: Job OK (erpnext.localhost||scheduled_job||s605plhvkj)
2025-04-23 09:08:14,864 Result is kept for 600 seconds
2025-04-23 09:08:14,879 home-rohy-evalaivr-evaluation:default: frappe.utils.background_jobs.execute_job(event=None, is_async=True, job_name='frappe.core.doctype.scheduled_job_type.scheduled_job_type.run_scheduled_jo..., kwargs={'job_type': 'frappe.automation.doctype.reminder.reminder.send_reminders', ..., method='frappe.core.doctype.scheduled_job_type.scheduled_job_type.run_scheduled_jo..., site='erpnext.localhost', user='Administrator') (erpnext.localhost||scheduled_job||s60860egc9)
2025-04-23 09:08:15,117 Successfully completed frappe.utils.background_jobs.execute_job(event=None, is_async=True, job_name='frappe.core.doctype.scheduled_job_type.scheduled_job_type.run_scheduled_jo..., kwargs={'job_type': 'frappe.automation.doctype.reminder.reminder.send_reminders', ..., method='frappe.core.doctype.scheduled_job_type.scheduled_job_type.run_scheduled_jo..., site='erpnext.localhost', user='Administrator') job in 0:00:00.213401s on worker 788fcd017c71498f9ef65546fcf28348
2025-04-23 09:08:15,118 home-rohy-evalaivr-evaluation:default: Job OK (erpnext.localhost||scheduled_job||s60860egc9)
2025-04-23 09:08:15,118 Result is kept for 600 seconds
2025-04-23 09:08:15,129 home-rohy-evalaivr-evaluation:default: frappe.utils.background_jobs.execute_job(event=None, is_async=True, job_name='frappe.core.doctype.scheduled_job_type.scheduled_job_type.run_scheduled_jo..., kwargs={'job_type': 'frappe.website.doctype.personal_data_deletion_request.persona..., method='frappe.core.doctype.scheduled_job_type.scheduled_job_type.run_scheduled_jo..., site='erpnext.localhost', user='Administrator') (erpnext.localhost||scheduled_job||s60gv7ka84)
2025-04-23 09:08:15,414 Successfully completed frappe.utils.background_jobs.execute_job(event=None, is_async=True, job_name='frappe.core.doctype.scheduled_job_type.scheduled_job_type.run_scheduled_jo..., kwargs={'job_type': 'frappe.website.doctype.personal_data_deletion_request.persona..., method='frappe.core.doctype.scheduled_job_type.scheduled_job_type.run_scheduled_jo..., site='erpnext.localhost', user='Administrator') job in 0:00:00.272067s on worker 788fcd017c71498f9ef65546fcf28348
2025-04-23 09:08:15,414 home-rohy-evalaivr-evaluation:default: Job OK (erpnext.localhost||scheduled_job||s60gv7ka84)
2025-04-23 09:08:15,414 Result is kept for 600 seconds
2025-04-23 09:08:15,425 home-rohy-evalaivr-evaluation:long: frappe.utils.background_jobs.execute_job(event=None, is_async=True, job_name='frappe.core.doctype.scheduled_job_type.scheduled_job_type.run_scheduled_jo..., kwargs={'job_type': 'erpnext.stock.doctype.repost_item_valuation.repost_item_valua..., method='frappe.core.doctype.scheduled_job_type.scheduled_job_type.run_scheduled_jo..., site='erpnext.localhost', user='Administrator') (erpnext.localhost||scheduled_job||tgvgbvpl46)
2025-04-23 09:08:15,761 Successfully completed frappe.utils.background_jobs.execute_job(event=None, is_async=True, job_name='frappe.core.doctype.scheduled_job_type.scheduled_job_type.run_scheduled_jo..., kwargs={'job_type': 'erpnext.stock.doctype.repost_item_valuation.repost_item_valua..., method='frappe.core.doctype.scheduled_job_type.scheduled_job_type.run_scheduled_jo..., site='erpnext.localhost', user='Administrator') job in 0:00:00.323976s on worker 788fcd017c71498f9ef65546fcf28348
2025-04-23 09:08:15,761 home-rohy-evalaivr-evaluation:long: Job OK (erpnext.localhost||scheduled_job||tgvgbvpl46)
2025-04-23 09:08:15,761 Result is kept for 600 seconds
2025-04-23 09:12:00,768 home-rohy-evalaivr-evaluation:default: frappe.utils.background_jobs.execute_job(event=None, is_async=True, job_name='frappe.core.doctype.scheduled_job_type.scheduled_job_type.run_scheduled_jo..., kwargs={'job_type': 'frappe.email.queue.flush', 'scheduled_job_type': 's60b9alidp'..., method='frappe.core.doctype.scheduled_job_type.scheduled_job_type.run_scheduled_jo..., site='erpnext.localhost', user='Administrator') (erpnext.localhost||scheduled_job||s60b9alidp)
2025-04-23 09:12:01,405 Successfully completed frappe.utils.background_jobs.execute_job(event=None, is_async=True, job_name='frappe.core.doctype.scheduled_job_type.scheduled_job_type.run_scheduled_jo..., kwargs={'job_type': 'frappe.email.queue.flush', 'scheduled_job_type': 's60b9alidp'..., method='frappe.core.doctype.scheduled_job_type.scheduled_job_type.run_scheduled_jo..., site='erpnext.localhost', user='Administrator') job in 0:00:00.568364s on worker 788fcd017c71498f9ef65546fcf28348
2025-04-23 09:12:01,405 home-rohy-evalaivr-evaluation:default: Job OK (erpnext.localhost||scheduled_job||s60b9alidp)
2025-04-23 09:12:01,405 Result is kept for 600 seconds
2025-04-23 09:12:01,414 home-rohy-evalaivr-evaluation:default: frappe.utils.background_jobs.execute_job(event=None, is_async=True, job_name='frappe.core.doctype.scheduled_job_type.scheduled_job_type.run_scheduled_jo..., kwargs={'job_type': 'frappe.monitor.flush', 'scheduled_job_type': 's60ssvifus'}, method='frappe.core.doctype.scheduled_job_type.scheduled_job_type.run_scheduled_jo..., site='erpnext.localhost', user='Administrator') (erpnext.localhost||scheduled_job||s60ssvifus)
2025-04-23 09:12:01,529 Successfully completed frappe.utils.background_jobs.execute_job(event=None, is_async=True, job_name='frappe.core.doctype.scheduled_job_type.scheduled_job_type.run_scheduled_jo..., kwargs={'job_type': 'frappe.monitor.flush', 'scheduled_job_type': 's60ssvifus'}, method='frappe.core.doctype.scheduled_job_type.scheduled_job_type.run_scheduled_jo..., site='erpnext.localhost', user='Administrator') job in 0:00:00.106759s on worker 788fcd017c71498f9ef65546fcf28348
2025-04-23 09:12:01,530 home-rohy-evalaivr-evaluation:default: Job OK (erpnext.localhost||scheduled_job||s60ssvifus)
2025-04-23 09:12:01,530 Result is kept for 600 seconds
2025-04-23 09:12:01,536 home-rohy-evalaivr-evaluation:default: frappe.utils.background_jobs.execute_job(event=None, is_async=True, job_name='frappe.core.doctype.scheduled_job_type.scheduled_job_type.run_scheduled_jo..., kwargs={'job_type': 'frappe.email.doctype.email_account.email_account.pull', 'sche..., method='frappe.core.doctype.scheduled_job_type.scheduled_job_type.run_scheduled_jo..., site='erpnext.localhost', user='Administrator') (erpnext.localhost||scheduled_job||s60v5h24ke)
2025-04-23 09:12:01,696 Successfully completed frappe.utils.background_jobs.execute_job(event=None, is_async=True, job_name='frappe.core.doctype.scheduled_job_type.scheduled_job_type.run_scheduled_jo..., kwargs={'job_type': 'frappe.email.doctype.email_account.email_account.pull', 'sche..., method='frappe.core.doctype.scheduled_job_type.scheduled_job_type.run_scheduled_jo..., site='erpnext.localhost', user='Administrator') job in 0:00:00.154612s on worker 788fcd017c71498f9ef65546fcf28348
2025-04-23 09:12:01,696 home-rohy-evalaivr-evaluation:default: Job OK (erpnext.localhost||scheduled_job||s60v5h24ke)
2025-04-23 09:12:01,696 Result is kept for 600 seconds
2025-04-23 09:12:01,702 home-rohy-evalaivr-evaluation:default: frappe.utils.background_jobs.execute_job(event=None, is_async=True, job_name='frappe.core.doctype.scheduled_job_type.scheduled_job_type.run_scheduled_jo..., kwargs={'job_type': 'frappe.email.doctype.notification.notification.trigger_offset..., method='frappe.core.doctype.scheduled_job_type.scheduled_job_type.run_scheduled_jo..., site='erpnext.localhost', user='Administrator') (erpnext.localhost||scheduled_job||s603rpotun)
2025-04-23 09:12:01,863 Successfully completed frappe.utils.background_jobs.execute_job(event=None, is_async=True, job_name='frappe.core.doctype.scheduled_job_type.scheduled_job_type.run_scheduled_jo..., kwargs={'job_type': 'frappe.email.doctype.notification.notification.trigger_offset..., method='frappe.core.doctype.scheduled_job_type.scheduled_job_type.run_scheduled_jo..., site='erpnext.localhost', user='Administrator') job in 0:00:00.154117s on worker 788fcd017c71498f9ef65546fcf28348
2025-04-23 09:12:01,863 home-rohy-evalaivr-evaluation:default: Job OK (erpnext.localhost||scheduled_job||s603rpotun)
2025-04-23 09:12:01,863 Result is kept for 600 seconds
2025-04-23 09:12:01,869 home-rohy-evalaivr-evaluation:default: frappe.utils.background_jobs.execute_job(event=None, is_async=True, job_name='frappe.core.doctype.scheduled_job_type.scheduled_job_type.run_scheduled_jo..., kwargs={'job_type': 'frappe.integrations.doctype.google_calendar.google_calendar.s..., method='frappe.core.doctype.scheduled_job_type.scheduled_job_type.run_scheduled_jo..., site='erpnext.localhost', user='Administrator') (erpnext.localhost||scheduled_job||s60e2kq4sq)
2025-04-23 09:12:02,232 Successfully completed frappe.utils.background_jobs.execute_job(event=None, is_async=True, job_name='frappe.core.doctype.scheduled_job_type.scheduled_job_type.run_scheduled_jo..., kwargs={'job_type': 'frappe.integrations.doctype.google_calendar.google_calendar.s..., method='frappe.core.doctype.scheduled_job_type.scheduled_job_type.run_scheduled_jo..., site='erpnext.localhost', user='Administrator') job in 0:00:00.356554s on worker 788fcd017c71498f9ef65546fcf28348
2025-04-23 09:12:02,232 home-rohy-evalaivr-evaluation:default: Job OK (erpnext.localhost||scheduled_job||s60e2kq4sq)
2025-04-23 09:12:02,232 Result is kept for 600 seconds
2025-04-23 09:12:02,238 home-rohy-evalaivr-evaluation:long: frappe.utils.background_jobs.execute_job(event=None, is_async=True, job_name='frappe.core.doctype.scheduled_job_type.scheduled_job_type.run_scheduled_jo..., kwargs={'job_type': 'erpnext.utilities.bulk_transaction.retry', 'scheduled_job_typ..., method='frappe.core.doctype.scheduled_job_type.scheduled_job_type.run_scheduled_jo..., site='erpnext.localhost', user='Administrator') (erpnext.localhost||scheduled_job||tgv8dg7hqb)
2025-04-23 09:12:02,402 Successfully completed frappe.utils.background_jobs.execute_job(event=None, is_async=True, job_name='frappe.core.doctype.scheduled_job_type.scheduled_job_type.run_scheduled_jo..., kwargs={'job_type': 'erpnext.utilities.bulk_transaction.retry', 'scheduled_job_typ..., method='frappe.core.doctype.scheduled_job_type.scheduled_job_type.run_scheduled_jo..., site='erpnext.localhost', user='Administrator') job in 0:00:00.157723s on worker 788fcd017c71498f9ef65546fcf28348
2025-04-23 09:12:02,402 home-rohy-evalaivr-evaluation:long: Job OK (erpnext.localhost||scheduled_job||tgv8dg7hqb)
2025-04-23 09:12:02,402 Result is kept for 600 seconds
2025-04-23 09:16:00,741 home-rohy-evalaivr-evaluation:default: frappe.utils.background_jobs.execute_job(event=None, is_async=True, job_name='frappe.core.doctype.scheduled_job_type.scheduled_job_type.run_scheduled_jo..., kwargs={'job_type': 'erpnext.manufacturing.doctype.bom_update_log.bom_update_log.r..., method='frappe.core.doctype.scheduled_job_type.scheduled_job_type.run_scheduled_jo..., site='erpnext.localhost', user='Administrator') (erpnext.localhost||scheduled_job||tgsg535gbe)
2025-04-23 09:16:01,096 Successfully completed frappe.utils.background_jobs.execute_job(event=None, is_async=True, job_name='frappe.core.doctype.scheduled_job_type.scheduled_job_type.run_scheduled_jo..., kwargs={'job_type': 'erpnext.manufacturing.doctype.bom_update_log.bom_update_log.r..., method='frappe.core.doctype.scheduled_job_type.scheduled_job_type.run_scheduled_jo..., site='erpnext.localhost', user='Administrator') job in 0:00:00.317546s on worker 788fcd017c71498f9ef65546fcf28348
2025-04-23 09:16:01,096 home-rohy-evalaivr-evaluation:default: Job OK (erpnext.localhost||scheduled_job||tgsg535gbe)
2025-04-23 09:16:01,096 Result is kept for 600 seconds
2025-04-23 09:16:01,106 Cleaning registries for queue: home-rohy-evalaivr-evaluation:short
2025-04-23 09:16:01,111 Cleaning registries for queue: home-rohy-evalaivr-evaluation:default
2025-04-23 09:16:01,112 Cleaning registries for queue: home-rohy-evalaivr-evaluation:long
2025-04-23 09:16:01,116 home-rohy-evalaivr-evaluation:default: frappe.utils.background_jobs.execute_job(event=None, is_async=True, job_name='frappe.core.doctype.scheduled_job_type.scheduled_job_type.run_scheduled_jo..., kwargs={'job_type': 'frappe.oauth.delete_oauth2_data', 'scheduled_job_type': 's607..., method='frappe.core.doctype.scheduled_job_type.scheduled_job_type.run_scheduled_jo..., site='erpnext.localhost', user='Administrator') (erpnext.localhost||scheduled_job||s607u2ss9g)
2025-04-23 09:16:01,288 Successfully completed frappe.utils.background_jobs.execute_job(event=None, is_async=True, job_name='frappe.core.doctype.scheduled_job_type.scheduled_job_type.run_scheduled_jo..., kwargs={'job_type': 'frappe.oauth.delete_oauth2_data', 'scheduled_job_type': 's607..., method='frappe.core.doctype.scheduled_job_type.scheduled_job_type.run_scheduled_jo..., site='erpnext.localhost', user='Administrator') job in 0:00:00.166276s on worker 788fcd017c71498f9ef65546fcf28348
2025-04-23 09:16:01,288 home-rohy-evalaivr-evaluation:default: Job OK (erpnext.localhost||scheduled_job||s607u2ss9g)
2025-04-23 09:16:01,288 Result is kept for 600 seconds
2025-04-23 09:16:01,294 home-rohy-evalaivr-evaluation:default: frappe.utils.background_jobs.execute_job(event=None, is_async=True, job_name='frappe.core.doctype.scheduled_job_type.scheduled_job_type.run_scheduled_jo..., kwargs={'job_type': 'frappe.integrations.doctype.google_calendar.google_calendar.s..., method='frappe.core.doctype.scheduled_job_type.scheduled_job_type.run_scheduled_jo..., site='erpnext.localhost', user='Administrator') (erpnext.localhost||scheduled_job||s60e2kq4sq)
2025-04-23 09:16:01,618 Successfully completed frappe.utils.background_jobs.execute_job(event=None, is_async=True, job_name='frappe.core.doctype.scheduled_job_type.scheduled_job_type.run_scheduled_jo..., kwargs={'job_type': 'frappe.integrations.doctype.google_calendar.google_calendar.s..., method='frappe.core.doctype.scheduled_job_type.scheduled_job_type.run_scheduled_jo..., site='erpnext.localhost', user='Administrator') job in 0:00:00.317579s on worker 788fcd017c71498f9ef65546fcf28348
2025-04-23 09:16:01,618 home-rohy-evalaivr-evaluation:default: Job OK (erpnext.localhost||scheduled_job||s60e2kq4sq)
2025-04-23 09:16:01,618 Result is kept for 600 seconds
2025-04-23 09:16:01,626 home-rohy-evalaivr-evaluation:default: frappe.utils.background_jobs.execute_job(event=None, is_async=True, job_name='frappe.core.doctype.scheduled_job_type.scheduled_job_type.run_scheduled_jo..., kwargs={'job_type': 'frappe.email.doctype.email_account.email_account.notify_unrep..., method='frappe.core.doctype.scheduled_job_type.scheduled_job_type.run_scheduled_jo..., site='erpnext.localhost', user='Administrator') (erpnext.localhost||scheduled_job||s60tvhcbpc)
2025-04-23 09:16:01,814 Successfully completed frappe.utils.background_jobs.execute_job(event=None, is_async=True, job_name='frappe.core.doctype.scheduled_job_type.scheduled_job_type.run_scheduled_jo..., kwargs={'job_type': 'frappe.email.doctype.email_account.email_account.notify_unrep..., method='frappe.core.doctype.scheduled_job_type.scheduled_job_type.run_scheduled_jo..., site='erpnext.localhost', user='Administrator') job in 0:00:00.181928s on worker 788fcd017c71498f9ef65546fcf28348
2025-04-23 09:16:01,814 home-rohy-evalaivr-evaluation:default: Job OK (erpnext.localhost||scheduled_job||s60tvhcbpc)
2025-04-23 09:16:01,814 Result is kept for 600 seconds
2025-04-23 09:16:01,820 home-rohy-evalaivr-evaluation:default: frappe.utils.background_jobs.execute_job(event=None, is_async=True, job_name='frappe.core.doctype.scheduled_job_type.scheduled_job_type.run_scheduled_jo..., kwargs={'job_type': 'frappe.email.doctype.notification.notification.trigger_offset..., method='frappe.core.doctype.scheduled_job_type.scheduled_job_type.run_scheduled_jo..., site='erpnext.localhost', user='Administrator') (erpnext.localhost||scheduled_job||s603rpotun)
2025-04-23 09:16:01,950 Successfully completed frappe.utils.background_jobs.execute_job(event=None, is_async=True, job_name='frappe.core.doctype.scheduled_job_type.scheduled_job_type.run_scheduled_jo..., kwargs={'job_type': 'frappe.email.doctype.notification.notification.trigger_offset..., method='frappe.core.doctype.scheduled_job_type.scheduled_job_type.run_scheduled_jo..., site='erpnext.localhost', user='Administrator') job in 0:00:00.124998s on worker 788fcd017c71498f9ef65546fcf28348
2025-04-23 09:16:01,950 home-rohy-evalaivr-evaluation:default: Job OK (erpnext.localhost||scheduled_job||s603rpotun)
2025-04-23 09:16:01,951 Result is kept for 600 seconds
2025-04-23 09:16:01,960 home-rohy-evalaivr-evaluation:default: frappe.utils.background_jobs.execute_job(event=None, is_async=True, job_name='frappe.core.doctype.scheduled_job_type.scheduled_job_type.run_scheduled_jo..., kwargs={'job_type': 'frappe.website.doctype.web_page.web_page.check_publish_status..., method='frappe.core.doctype.scheduled_job_type.scheduled_job_type.run_scheduled_jo..., site='erpnext.localhost', user='Administrator') (erpnext.localhost||scheduled_job||s609qc5grc)
2025-04-23 09:16:02,193 Successfully completed frappe.utils.background_jobs.execute_job(event=None, is_async=True, job_name='frappe.core.doctype.scheduled_job_type.scheduled_job_type.run_scheduled_jo..., kwargs={'job_type': 'frappe.website.doctype.web_page.web_page.check_publish_status..., method='frappe.core.doctype.scheduled_job_type.scheduled_job_type.run_scheduled_jo..., site='erpnext.localhost', user='Administrator') job in 0:00:00.226458s on worker 788fcd017c71498f9ef65546fcf28348
2025-04-23 09:16:02,193 home-rohy-evalaivr-evaluation:default: Job OK (erpnext.localhost||scheduled_job||s609qc5grc)
2025-04-23 09:16:02,193 Result is kept for 600 seconds
2025-04-23 09:16:02,201 home-rohy-evalaivr-evaluation:default: frappe.utils.background_jobs.execute_job(event=None, is_async=True, job_name='frappe.core.doctype.scheduled_job_type.scheduled_job_type.run_scheduled_jo..., kwargs={'job_type': 'frappe.utils.global_search.sync_global_search', 'scheduled_jo..., method='frappe.core.doctype.scheduled_job_type.scheduled_job_type.run_scheduled_jo..., site='erpnext.localhost', user='Administrator') (erpnext.localhost||scheduled_job||s6091q3nn9)
2025-04-23 09:16:02,331 Successfully completed frappe.utils.background_jobs.execute_job(event=None, is_async=True, job_name='frappe.core.doctype.scheduled_job_type.scheduled_job_type.run_scheduled_jo..., kwargs={'job_type': 'frappe.utils.global_search.sync_global_search', 'scheduled_jo..., method='frappe.core.doctype.scheduled_job_type.scheduled_job_type.run_scheduled_jo..., site='erpnext.localhost', user='Administrator') job in 0:00:00.124496s on worker 788fcd017c71498f9ef65546fcf28348
2025-04-23 09:16:02,332 home-rohy-evalaivr-evaluation:default: Job OK (erpnext.localhost||scheduled_job||s6091q3nn9)
2025-04-23 09:16:02,332 Result is kept for 600 seconds
2025-04-23 09:16:02,337 home-rohy-evalaivr-evaluation:default: frappe.utils.background_jobs.execute_job(event=None, is_async=True, job_name='frappe.core.doctype.scheduled_job_type.scheduled_job_type.run_scheduled_jo..., kwargs={'job_type': 'frappe.twofactor.delete_all_barcodes_for_users', 'scheduled_j..., method='frappe.core.doctype.scheduled_job_type.scheduled_job_type.run_scheduled_jo..., site='erpnext.localhost', user='Administrator') (erpnext.localhost||scheduled_job||s606f3j3k3)
2025-04-23 09:16:02,479 Successfully completed frappe.utils.background_jobs.execute_job(event=None, is_async=True, job_name='frappe.core.doctype.scheduled_job_type.scheduled_job_type.run_scheduled_jo..., kwargs={'job_type': 'frappe.twofactor.delete_all_barcodes_for_users', 'scheduled_j..., method='frappe.core.doctype.scheduled_job_type.scheduled_job_type.run_scheduled_jo..., site='erpnext.localhost', user='Administrator') job in 0:00:00.135602s on worker 788fcd017c71498f9ef65546fcf28348
2025-04-23 09:16:02,479 home-rohy-evalaivr-evaluation:default: Job OK (erpnext.localhost||scheduled_job||s606f3j3k3)
2025-04-23 09:16:02,479 Result is kept for 600 seconds
2025-04-23 09:16:02,485 home-rohy-evalaivr-evaluation:default: frappe.utils.background_jobs.execute_job(event=None, is_async=True, job_name='frappe.core.doctype.scheduled_job_type.scheduled_job_type.run_scheduled_jo..., kwargs={'job_type': 'frappe.email.queue.flush', 'scheduled_job_type': 's60b9alidp'..., method='frappe.core.doctype.scheduled_job_type.scheduled_job_type.run_scheduled_jo..., site='erpnext.localhost', user='Administrator') (erpnext.localhost||scheduled_job||s60b9alidp)
2025-04-23 09:16:02,710 Successfully completed frappe.utils.background_jobs.execute_job(event=None, is_async=True, job_name='frappe.core.doctype.scheduled_job_type.scheduled_job_type.run_scheduled_jo..., kwargs={'job_type': 'frappe.email.queue.flush', 'scheduled_job_type': 's60b9alidp'..., method='frappe.core.doctype.scheduled_job_type.scheduled_job_type.run_scheduled_jo..., site='erpnext.localhost', user='Administrator') job in 0:00:00.218701s on worker 788fcd017c71498f9ef65546fcf28348
2025-04-23 09:16:02,710 home-rohy-evalaivr-evaluation:default: Job OK (erpnext.localhost||scheduled_job||s60b9alidp)
2025-04-23 09:16:02,710 Result is kept for 600 seconds
2025-04-23 09:16:02,716 home-rohy-evalaivr-evaluation:default: frappe.utils.background_jobs.execute_job(event=None, is_async=True, job_name='frappe.core.doctype.scheduled_job_type.scheduled_job_type.run_scheduled_jo..., kwargs={'job_type': 'frappe.monitor.flush', 'scheduled_job_type': 's60ssvifus'}, method='frappe.core.doctype.scheduled_job_type.scheduled_job_type.run_scheduled_jo..., site='erpnext.localhost', user='Administrator') (erpnext.localhost||scheduled_job||s60ssvifus)
2025-04-23 09:16:02,852 Successfully completed frappe.utils.background_jobs.execute_job(event=None, is_async=True, job_name='frappe.core.doctype.scheduled_job_type.scheduled_job_type.run_scheduled_jo..., kwargs={'job_type': 'frappe.monitor.flush', 'scheduled_job_type': 's60ssvifus'}, method='frappe.core.doctype.scheduled_job_type.scheduled_job_type.run_scheduled_jo..., site='erpnext.localhost', user='Administrator') job in 0:00:00.129642s on worker 788fcd017c71498f9ef65546fcf28348
2025-04-23 09:16:02,852 home-rohy-evalaivr-evaluation:default: Job OK (erpnext.localhost||scheduled_job||s60ssvifus)
2025-04-23 09:16:02,852 Result is kept for 600 seconds
2025-04-23 09:16:02,858 home-rohy-evalaivr-evaluation:default: frappe.utils.background_jobs.execute_job(event=None, is_async=True, job_name='frappe.core.doctype.scheduled_job_type.scheduled_job_type.run_scheduled_jo..., kwargs={'job_type': 'frappe.deferred_insert.save_to_db', 'scheduled_job_type': 's6..., method='frappe.core.doctype.scheduled_job_type.scheduled_job_type.run_scheduled_jo..., site='erpnext.localhost', user='Administrator') (erpnext.localhost||scheduled_job||s6065rp0ec)
2025-04-23 09:16:02,958 Successfully completed frappe.utils.background_jobs.execute_job(event=None, is_async=True, job_name='frappe.core.doctype.scheduled_job_type.scheduled_job_type.run_scheduled_jo..., kwargs={'job_type': 'frappe.deferred_insert.save_to_db', 'scheduled_job_type': 's6..., method='frappe.core.doctype.scheduled_job_type.scheduled_job_type.run_scheduled_jo..., site='erpnext.localhost', user='Administrator') job in 0:00:00.093389s on worker 788fcd017c71498f9ef65546fcf28348
2025-04-23 09:16:02,958 home-rohy-evalaivr-evaluation:default: Job OK (erpnext.localhost||scheduled_job||s6065rp0ec)
2025-04-23 09:16:02,958 Result is kept for 600 seconds
2025-04-23 09:16:02,965 home-rohy-evalaivr-evaluation:default: frappe.utils.background_jobs.execute_job(event=None, is_async=True, job_name='frappe.core.doctype.scheduled_job_type.scheduled_job_type.run_scheduled_jo..., kwargs={'job_type': 'frappe.automation.doctype.reminder.reminder.send_reminders', ..., method='frappe.core.doctype.scheduled_job_type.scheduled_job_type.run_scheduled_jo..., site='erpnext.localhost', user='Administrator') (erpnext.localhost||scheduled_job||s60860egc9)
2025-04-23 09:16:03,111 Successfully completed frappe.utils.background_jobs.execute_job(event=None, is_async=True, job_name='frappe.core.doctype.scheduled_job_type.scheduled_job_type.run_scheduled_jo..., kwargs={'job_type': 'frappe.automation.doctype.reminder.reminder.send_reminders', ..., method='frappe.core.doctype.scheduled_job_type.scheduled_job_type.run_scheduled_jo..., site='erpnext.localhost', user='Administrator') job in 0:00:00.139407s on worker 788fcd017c71498f9ef65546fcf28348
2025-04-23 09:16:03,111 home-rohy-evalaivr-evaluation:default: Job OK (erpnext.localhost||scheduled_job||s60860egc9)
2025-04-23 09:16:03,111 Result is kept for 600 seconds
2025-04-23 09:20:00,680 home-rohy-evalaivr-evaluation:default: frappe.utils.background_jobs.execute_job(event=None, is_async=True, job_name='frappe.core.doctype.scheduled_job_type.scheduled_job_type.run_scheduled_jo..., kwargs={'job_type': 'frappe.email.queue.flush', 'scheduled_job_type': 's60b9alidp'..., method='frappe.core.doctype.scheduled_job_type.scheduled_job_type.run_scheduled_jo..., site='erpnext.localhost', user='Administrator') (erpnext.localhost||scheduled_job||s60b9alidp)
2025-04-23 09:20:00,889 Successfully completed frappe.utils.background_jobs.execute_job(event=None, is_async=True, job_name='frappe.core.doctype.scheduled_job_type.scheduled_job_type.run_scheduled_jo..., kwargs={'job_type': 'frappe.email.queue.flush', 'scheduled_job_type': 's60b9alidp'..., method='frappe.core.doctype.scheduled_job_type.scheduled_job_type.run_scheduled_jo..., site='erpnext.localhost', user='Administrator') job in 0:00:00.201769s on worker 788fcd017c71498f9ef65546fcf28348
2025-04-23 09:20:00,889 home-rohy-evalaivr-evaluation:default: Job OK (erpnext.localhost||scheduled_job||s60b9alidp)
2025-04-23 09:20:00,889 Result is kept for 600 seconds
2025-04-23 09:20:00,895 home-rohy-evalaivr-evaluation:default: frappe.utils.background_jobs.execute_job(event=None, is_async=True, job_name='frappe.core.doctype.scheduled_job_type.scheduled_job_type.run_scheduled_jo..., kwargs={'job_type': 'frappe.email.doctype.email_account.email_account.pull', 'sche..., method='frappe.core.doctype.scheduled_job_type.scheduled_job_type.run_scheduled_jo..., site='erpnext.localhost', user='Administrator') (erpnext.localhost||scheduled_job||s60v5h24ke)
2025-04-23 09:20:01,044 Successfully completed frappe.utils.background_jobs.execute_job(event=None, is_async=True, job_name='frappe.core.doctype.scheduled_job_type.scheduled_job_type.run_scheduled_jo..., kwargs={'job_type': 'frappe.email.doctype.email_account.email_account.pull', 'sche..., method='frappe.core.doctype.scheduled_job_type.scheduled_job_type.run_scheduled_jo..., site='erpnext.localhost', user='Administrator') job in 0:00:00.141144s on worker 788fcd017c71498f9ef65546fcf28348
2025-04-23 09:20:01,044 home-rohy-evalaivr-evaluation:default: Job OK (erpnext.localhost||scheduled_job||s60v5h24ke)
2025-04-23 09:20:01,044 Result is kept for 600 seconds
2025-04-23 09:20:01,051 home-rohy-evalaivr-evaluation:default: frappe.utils.background_jobs.execute_job(event=None, is_async=True, job_name='frappe.core.doctype.scheduled_job_type.scheduled_job_type.run_scheduled_jo..., kwargs={'job_type': 'frappe.integrations.doctype.google_calendar.google_calendar.s..., method='frappe.core.doctype.scheduled_job_type.scheduled_job_type.run_scheduled_jo..., site='erpnext.localhost', user='Administrator') (erpnext.localhost||scheduled_job||s60e2kq4sq)
2025-04-23 09:20:01,359 Successfully completed frappe.utils.background_jobs.execute_job(event=None, is_async=True, job_name='frappe.core.doctype.scheduled_job_type.scheduled_job_type.run_scheduled_jo..., kwargs={'job_type': 'frappe.integrations.doctype.google_calendar.google_calendar.s..., method='frappe.core.doctype.scheduled_job_type.scheduled_job_type.run_scheduled_jo..., site='erpnext.localhost', user='Administrator') job in 0:00:00.300801s on worker 788fcd017c71498f9ef65546fcf28348
2025-04-23 09:20:01,359 home-rohy-evalaivr-evaluation:default: Job OK (erpnext.localhost||scheduled_job||s60e2kq4sq)
2025-04-23 09:20:01,359 Result is kept for 600 seconds
2025-04-23 09:20:01,366 home-rohy-evalaivr-evaluation:default: frappe.utils.background_jobs.execute_job(event=None, is_async=True, job_name='frappe.core.doctype.scheduled_job_type.scheduled_job_type.run_scheduled_jo..., kwargs={'job_type': 'frappe.email.doctype.notification.notification.trigger_offset..., method='frappe.core.doctype.scheduled_job_type.scheduled_job_type.run_scheduled_jo..., site='erpnext.localhost', user='Administrator') (erpnext.localhost||scheduled_job||s603rpotun)
2025-04-23 09:20:01,496 Successfully completed frappe.utils.background_jobs.execute_job(event=None, is_async=True, job_name='frappe.core.doctype.scheduled_job_type.scheduled_job_type.run_scheduled_jo..., kwargs={'job_type': 'frappe.email.doctype.notification.notification.trigger_offset..., method='frappe.core.doctype.scheduled_job_type.scheduled_job_type.run_scheduled_jo..., site='erpnext.localhost', user='Administrator') job in 0:00:00.123411s on worker 788fcd017c71498f9ef65546fcf28348
2025-04-23 09:20:01,497 home-rohy-evalaivr-evaluation:default: Job OK (erpnext.localhost||scheduled_job||s603rpotun)
2025-04-23 09:20:01,497 Result is kept for 600 seconds
2025-04-23 09:20:01,502 home-rohy-evalaivr-evaluation:default: frappe.utils.background_jobs.execute_job(event=None, is_async=True, job_name='frappe.core.doctype.scheduled_job_type.scheduled_job_type.run_scheduled_jo..., kwargs={'job_type': 'frappe.monitor.flush', 'scheduled_job_type': 's60ssvifus'}, method='frappe.core.doctype.scheduled_job_type.scheduled_job_type.run_scheduled_jo..., site='erpnext.localhost', user='Administrator') (erpnext.localhost||scheduled_job||s60ssvifus)
2025-04-23 09:20:01,620 Successfully completed frappe.utils.background_jobs.execute_job(event=None, is_async=True, job_name='frappe.core.doctype.scheduled_job_type.scheduled_job_type.run_scheduled_jo..., kwargs={'job_type': 'frappe.monitor.flush', 'scheduled_job_type': 's60ssvifus'}, method='frappe.core.doctype.scheduled_job_type.scheduled_job_type.run_scheduled_jo..., site='erpnext.localhost', user='Administrator') job in 0:00:00.112865s on worker 788fcd017c71498f9ef65546fcf28348
2025-04-23 09:20:01,620 home-rohy-evalaivr-evaluation:default: Job OK (erpnext.localhost||scheduled_job||s60ssvifus)
2025-04-23 09:20:01,620 Result is kept for 600 seconds
2025-04-23 09:24:00,575 home-rohy-evalaivr-evaluation:default: frappe.utils.background_jobs.execute_job(event=None, is_async=True, job_name='frappe.core.doctype.scheduled_job_type.scheduled_job_type.run_scheduled_jo..., kwargs={'job_type': 'frappe.email.queue.flush', 'scheduled_job_type': 's60b9alidp'..., method='frappe.core.doctype.scheduled_job_type.scheduled_job_type.run_scheduled_jo..., site='erpnext.localhost', user='Administrator') (erpnext.localhost||scheduled_job||s60b9alidp)
2025-04-23 09:24:00,809 Successfully completed frappe.utils.background_jobs.execute_job(event=None, is_async=True, job_name='frappe.core.doctype.scheduled_job_type.scheduled_job_type.run_scheduled_jo..., kwargs={'job_type': 'frappe.email.queue.flush', 'scheduled_job_type': 's60b9alidp'..., method='frappe.core.doctype.scheduled_job_type.scheduled_job_type.run_scheduled_jo..., site='erpnext.localhost', user='Administrator') job in 0:00:00.226496s on worker 788fcd017c71498f9ef65546fcf28348
2025-04-23 09:24:00,809 home-rohy-evalaivr-evaluation:default: Job OK (erpnext.localhost||scheduled_job||s60b9alidp)
2025-04-23 09:24:00,809 Result is kept for 600 seconds
2025-04-23 09:24:00,817 home-rohy-evalaivr-evaluation:default: frappe.utils.background_jobs.execute_job(event=None, is_async=True, job_name='frappe.core.doctype.scheduled_job_type.scheduled_job_type.run_scheduled_jo..., kwargs={'job_type': 'frappe.monitor.flush', 'scheduled_job_type': 's60ssvifus'}, method='frappe.core.doctype.scheduled_job_type.scheduled_job_type.run_scheduled_jo..., site='erpnext.localhost', user='Administrator') (erpnext.localhost||scheduled_job||s60ssvifus)
2025-04-23 09:24:00,983 Successfully completed frappe.utils.background_jobs.execute_job(event=None, is_async=True, job_name='frappe.core.doctype.scheduled_job_type.scheduled_job_type.run_scheduled_jo..., kwargs={'job_type': 'frappe.monitor.flush', 'scheduled_job_type': 's60ssvifus'}, method='frappe.core.doctype.scheduled_job_type.scheduled_job_type.run_scheduled_jo..., site='erpnext.localhost', user='Administrator') job in 0:00:00.159913s on worker 788fcd017c71498f9ef65546fcf28348
2025-04-23 09:24:00,983 home-rohy-evalaivr-evaluation:default: Job OK (erpnext.localhost||scheduled_job||s60ssvifus)
2025-04-23 09:24:00,983 Result is kept for 600 seconds
2025-04-23 09:24:00,989 home-rohy-evalaivr-evaluation:default: frappe.utils.background_jobs.execute_job(event=None, is_async=True, job_name='frappe.core.doctype.scheduled_job_type.scheduled_job_type.run_scheduled_jo..., kwargs={'job_type': 'frappe.integrations.doctype.google_calendar.google_calendar.s..., method='frappe.core.doctype.scheduled_job_type.scheduled_job_type.run_scheduled_jo..., site='erpnext.localhost', user='Administrator') (erpnext.localhost||scheduled_job||s60e2kq4sq)
2025-04-23 09:24:01,302 Successfully completed frappe.utils.background_jobs.execute_job(event=None, is_async=True, job_name='frappe.core.doctype.scheduled_job_type.scheduled_job_type.run_scheduled_jo..., kwargs={'job_type': 'frappe.integrations.doctype.google_calendar.google_calendar.s..., method='frappe.core.doctype.scheduled_job_type.scheduled_job_type.run_scheduled_jo..., site='erpnext.localhost', user='Administrator') job in 0:00:00.306683s on worker 788fcd017c71498f9ef65546fcf28348
2025-04-23 09:24:01,302 home-rohy-evalaivr-evaluation:default: Job OK (erpnext.localhost||scheduled_job||s60e2kq4sq)
2025-04-23 09:24:01,302 Result is kept for 600 seconds
2025-04-23 09:24:54,528 home-rohy-evalaivr-evaluation:default: frappe.utils.background_jobs.execute_job(event=None, is_async=True, job_name='frappe.ping', kwargs={}, method='frappe.ping', site='erpnext.localhost', user='rohyrajoelina@gmail.com') (erpnext.localhost||802b758b-352a-492d-95e4-aaf50f6b87c3)
2025-04-23 09:24:54,551 Successfully completed frappe.utils.background_jobs.execute_job(event=None, is_async=True, job_name='frappe.ping', kwargs={}, method='frappe.ping', site='erpnext.localhost', user='rohyrajoelina@gmail.com') job in 0:00:00.014948s on worker 788fcd017c71498f9ef65546fcf28348
2025-04-23 09:24:54,551 home-rohy-evalaivr-evaluation:default: Job OK (erpnext.localhost||802b758b-352a-492d-95e4-aaf50f6b87c3)
2025-04-23 09:24:54,552 Result is kept for 600 seconds
2025-04-23 09:24:54,968 home-rohy-evalaivr-evaluation:default: frappe.utils.background_jobs.execute_job(event=None, is_async=True, job_name='frappe.ping', kwargs={}, method='frappe.ping', site='erpnext.localhost', user='rohyrajoelina@gmail.com') (erpnext.localhost||7d98ac6b-efd2-41ce-94fb-fee2b7866a24)
2025-04-23 09:24:54,991 Successfully completed frappe.utils.background_jobs.execute_job(event=None, is_async=True, job_name='frappe.ping', kwargs={}, method='frappe.ping', site='erpnext.localhost', user='rohyrajoelina@gmail.com') job in 0:00:00.016176s on worker 788fcd017c71498f9ef65546fcf28348
2025-04-23 09:24:54,991 home-rohy-evalaivr-evaluation:default: Job OK (erpnext.localhost||7d98ac6b-efd2-41ce-94fb-fee2b7866a24)
2025-04-23 09:24:54,991 Result is kept for 600 seconds
2025-04-23 09:24:54,997 home-rohy-evalaivr-evaluation:default: frappe.utils.background_jobs.execute_job(event=None, is_async=True, job_name='frappe.ping', kwargs={}, method='frappe.ping', site='erpnext.localhost', user='rohyrajoelina@gmail.com') (erpnext.localhost||090e4dd4-4953-4fd6-82e6-3b5059df34b2)
2025-04-23 09:24:55,031 Successfully completed frappe.utils.background_jobs.execute_job(event=None, is_async=True, job_name='frappe.ping', kwargs={}, method='frappe.ping', site='erpnext.localhost', user='rohyrajoelina@gmail.com') job in 0:00:00.018918s on worker 788fcd017c71498f9ef65546fcf28348
2025-04-23 09:24:55,031 home-rohy-evalaivr-evaluation:default: Job OK (erpnext.localhost||090e4dd4-4953-4fd6-82e6-3b5059df34b2)
2025-04-23 09:24:55,031 Result is kept for 600 seconds
2025-04-23 09:28:00,402 home-rohy-evalaivr-evaluation:default: frappe.utils.background_jobs.execute_job(event=None, is_async=True, job_name='frappe.core.doctype.scheduled_job_type.scheduled_job_type.run_scheduled_jo..., kwargs={'job_type': 'frappe.monitor.flush', 'scheduled_job_type': 's60ssvifus'}, method='frappe.core.doctype.scheduled_job_type.scheduled_job_type.run_scheduled_jo..., site='erpnext.localhost', user='Administrator') (erpnext.localhost||scheduled_job||s60ssvifus)
2025-04-23 09:28:00,540 Successfully completed frappe.utils.background_jobs.execute_job(event=None, is_async=True, job_name='frappe.core.doctype.scheduled_job_type.scheduled_job_type.run_scheduled_jo..., kwargs={'job_type': 'frappe.monitor.flush', 'scheduled_job_type': 's60ssvifus'}, method='frappe.core.doctype.scheduled_job_type.scheduled_job_type.run_scheduled_jo..., site='erpnext.localhost', user='Administrator') job in 0:00:00.131677s on worker 788fcd017c71498f9ef65546fcf28348
2025-04-23 09:28:00,541 home-rohy-evalaivr-evaluation:default: Job OK (erpnext.localhost||scheduled_job||s60ssvifus)
2025-04-23 09:28:00,541 Result is kept for 600 seconds
2025-04-23 09:28:00,546 Cleaning registries for queue: home-rohy-evalaivr-evaluation:short
2025-04-23 09:28:00,549 Cleaning registries for queue: home-rohy-evalaivr-evaluation:default
2025-04-23 09:28:00,550 Cleaning registries for queue: home-rohy-evalaivr-evaluation:long
2025-04-23 09:28:00,553 home-rohy-evalaivr-evaluation:default: frappe.utils.background_jobs.execute_job(event=None, is_async=True, job_name='frappe.core.doctype.scheduled_job_type.scheduled_job_type.run_scheduled_jo..., kwargs={'job_type': 'frappe.email.queue.flush', 'scheduled_job_type': 's60b9alidp'..., method='frappe.core.doctype.scheduled_job_type.scheduled_job_type.run_scheduled_jo..., site='erpnext.localhost', user='Administrator') (erpnext.localhost||scheduled_job||s60b9alidp)
2025-04-23 09:28:00,763 Successfully completed frappe.utils.background_jobs.execute_job(event=None, is_async=True, job_name='frappe.core.doctype.scheduled_job_type.scheduled_job_type.run_scheduled_jo..., kwargs={'job_type': 'frappe.email.queue.flush', 'scheduled_job_type': 's60b9alidp'..., method='frappe.core.doctype.scheduled_job_type.scheduled_job_type.run_scheduled_jo..., site='erpnext.localhost', user='Administrator') job in 0:00:00.204601s on worker 788fcd017c71498f9ef65546fcf28348
2025-04-23 09:28:00,764 home-rohy-evalaivr-evaluation:default: Job OK (erpnext.localhost||scheduled_job||s60b9alidp)
2025-04-23 09:28:00,764 Result is kept for 600 seconds
2025-04-23 09:28:00,772 home-rohy-evalaivr-evaluation:default: frappe.utils.background_jobs.execute_job(event=None, is_async=True, job_name='frappe.core.doctype.scheduled_job_type.scheduled_job_type.run_scheduled_jo..., kwargs={'job_type': 'frappe.email.doctype.notification.notification.trigger_offset..., method='frappe.core.doctype.scheduled_job_type.scheduled_job_type.run_scheduled_jo..., site='erpnext.localhost', user='Administrator') (erpnext.localhost||scheduled_job||s603rpotun)
2025-04-23 09:28:00,939 Successfully completed frappe.utils.background_jobs.execute_job(event=None, is_async=True, job_name='frappe.core.doctype.scheduled_job_type.scheduled_job_type.run_scheduled_jo..., kwargs={'job_type': 'frappe.email.doctype.notification.notification.trigger_offset..., method='frappe.core.doctype.scheduled_job_type.scheduled_job_type.run_scheduled_jo..., site='erpnext.localhost', user='Administrator') job in 0:00:00.159868s on worker 788fcd017c71498f9ef65546fcf28348
2025-04-23 09:28:00,940 home-rohy-evalaivr-evaluation:default: Job OK (erpnext.localhost||scheduled_job||s603rpotun)
2025-04-23 09:28:00,940 Result is kept for 600 seconds
2025-04-23 09:28:00,948 home-rohy-evalaivr-evaluation:default: frappe.utils.background_jobs.execute_job(event=None, is_async=True, job_name='frappe.core.doctype.scheduled_job_type.scheduled_job_type.run_scheduled_jo..., kwargs={'job_type': 'frappe.integrations.doctype.google_calendar.google_calendar.s..., method='frappe.core.doctype.scheduled_job_type.scheduled_job_type.run_scheduled_jo..., site='erpnext.localhost', user='Administrator') (erpnext.localhost||scheduled_job||s60e2kq4sq)
2025-04-23 09:28:01,268 Successfully completed frappe.utils.background_jobs.execute_job(event=None, is_async=True, job_name='frappe.core.doctype.scheduled_job_type.scheduled_job_type.run_scheduled_jo..., kwargs={'job_type': 'frappe.integrations.doctype.google_calendar.google_calendar.s..., method='frappe.core.doctype.scheduled_job_type.scheduled_job_type.run_scheduled_jo..., site='erpnext.localhost', user='Administrator') job in 0:00:00.311938s on worker 788fcd017c71498f9ef65546fcf28348
2025-04-23 09:28:01,268 home-rohy-evalaivr-evaluation:default: Job OK (erpnext.localhost||scheduled_job||s60e2kq4sq)
2025-04-23 09:28:01,269 Result is kept for 600 seconds
2025-04-23 09:32:00,348 home-rohy-evalaivr-evaluation:default: frappe.utils.background_jobs.execute_job(event=None, is_async=True, job_name='frappe.core.doctype.scheduled_job_type.scheduled_job_type.run_scheduled_jo..., kwargs={'job_type': 'frappe.monitor.flush', 'scheduled_job_type': 's60ssvifus'}, method='frappe.core.doctype.scheduled_job_type.scheduled_job_type.run_scheduled_jo..., site='erpnext.localhost', user='Administrator') (erpnext.localhost||scheduled_job||s60ssvifus)
2025-04-23 09:32:00,489 Successfully completed frappe.utils.background_jobs.execute_job(event=None, is_async=True, job_name='frappe.core.doctype.scheduled_job_type.scheduled_job_type.run_scheduled_jo..., kwargs={'job_type': 'frappe.monitor.flush', 'scheduled_job_type': 's60ssvifus'}, method='frappe.core.doctype.scheduled_job_type.scheduled_job_type.run_scheduled_jo..., site='erpnext.localhost', user='Administrator') job in 0:00:00.133990s on worker 788fcd017c71498f9ef65546fcf28348
2025-04-23 09:32:00,490 home-rohy-evalaivr-evaluation:default: Job OK (erpnext.localhost||scheduled_job||s60ssvifus)
2025-04-23 09:32:00,490 Result is kept for 600 seconds
2025-04-23 09:32:00,495 home-rohy-evalaivr-evaluation:default: frappe.utils.background_jobs.execute_job(event=None, is_async=True, job_name='frappe.core.doctype.scheduled_job_type.scheduled_job_type.run_scheduled_jo..., kwargs={'job_type': 'erpnext.accounts.doctype.gl_entry.gl_entry.rename_gle_sle_doc..., method='frappe.core.doctype.scheduled_job_type.scheduled_job_type.run_scheduled_jo..., site='erpnext.localhost', user='Administrator') (erpnext.localhost||scheduled_job||tgs1rnqh8d)
2025-04-23 09:32:00,687 Successfully completed frappe.utils.background_jobs.execute_job(event=None, is_async=True, job_name='frappe.core.doctype.scheduled_job_type.scheduled_job_type.run_scheduled_jo..., kwargs={'job_type': 'erpnext.accounts.doctype.gl_entry.gl_entry.rename_gle_sle_doc..., method='frappe.core.doctype.scheduled_job_type.scheduled_job_type.run_scheduled_jo..., site='erpnext.localhost', user='Administrator') job in 0:00:00.186185s on worker 788fcd017c71498f9ef65546fcf28348
2025-04-23 09:32:00,687 home-rohy-evalaivr-evaluation:default: Job OK (erpnext.localhost||scheduled_job||tgs1rnqh8d)
2025-04-23 09:32:00,687 Result is kept for 600 seconds
2025-04-23 09:32:00,693 home-rohy-evalaivr-evaluation:default: frappe.utils.background_jobs.execute_job(event=None, is_async=True, job_name='frappe.core.doctype.scheduled_job_type.scheduled_job_type.run_scheduled_jo..., kwargs={'job_type': 'frappe.integrations.doctype.google_calendar.google_calendar.s..., method='frappe.core.doctype.scheduled_job_type.scheduled_job_type.run_scheduled_jo..., site='erpnext.localhost', user='Administrator') (erpnext.localhost||scheduled_job||s60e2kq4sq)
2025-04-23 09:32:00,948 Successfully completed frappe.utils.background_jobs.execute_job(event=None, is_async=True, job_name='frappe.core.doctype.scheduled_job_type.scheduled_job_type.run_scheduled_jo..., kwargs={'job_type': 'frappe.integrations.doctype.google_calendar.google_calendar.s..., method='frappe.core.doctype.scheduled_job_type.scheduled_job_type.run_scheduled_jo..., site='erpnext.localhost', user='Administrator') job in 0:00:00.248435s on worker 788fcd017c71498f9ef65546fcf28348
2025-04-23 09:32:00,948 home-rohy-evalaivr-evaluation:default: Job OK (erpnext.localhost||scheduled_job||s60e2kq4sq)
2025-04-23 09:32:00,949 Result is kept for 600 seconds
2025-04-23 09:32:00,955 home-rohy-evalaivr-evaluation:default: frappe.utils.background_jobs.execute_job(event=None, is_async=True, job_name='frappe.core.doctype.scheduled_job_type.scheduled_job_type.run_scheduled_jo..., kwargs={'job_type': 'frappe.email.doctype.email_account.email_account.notify_unrep..., method='frappe.core.doctype.scheduled_job_type.scheduled_job_type.run_scheduled_jo..., site='erpnext.localhost', user='Administrator') (erpnext.localhost||scheduled_job||s60tvhcbpc)
2025-04-23 09:32:01,081 Successfully completed frappe.utils.background_jobs.execute_job(event=None, is_async=True, job_name='frappe.core.doctype.scheduled_job_type.scheduled_job_type.run_scheduled_jo..., kwargs={'job_type': 'frappe.email.doctype.email_account.email_account.notify_unrep..., method='frappe.core.doctype.scheduled_job_type.scheduled_job_type.run_scheduled_jo..., site='erpnext.localhost', user='Administrator') job in 0:00:00.120652s on worker 788fcd017c71498f9ef65546fcf28348
2025-04-23 09:32:01,081 home-rohy-evalaivr-evaluation:default: Job OK (erpnext.localhost||scheduled_job||s60tvhcbpc)
2025-04-23 09:32:01,081 Result is kept for 600 seconds
2025-04-23 09:32:01,087 home-rohy-evalaivr-evaluation:default: frappe.utils.background_jobs.execute_job(event=None, is_async=True, job_name='frappe.core.doctype.scheduled_job_type.scheduled_job_type.run_scheduled_jo..., kwargs={'job_type': 'frappe.email.queue.flush', 'scheduled_job_type': 's60b9alidp'..., method='frappe.core.doctype.scheduled_job_type.scheduled_job_type.run_scheduled_jo..., site='erpnext.localhost', user='Administrator') (erpnext.localhost||scheduled_job||s60b9alidp)
2025-04-23 09:32:01,273 Successfully completed frappe.utils.background_jobs.execute_job(event=None, is_async=True, job_name='frappe.core.doctype.scheduled_job_type.scheduled_job_type.run_scheduled_jo..., kwargs={'job_type': 'frappe.email.queue.flush', 'scheduled_job_type': 's60b9alidp'..., method='frappe.core.doctype.scheduled_job_type.scheduled_job_type.run_scheduled_jo..., site='erpnext.localhost', user='Administrator') job in 0:00:00.179810s on worker 788fcd017c71498f9ef65546fcf28348
2025-04-23 09:32:01,273 home-rohy-evalaivr-evaluation:default: Job OK (erpnext.localhost||scheduled_job||s60b9alidp)
2025-04-23 09:32:01,273 Result is kept for 600 seconds
2025-04-23 09:32:01,280 home-rohy-evalaivr-evaluation:default: frappe.utils.background_jobs.execute_job(event=None, is_async=True, job_name='frappe.core.doctype.scheduled_job_type.scheduled_job_type.run_scheduled_jo..., kwargs={'job_type': 'frappe.email.doctype.email_account.email_account.pull', 'sche..., method='frappe.core.doctype.scheduled_job_type.scheduled_job_type.run_scheduled_jo..., site='erpnext.localhost', user='Administrator') (erpnext.localhost||scheduled_job||s60v5h24ke)
2025-04-23 09:32:01,469 Successfully completed frappe.utils.background_jobs.execute_job(event=None, is_async=True, job_name='frappe.core.doctype.scheduled_job_type.scheduled_job_type.run_scheduled_jo..., kwargs={'job_type': 'frappe.email.doctype.email_account.email_account.pull', 'sche..., method='frappe.core.doctype.scheduled_job_type.scheduled_job_type.run_scheduled_jo..., site='erpnext.localhost', user='Administrator') job in 0:00:00.183541s on worker 788fcd017c71498f9ef65546fcf28348
2025-04-23 09:32:01,469 home-rohy-evalaivr-evaluation:default: Job OK (erpnext.localhost||scheduled_job||s60v5h24ke)
2025-04-23 09:32:01,469 Result is kept for 600 seconds
2025-04-23 09:32:01,476 home-rohy-evalaivr-evaluation:default: frappe.utils.background_jobs.execute_job(event=None, is_async=True, job_name='frappe.core.doctype.scheduled_job_type.scheduled_job_type.run_scheduled_jo..., kwargs={'job_type': 'frappe.deferred_insert.save_to_db', 'scheduled_job_type': 's6..., method='frappe.core.doctype.scheduled_job_type.scheduled_job_type.run_scheduled_jo..., site='erpnext.localhost', user='Administrator') (erpnext.localhost||scheduled_job||s6065rp0ec)
2025-04-23 09:32:01,757 Successfully completed frappe.utils.background_jobs.execute_job(event=None, is_async=True, job_name='frappe.core.doctype.scheduled_job_type.scheduled_job_type.run_scheduled_jo..., kwargs={'job_type': 'frappe.deferred_insert.save_to_db', 'scheduled_job_type': 's6..., method='frappe.core.doctype.scheduled_job_type.scheduled_job_type.run_scheduled_jo..., site='erpnext.localhost', user='Administrator') job in 0:00:00.274792s on worker 788fcd017c71498f9ef65546fcf28348
2025-04-23 09:32:01,757 home-rohy-evalaivr-evaluation:default: Job OK (erpnext.localhost||scheduled_job||s6065rp0ec)
2025-04-23 09:32:01,757 Result is kept for 600 seconds
2025-04-23 09:32:01,762 home-rohy-evalaivr-evaluation:default: frappe.utils.background_jobs.execute_job(event=None, is_async=True, job_name='frappe.core.doctype.scheduled_job_type.scheduled_job_type.run_scheduled_jo..., kwargs={'job_type': 'erpnext.utilities.doctype.video.video.update_youtube_data', '..., method='frappe.core.doctype.scheduled_job_type.scheduled_job_type.run_scheduled_jo..., site='erpnext.localhost', user='Administrator') (erpnext.localhost||scheduled_job||tgspm1s388)
2025-04-23 09:32:02,142 Successfully completed frappe.utils.background_jobs.execute_job(event=None, is_async=True, job_name='frappe.core.doctype.scheduled_job_type.scheduled_job_type.run_scheduled_jo..., kwargs={'job_type': 'erpnext.utilities.doctype.video.video.update_youtube_data', '..., method='frappe.core.doctype.scheduled_job_type.scheduled_job_type.run_scheduled_jo..., site='erpnext.localhost', user='Administrator') job in 0:00:00.373678s on worker 788fcd017c71498f9ef65546fcf28348
2025-04-23 09:32:02,143 home-rohy-evalaivr-evaluation:default: Job OK (erpnext.localhost||scheduled_job||tgspm1s388)
2025-04-23 09:32:02,143 Result is kept for 600 seconds
2025-04-23 09:32:02,153 home-rohy-evalaivr-evaluation:default: frappe.utils.background_jobs.execute_job(event=None, is_async=True, job_name='frappe.core.doctype.scheduled_job_type.scheduled_job_type.run_scheduled_jo..., kwargs={'job_type': 'frappe.oauth.delete_oauth2_data', 'scheduled_job_type': 's607..., method='frappe.core.doctype.scheduled_job_type.scheduled_job_type.run_scheduled_jo..., site='erpnext.localhost', user='Administrator') (erpnext.localhost||scheduled_job||s607u2ss9g)
2025-04-23 09:32:02,303 Successfully completed frappe.utils.background_jobs.execute_job(event=None, is_async=True, job_name='frappe.core.doctype.scheduled_job_type.scheduled_job_type.run_scheduled_jo..., kwargs={'job_type': 'frappe.oauth.delete_oauth2_data', 'scheduled_job_type': 's607..., method='frappe.core.doctype.scheduled_job_type.scheduled_job_type.run_scheduled_jo..., site='erpnext.localhost', user='Administrator') job in 0:00:00.142487s on worker 788fcd017c71498f9ef65546fcf28348
2025-04-23 09:32:02,303 home-rohy-evalaivr-evaluation:default: Job OK (erpnext.localhost||scheduled_job||s607u2ss9g)
2025-04-23 09:32:02,303 Result is kept for 600 seconds
2025-04-23 09:32:02,308 home-rohy-evalaivr-evaluation:default: frappe.utils.background_jobs.execute_job(event=None, is_async=True, job_name='frappe.core.doctype.scheduled_job_type.scheduled_job_type.run_scheduled_jo..., kwargs={'job_type': 'frappe.email.doctype.notification.notification.trigger_offset..., method='frappe.core.doctype.scheduled_job_type.scheduled_job_type.run_scheduled_jo..., site='erpnext.localhost', user='Administrator') (erpnext.localhost||scheduled_job||s603rpotun)
2025-04-23 09:32:02,430 Successfully completed frappe.utils.background_jobs.execute_job(event=None, is_async=True, job_name='frappe.core.doctype.scheduled_job_type.scheduled_job_type.run_scheduled_jo..., kwargs={'job_type': 'frappe.email.doctype.notification.notification.trigger_offset..., method='frappe.core.doctype.scheduled_job_type.scheduled_job_type.run_scheduled_jo..., site='erpnext.localhost', user='Administrator') job in 0:00:00.116108s on worker 788fcd017c71498f9ef65546fcf28348
2025-04-23 09:32:02,430 home-rohy-evalaivr-evaluation:default: Job OK (erpnext.localhost||scheduled_job||s603rpotun)
2025-04-23 09:32:02,430 Result is kept for 600 seconds
2025-04-23 09:32:02,436 home-rohy-evalaivr-evaluation:default: frappe.utils.background_jobs.execute_job(event=None, is_async=True, job_name='frappe.core.doctype.scheduled_job_type.scheduled_job_type.run_scheduled_jo..., kwargs={'job_type': 'frappe.automation.doctype.reminder.reminder.send_reminders', ..., method='frappe.core.doctype.scheduled_job_type.scheduled_job_type.run_scheduled_jo..., site='erpnext.localhost', user='Administrator') (erpnext.localhost||scheduled_job||s60860egc9)
2025-04-23 09:32:02,564 Successfully completed frappe.utils.background_jobs.execute_job(event=None, is_async=True, job_name='frappe.core.doctype.scheduled_job_type.scheduled_job_type.run_scheduled_jo..., kwargs={'job_type': 'frappe.automation.doctype.reminder.reminder.send_reminders', ..., method='frappe.core.doctype.scheduled_job_type.scheduled_job_type.run_scheduled_jo..., site='erpnext.localhost', user='Administrator') job in 0:00:00.121282s on worker 788fcd017c71498f9ef65546fcf28348
2025-04-23 09:32:02,564 home-rohy-evalaivr-evaluation:default: Job OK (erpnext.localhost||scheduled_job||s60860egc9)
2025-04-23 09:32:02,564 Result is kept for 600 seconds
2025-04-23 09:32:02,570 home-rohy-evalaivr-evaluation:default: frappe.utils.background_jobs.execute_job(event=None, is_async=True, job_name='frappe.core.doctype.scheduled_job_type.scheduled_job_type.run_scheduled_jo..., kwargs={'job_type': 'frappe.twofactor.delete_all_barcodes_for_users', 'scheduled_j..., method='frappe.core.doctype.scheduled_job_type.scheduled_job_type.run_scheduled_jo..., site='erpnext.localhost', user='Administrator') (erpnext.localhost||scheduled_job||s606f3j3k3)
2025-04-23 09:32:02,714 Successfully completed frappe.utils.background_jobs.execute_job(event=None, is_async=True, job_name='frappe.core.doctype.scheduled_job_type.scheduled_job_type.run_scheduled_jo..., kwargs={'job_type': 'frappe.twofactor.delete_all_barcodes_for_users', 'scheduled_j..., method='frappe.core.doctype.scheduled_job_type.scheduled_job_type.run_scheduled_jo..., site='erpnext.localhost', user='Administrator') job in 0:00:00.138445s on worker 788fcd017c71498f9ef65546fcf28348
2025-04-23 09:32:02,715 home-rohy-evalaivr-evaluation:default: Job OK (erpnext.localhost||scheduled_job||s606f3j3k3)
2025-04-23 09:32:02,715 Result is kept for 600 seconds
2025-04-23 09:32:02,721 home-rohy-evalaivr-evaluation:default: frappe.utils.background_jobs.execute_job(event=None, is_async=True, job_name='frappe.core.doctype.scheduled_job_type.scheduled_job_type.run_scheduled_jo..., kwargs={'job_type': 'frappe.core.doctype.prepared_report.prepared_report.expire_st..., method='frappe.core.doctype.scheduled_job_type.scheduled_job_type.run_scheduled_jo..., site='erpnext.localhost', user='Administrator') (erpnext.localhost||scheduled_job||s608d12rfr)
2025-04-23 09:32:02,835 Successfully completed frappe.utils.background_jobs.execute_job(event=None, is_async=True, job_name='frappe.core.doctype.scheduled_job_type.scheduled_job_type.run_scheduled_jo..., kwargs={'job_type': 'frappe.core.doctype.prepared_report.prepared_report.expire_st..., method='frappe.core.doctype.scheduled_job_type.scheduled_job_type.run_scheduled_jo..., site='erpnext.localhost', user='Administrator') job in 0:00:00.107998s on worker 788fcd017c71498f9ef65546fcf28348
2025-04-23 09:32:02,835 home-rohy-evalaivr-evaluation:default: Job OK (erpnext.localhost||scheduled_job||s608d12rfr)
2025-04-23 09:32:02,835 Result is kept for 600 seconds
2025-04-23 09:32:02,840 home-rohy-evalaivr-evaluation:default: frappe.utils.background_jobs.execute_job(event=None, is_async=True, job_name='frappe.core.doctype.scheduled_job_type.scheduled_job_type.run_scheduled_jo..., kwargs={'job_type': 'frappe.utils.global_search.sync_global_search', 'scheduled_jo..., method='frappe.core.doctype.scheduled_job_type.scheduled_job_type.run_scheduled_jo..., site='erpnext.localhost', user='Administrator') (erpnext.localhost||scheduled_job||s6091q3nn9)
2025-04-23 09:32:02,953 Successfully completed frappe.utils.background_jobs.execute_job(event=None, is_async=True, job_name='frappe.core.doctype.scheduled_job_type.scheduled_job_type.run_scheduled_jo..., kwargs={'job_type': 'frappe.utils.global_search.sync_global_search', 'scheduled_jo..., method='frappe.core.doctype.scheduled_job_type.scheduled_job_type.run_scheduled_jo..., site='erpnext.localhost', user='Administrator') job in 0:00:00.106610s on worker 788fcd017c71498f9ef65546fcf28348
2025-04-23 09:32:02,953 home-rohy-evalaivr-evaluation:default: Job OK (erpnext.localhost||scheduled_job||s6091q3nn9)
2025-04-23 09:32:02,953 Result is kept for 600 seconds
2025-04-23 09:32:02,960 home-rohy-evalaivr-evaluation:default: frappe.utils.background_jobs.execute_job(event=None, is_async=True, job_name='frappe.core.doctype.scheduled_job_type.scheduled_job_type.run_scheduled_jo..., kwargs={'job_type': 'erpnext.manufacturing.doctype.bom_update_log.bom_update_log.r..., method='frappe.core.doctype.scheduled_job_type.scheduled_job_type.run_scheduled_jo..., site='erpnext.localhost', user='Administrator') (erpnext.localhost||scheduled_job||tgsg535gbe)
2025-04-23 09:32:03,089 Successfully completed frappe.utils.background_jobs.execute_job(event=None, is_async=True, job_name='frappe.core.doctype.scheduled_job_type.scheduled_job_type.run_scheduled_jo..., kwargs={'job_type': 'erpnext.manufacturing.doctype.bom_update_log.bom_update_log.r..., method='frappe.core.doctype.scheduled_job_type.scheduled_job_type.run_scheduled_jo..., site='erpnext.localhost', user='Administrator') job in 0:00:00.123843s on worker 788fcd017c71498f9ef65546fcf28348
2025-04-23 09:32:03,089 home-rohy-evalaivr-evaluation:default: Job OK (erpnext.localhost||scheduled_job||tgsg535gbe)
2025-04-23 09:32:03,089 Result is kept for 600 seconds
2025-04-23 09:32:03,095 home-rohy-evalaivr-evaluation:default: frappe.utils.background_jobs.execute_job(event=None, is_async=True, job_name='frappe.core.doctype.scheduled_job_type.scheduled_job_type.run_scheduled_jo..., kwargs={'job_type': 'frappe.website.doctype.web_page.web_page.check_publish_status..., method='frappe.core.doctype.scheduled_job_type.scheduled_job_type.run_scheduled_jo..., site='erpnext.localhost', user='Administrator') (erpnext.localhost||scheduled_job||s609qc5grc)
2025-04-23 09:32:03,271 Successfully completed frappe.utils.background_jobs.execute_job(event=None, is_async=True, job_name='frappe.core.doctype.scheduled_job_type.scheduled_job_type.run_scheduled_jo..., kwargs={'job_type': 'frappe.website.doctype.web_page.web_page.check_publish_status..., method='frappe.core.doctype.scheduled_job_type.scheduled_job_type.run_scheduled_jo..., site='erpnext.localhost', user='Administrator') job in 0:00:00.169905s on worker 788fcd017c71498f9ef65546fcf28348
2025-04-23 09:32:03,272 home-rohy-evalaivr-evaluation:default: Job OK (erpnext.localhost||scheduled_job||s609qc5grc)
2025-04-23 09:32:03,272 Result is kept for 600 seconds
2025-04-23 09:36:00,202 home-rohy-evalaivr-evaluation:default: frappe.utils.background_jobs.execute_job(event=None, is_async=True, job_name='frappe.core.doctype.scheduled_job_type.scheduled_job_type.run_scheduled_jo..., kwargs={'job_type': 'frappe.integrations.doctype.google_calendar.google_calendar.s..., method='frappe.core.doctype.scheduled_job_type.scheduled_job_type.run_scheduled_jo..., site='erpnext.localhost', user='Administrator') (erpnext.localhost||scheduled_job||s60e2kq4sq)
2025-04-23 09:36:00,437 Successfully completed frappe.utils.background_jobs.execute_job(event=None, is_async=True, job_name='frappe.core.doctype.scheduled_job_type.scheduled_job_type.run_scheduled_jo..., kwargs={'job_type': 'frappe.integrations.doctype.google_calendar.google_calendar.s..., method='frappe.core.doctype.scheduled_job_type.scheduled_job_type.run_scheduled_jo..., site='erpnext.localhost', user='Administrator') job in 0:00:00.227556s on worker 788fcd017c71498f9ef65546fcf28348
2025-04-23 09:36:00,437 home-rohy-evalaivr-evaluation:default: Job OK (erpnext.localhost||scheduled_job||s60e2kq4sq)
2025-04-23 09:36:00,437 Result is kept for 600 seconds
2025-04-23 09:36:00,443 home-rohy-evalaivr-evaluation:default: frappe.utils.background_jobs.execute_job(event=None, is_async=True, job_name='frappe.core.doctype.scheduled_job_type.scheduled_job_type.run_scheduled_jo..., kwargs={'job_type': 'frappe.email.doctype.notification.notification.trigger_offset..., method='frappe.core.doctype.scheduled_job_type.scheduled_job_type.run_scheduled_jo..., site='erpnext.localhost', user='Administrator') (erpnext.localhost||scheduled_job||s603rpotun)
2025-04-23 09:36:00,564 Successfully completed frappe.utils.background_jobs.execute_job(event=None, is_async=True, job_name='frappe.core.doctype.scheduled_job_type.scheduled_job_type.run_scheduled_jo..., kwargs={'job_type': 'frappe.email.doctype.notification.notification.trigger_offset..., method='frappe.core.doctype.scheduled_job_type.scheduled_job_type.run_scheduled_jo..., site='erpnext.localhost', user='Administrator') job in 0:00:00.115708s on worker 788fcd017c71498f9ef65546fcf28348
2025-04-23 09:36:00,565 home-rohy-evalaivr-evaluation:default: Job OK (erpnext.localhost||scheduled_job||s603rpotun)
2025-04-23 09:36:00,565 Result is kept for 600 seconds
2025-04-23 09:36:00,570 home-rohy-evalaivr-evaluation:default: frappe.utils.background_jobs.execute_job(event=None, is_async=True, job_name='frappe.core.doctype.scheduled_job_type.scheduled_job_type.run_scheduled_jo..., kwargs={'job_type': 'frappe.email.queue.flush', 'scheduled_job_type': 's60b9alidp'..., method='frappe.core.doctype.scheduled_job_type.scheduled_job_type.run_scheduled_jo..., site='erpnext.localhost', user='Administrator') (erpnext.localhost||scheduled_job||s60b9alidp)
2025-04-23 09:36:00,760 Successfully completed frappe.utils.background_jobs.execute_job(event=None, is_async=True, job_name='frappe.core.doctype.scheduled_job_type.scheduled_job_type.run_scheduled_jo..., kwargs={'job_type': 'frappe.email.queue.flush', 'scheduled_job_type': 's60b9alidp'..., method='frappe.core.doctype.scheduled_job_type.scheduled_job_type.run_scheduled_jo..., site='erpnext.localhost', user='Administrator') job in 0:00:00.184198s on worker 788fcd017c71498f9ef65546fcf28348
2025-04-23 09:36:00,760 home-rohy-evalaivr-evaluation:default: Job OK (erpnext.localhost||scheduled_job||s60b9alidp)
2025-04-23 09:36:00,760 Result is kept for 600 seconds
2025-04-23 09:36:00,767 home-rohy-evalaivr-evaluation:default: frappe.utils.background_jobs.execute_job(event=None, is_async=True, job_name='frappe.core.doctype.scheduled_job_type.scheduled_job_type.run_scheduled_jo..., kwargs={'job_type': 'frappe.monitor.flush', 'scheduled_job_type': 's60ssvifus'}, method='frappe.core.doctype.scheduled_job_type.scheduled_job_type.run_scheduled_jo..., site='erpnext.localhost', user='Administrator') (erpnext.localhost||scheduled_job||s60ssvifus)
2025-04-23 09:36:00,901 Successfully completed frappe.utils.background_jobs.execute_job(event=None, is_async=True, job_name='frappe.core.doctype.scheduled_job_type.scheduled_job_type.run_scheduled_jo..., kwargs={'job_type': 'frappe.monitor.flush', 'scheduled_job_type': 's60ssvifus'}, method='frappe.core.doctype.scheduled_job_type.scheduled_job_type.run_scheduled_jo..., site='erpnext.localhost', user='Administrator') job in 0:00:00.128229s on worker 788fcd017c71498f9ef65546fcf28348
2025-04-23 09:36:00,902 home-rohy-evalaivr-evaluation:default: Job OK (erpnext.localhost||scheduled_job||s60ssvifus)
2025-04-23 09:36:00,902 Result is kept for 600 seconds
2025-04-23 09:40:00,014 home-rohy-evalaivr-evaluation:default: frappe.utils.background_jobs.execute_job(event=None, is_async=True, job_name='frappe.core.doctype.scheduled_job_type.scheduled_job_type.run_scheduled_jo..., kwargs={'job_type': 'frappe.email.doctype.notification.notification.trigger_offset..., method='frappe.core.doctype.scheduled_job_type.scheduled_job_type.run_scheduled_jo..., site='erpnext.localhost', user='Administrator') (erpnext.localhost||scheduled_job||s603rpotun)
2025-04-23 09:40:00,153 Successfully completed frappe.utils.background_jobs.execute_job(event=None, is_async=True, job_name='frappe.core.doctype.scheduled_job_type.scheduled_job_type.run_scheduled_jo..., kwargs={'job_type': 'frappe.email.doctype.notification.notification.trigger_offset..., method='frappe.core.doctype.scheduled_job_type.scheduled_job_type.run_scheduled_jo..., site='erpnext.localhost', user='Administrator') job in 0:00:00.132301s on worker 788fcd017c71498f9ef65546fcf28348
2025-04-23 09:40:00,153 home-rohy-evalaivr-evaluation:default: Job OK (erpnext.localhost||scheduled_job||s603rpotun)
2025-04-23 09:40:00,153 Result is kept for 600 seconds
2025-04-23 09:40:00,159 Cleaning registries for queue: home-rohy-evalaivr-evaluation:short
2025-04-23 09:40:00,161 Cleaning registries for queue: home-rohy-evalaivr-evaluation:default
2025-04-23 09:40:00,163 Cleaning registries for queue: home-rohy-evalaivr-evaluation:long
2025-04-23 09:40:00,165 home-rohy-evalaivr-evaluation:default: frappe.utils.background_jobs.execute_job(event=None, is_async=True, job_name='frappe.core.doctype.scheduled_job_type.scheduled_job_type.run_scheduled_jo..., kwargs={'job_type': 'frappe.integrations.doctype.google_calendar.google_calendar.s..., method='frappe.core.doctype.scheduled_job_type.scheduled_job_type.run_scheduled_jo..., site='erpnext.localhost', user='Administrator') (erpnext.localhost||scheduled_job||s60e2kq4sq)
2025-04-23 09:40:00,447 Successfully completed frappe.utils.background_jobs.execute_job(event=None, is_async=True, job_name='frappe.core.doctype.scheduled_job_type.scheduled_job_type.run_scheduled_jo..., kwargs={'job_type': 'frappe.integrations.doctype.google_calendar.google_calendar.s..., method='frappe.core.doctype.scheduled_job_type.scheduled_job_type.run_scheduled_jo..., site='erpnext.localhost', user='Administrator') job in 0:00:00.275849s on worker 788fcd017c71498f9ef65546fcf28348
2025-04-23 09:40:00,447 home-rohy-evalaivr-evaluation:default: Job OK (erpnext.localhost||scheduled_job||s60e2kq4sq)
2025-04-23 09:40:00,447 Result is kept for 600 seconds
2025-04-23 09:40:00,454 home-rohy-evalaivr-evaluation:default: frappe.utils.background_jobs.execute_job(event=None, is_async=True, job_name='frappe.core.doctype.scheduled_job_type.scheduled_job_type.run_scheduled_jo..., kwargs={'job_type': 'frappe.monitor.flush', 'scheduled_job_type': 's60ssvifus'}, method='frappe.core.doctype.scheduled_job_type.scheduled_job_type.run_scheduled_jo..., site='erpnext.localhost', user='Administrator') (erpnext.localhost||scheduled_job||s60ssvifus)
2025-04-23 09:40:00,590 Successfully completed frappe.utils.background_jobs.execute_job(event=None, is_async=True, job_name='frappe.core.doctype.scheduled_job_type.scheduled_job_type.run_scheduled_jo..., kwargs={'job_type': 'frappe.monitor.flush', 'scheduled_job_type': 's60ssvifus'}, method='frappe.core.doctype.scheduled_job_type.scheduled_job_type.run_scheduled_jo..., site='erpnext.localhost', user='Administrator') job in 0:00:00.129382s on worker 788fcd017c71498f9ef65546fcf28348
2025-04-23 09:40:00,590 home-rohy-evalaivr-evaluation:default: Job OK (erpnext.localhost||scheduled_job||s60ssvifus)
2025-04-23 09:40:00,590 Result is kept for 600 seconds
2025-04-23 09:40:00,596 home-rohy-evalaivr-evaluation:default: frappe.utils.background_jobs.execute_job(event=None, is_async=True, job_name='frappe.core.doctype.scheduled_job_type.scheduled_job_type.run_scheduled_jo..., kwargs={'job_type': 'frappe.email.doctype.email_account.email_account.pull', 'sche..., method='frappe.core.doctype.scheduled_job_type.scheduled_job_type.run_scheduled_jo..., site='erpnext.localhost', user='Administrator') (erpnext.localhost||scheduled_job||s60v5h24ke)
2025-04-23 09:40:00,748 Successfully completed frappe.utils.background_jobs.execute_job(event=None, is_async=True, job_name='frappe.core.doctype.scheduled_job_type.scheduled_job_type.run_scheduled_jo..., kwargs={'job_type': 'frappe.email.doctype.email_account.email_account.pull', 'sche..., method='frappe.core.doctype.scheduled_job_type.scheduled_job_type.run_scheduled_jo..., site='erpnext.localhost', user='Administrator') job in 0:00:00.145411s on worker 788fcd017c71498f9ef65546fcf28348
2025-04-23 09:40:00,748 home-rohy-evalaivr-evaluation:default: Job OK (erpnext.localhost||scheduled_job||s60v5h24ke)
2025-04-23 09:40:00,748 Result is kept for 600 seconds
2025-04-23 09:40:00,754 home-rohy-evalaivr-evaluation:default: frappe.utils.background_jobs.execute_job(event=None, is_async=True, job_name='frappe.core.doctype.scheduled_job_type.scheduled_job_type.run_scheduled_jo..., kwargs={'job_type': 'frappe.email.queue.flush', 'scheduled_job_type': 's60b9alidp'..., method='frappe.core.doctype.scheduled_job_type.scheduled_job_type.run_scheduled_jo..., site='erpnext.localhost', user='Administrator') (erpnext.localhost||scheduled_job||s60b9alidp)
2025-04-23 09:40:00,983 Successfully completed frappe.utils.background_jobs.execute_job(event=None, is_async=True, job_name='frappe.core.doctype.scheduled_job_type.scheduled_job_type.run_scheduled_jo..., kwargs={'job_type': 'frappe.email.queue.flush', 'scheduled_job_type': 's60b9alidp'..., method='frappe.core.doctype.scheduled_job_type.scheduled_job_type.run_scheduled_jo..., site='erpnext.localhost', user='Administrator') job in 0:00:00.222697s on worker 788fcd017c71498f9ef65546fcf28348
2025-04-23 09:40:00,983 home-rohy-evalaivr-evaluation:default: Job OK (erpnext.localhost||scheduled_job||s60b9alidp)
2025-04-23 09:40:00,983 Result is kept for 600 seconds
2025-04-23 09:44:00,910 home-rohy-evalaivr-evaluation:default: frappe.utils.background_jobs.execute_job(event=None, is_async=True, job_name='frappe.core.doctype.scheduled_job_type.scheduled_job_type.run_scheduled_jo..., kwargs={'job_type': 'frappe.integrations.doctype.google_calendar.google_calendar.s..., method='frappe.core.doctype.scheduled_job_type.scheduled_job_type.run_scheduled_jo..., site='erpnext.localhost', user='Administrator') (erpnext.localhost||scheduled_job||s60e2kq4sq)
2025-04-23 09:44:01,236 Successfully completed frappe.utils.background_jobs.execute_job(event=None, is_async=True, job_name='frappe.core.doctype.scheduled_job_type.scheduled_job_type.run_scheduled_jo..., kwargs={'job_type': 'frappe.integrations.doctype.google_calendar.google_calendar.s..., method='frappe.core.doctype.scheduled_job_type.scheduled_job_type.run_scheduled_jo..., site='erpnext.localhost', user='Administrator') job in 0:00:00.314227s on worker 788fcd017c71498f9ef65546fcf28348
2025-04-23 09:44:01,237 home-rohy-evalaivr-evaluation:default: Job OK (erpnext.localhost||scheduled_job||s60e2kq4sq)
2025-04-23 09:44:01,237 Result is kept for 600 seconds
2025-04-23 09:44:01,244 home-rohy-evalaivr-evaluation:default: frappe.utils.background_jobs.execute_job(event=None, is_async=True, job_name='frappe.core.doctype.scheduled_job_type.scheduled_job_type.run_scheduled_jo..., kwargs={'job_type': 'frappe.monitor.flush', 'scheduled_job_type': 's60ssvifus'}, method='frappe.core.doctype.scheduled_job_type.scheduled_job_type.run_scheduled_jo..., site='erpnext.localhost', user='Administrator') (erpnext.localhost||scheduled_job||s60ssvifus)
2025-04-23 09:44:01,349 Successfully completed frappe.utils.background_jobs.execute_job(event=None, is_async=True, job_name='frappe.core.doctype.scheduled_job_type.scheduled_job_type.run_scheduled_jo..., kwargs={'job_type': 'frappe.monitor.flush', 'scheduled_job_type': 's60ssvifus'}, method='frappe.core.doctype.scheduled_job_type.scheduled_job_type.run_scheduled_jo..., site='erpnext.localhost', user='Administrator') job in 0:00:00.099563s on worker 788fcd017c71498f9ef65546fcf28348
2025-04-23 09:44:01,349 home-rohy-evalaivr-evaluation:default: Job OK (erpnext.localhost||scheduled_job||s60ssvifus)
2025-04-23 09:44:01,349 Result is kept for 600 seconds
2025-04-23 09:44:01,355 home-rohy-evalaivr-evaluation:default: frappe.utils.background_jobs.execute_job(event=None, is_async=True, job_name='frappe.core.doctype.scheduled_job_type.scheduled_job_type.run_scheduled_jo..., kwargs={'job_type': 'frappe.email.queue.flush', 'scheduled_job_type': 's60b9alidp'..., method='frappe.core.doctype.scheduled_job_type.scheduled_job_type.run_scheduled_jo..., site='erpnext.localhost', user='Administrator') (erpnext.localhost||scheduled_job||s60b9alidp)
2025-04-23 09:44:01,536 Successfully completed frappe.utils.background_jobs.execute_job(event=None, is_async=True, job_name='frappe.core.doctype.scheduled_job_type.scheduled_job_type.run_scheduled_jo..., kwargs={'job_type': 'frappe.email.queue.flush', 'scheduled_job_type': 's60b9alidp'..., method='frappe.core.doctype.scheduled_job_type.scheduled_job_type.run_scheduled_jo..., site='erpnext.localhost', user='Administrator') job in 0:00:00.176162s on worker 788fcd017c71498f9ef65546fcf28348
2025-04-23 09:44:01,536 home-rohy-evalaivr-evaluation:default: Job OK (erpnext.localhost||scheduled_job||s60b9alidp)
2025-04-23 09:44:01,536 Result is kept for 600 seconds
2025-04-23 09:48:00,707 home-rohy-evalaivr-evaluation:default: frappe.utils.background_jobs.execute_job(event=None, is_async=True, job_name='frappe.core.doctype.scheduled_job_type.scheduled_job_type.run_scheduled_jo..., kwargs={'job_type': 'frappe.email.doctype.email_account.email_account.notify_unrep..., method='frappe.core.doctype.scheduled_job_type.scheduled_job_type.run_scheduled_jo..., site='erpnext.localhost', user='Administrator') (erpnext.localhost||scheduled_job||s60tvhcbpc)
2025-04-23 09:48:00,858 Successfully completed frappe.utils.background_jobs.execute_job(event=None, is_async=True, job_name='frappe.core.doctype.scheduled_job_type.scheduled_job_type.run_scheduled_jo..., kwargs={'job_type': 'frappe.email.doctype.email_account.email_account.notify_unrep..., method='frappe.core.doctype.scheduled_job_type.scheduled_job_type.run_scheduled_jo..., site='erpnext.localhost', user='Administrator') job in 0:00:00.142472s on worker 788fcd017c71498f9ef65546fcf28348
2025-04-23 09:48:00,858 home-rohy-evalaivr-evaluation:default: Job OK (erpnext.localhost||scheduled_job||s60tvhcbpc)
2025-04-23 09:48:00,858 Result is kept for 600 seconds
2025-04-23 09:48:00,865 home-rohy-evalaivr-evaluation:default: frappe.utils.background_jobs.execute_job(event=None, is_async=True, job_name='frappe.core.doctype.scheduled_job_type.scheduled_job_type.run_scheduled_jo..., kwargs={'job_type': 'frappe.integrations.doctype.google_calendar.google_calendar.s..., method='frappe.core.doctype.scheduled_job_type.scheduled_job_type.run_scheduled_jo..., site='erpnext.localhost', user='Administrator') (erpnext.localhost||scheduled_job||s60e2kq4sq)
2025-04-23 09:48:01,117 Successfully completed frappe.utils.background_jobs.execute_job(event=None, is_async=True, job_name='frappe.core.doctype.scheduled_job_type.scheduled_job_type.run_scheduled_jo..., kwargs={'job_type': 'frappe.integrations.doctype.google_calendar.google_calendar.s..., method='frappe.core.doctype.scheduled_job_type.scheduled_job_type.run_scheduled_jo..., site='erpnext.localhost', user='Administrator') job in 0:00:00.245461s on worker 788fcd017c71498f9ef65546fcf28348
2025-04-23 09:48:01,117 home-rohy-evalaivr-evaluation:default: Job OK (erpnext.localhost||scheduled_job||s60e2kq4sq)
2025-04-23 09:48:01,117 Result is kept for 600 seconds
2025-04-23 09:48:01,123 home-rohy-evalaivr-evaluation:default: frappe.utils.background_jobs.execute_job(event=None, is_async=True, job_name='frappe.core.doctype.scheduled_job_type.scheduled_job_type.run_scheduled_jo..., kwargs={'job_type': 'frappe.utils.global_search.sync_global_search', 'scheduled_jo..., method='frappe.core.doctype.scheduled_job_type.scheduled_job_type.run_scheduled_jo..., site='erpnext.localhost', user='Administrator') (erpnext.localhost||scheduled_job||s6091q3nn9)
2025-04-23 09:48:01,250 Successfully completed frappe.utils.background_jobs.execute_job(event=None, is_async=True, job_name='frappe.core.doctype.scheduled_job_type.scheduled_job_type.run_scheduled_jo..., kwargs={'job_type': 'frappe.utils.global_search.sync_global_search', 'scheduled_jo..., method='frappe.core.doctype.scheduled_job_type.scheduled_job_type.run_scheduled_jo..., site='erpnext.localhost', user='Administrator') job in 0:00:00.121552s on worker 788fcd017c71498f9ef65546fcf28348
2025-04-23 09:48:01,251 home-rohy-evalaivr-evaluation:default: Job OK (erpnext.localhost||scheduled_job||s6091q3nn9)
2025-04-23 09:48:01,251 Result is kept for 600 seconds
2025-04-23 09:48:01,256 home-rohy-evalaivr-evaluation:default: frappe.utils.background_jobs.execute_job(event=None, is_async=True, job_name='frappe.core.doctype.scheduled_job_type.scheduled_job_type.run_scheduled_jo..., kwargs={'job_type': 'frappe.email.queue.flush', 'scheduled_job_type': 's60b9alidp'..., method='frappe.core.doctype.scheduled_job_type.scheduled_job_type.run_scheduled_jo..., site='erpnext.localhost', user='Administrator') (erpnext.localhost||scheduled_job||s60b9alidp)
2025-04-23 09:48:01,443 Successfully completed frappe.utils.background_jobs.execute_job(event=None, is_async=True, job_name='frappe.core.doctype.scheduled_job_type.scheduled_job_type.run_scheduled_jo..., kwargs={'job_type': 'frappe.email.queue.flush', 'scheduled_job_type': 's60b9alidp'..., method='frappe.core.doctype.scheduled_job_type.scheduled_job_type.run_scheduled_jo..., site='erpnext.localhost', user='Administrator') job in 0:00:00.181518s on worker 788fcd017c71498f9ef65546fcf28348
2025-04-23 09:48:01,443 home-rohy-evalaivr-evaluation:default: Job OK (erpnext.localhost||scheduled_job||s60b9alidp)
2025-04-23 09:48:01,443 Result is kept for 600 seconds
2025-04-23 09:48:01,450 home-rohy-evalaivr-evaluation:default: frappe.utils.background_jobs.execute_job(event=None, is_async=True, job_name='frappe.core.doctype.scheduled_job_type.scheduled_job_type.run_scheduled_jo..., kwargs={'job_type': 'frappe.website.doctype.web_page.web_page.check_publish_status..., method='frappe.core.doctype.scheduled_job_type.scheduled_job_type.run_scheduled_jo..., site='erpnext.localhost', user='Administrator') (erpnext.localhost||scheduled_job||s609qc5grc)
2025-04-23 09:48:01,604 Successfully completed frappe.utils.background_jobs.execute_job(event=None, is_async=True, job_name='frappe.core.doctype.scheduled_job_type.scheduled_job_type.run_scheduled_jo..., kwargs={'job_type': 'frappe.website.doctype.web_page.web_page.check_publish_status..., method='frappe.core.doctype.scheduled_job_type.scheduled_job_type.run_scheduled_jo..., site='erpnext.localhost', user='Administrator') job in 0:00:00.147628s on worker 788fcd017c71498f9ef65546fcf28348
2025-04-23 09:48:01,604 home-rohy-evalaivr-evaluation:default: Job OK (erpnext.localhost||scheduled_job||s609qc5grc)
2025-04-23 09:48:01,604 Result is kept for 600 seconds
2025-04-23 09:48:01,609 home-rohy-evalaivr-evaluation:default: frappe.utils.background_jobs.execute_job(event=None, is_async=True, job_name='frappe.core.doctype.scheduled_job_type.scheduled_job_type.run_scheduled_jo..., kwargs={'job_type': 'frappe.deferred_insert.save_to_db', 'scheduled_job_type': 's6..., method='frappe.core.doctype.scheduled_job_type.scheduled_job_type.run_scheduled_jo..., site='erpnext.localhost', user='Administrator') (erpnext.localhost||scheduled_job||s6065rp0ec)
2025-04-23 09:48:01,735 Successfully completed frappe.utils.background_jobs.execute_job(event=None, is_async=True, job_name='frappe.core.doctype.scheduled_job_type.scheduled_job_type.run_scheduled_jo..., kwargs={'job_type': 'frappe.deferred_insert.save_to_db', 'scheduled_job_type': 's6..., method='frappe.core.doctype.scheduled_job_type.scheduled_job_type.run_scheduled_jo..., site='erpnext.localhost', user='Administrator') job in 0:00:00.119854s on worker 788fcd017c71498f9ef65546fcf28348
2025-04-23 09:48:01,735 home-rohy-evalaivr-evaluation:default: Job OK (erpnext.localhost||scheduled_job||s6065rp0ec)
2025-04-23 09:48:01,735 Result is kept for 600 seconds
2025-04-23 09:48:01,740 home-rohy-evalaivr-evaluation:default: frappe.utils.background_jobs.execute_job(event=None, is_async=True, job_name='frappe.core.doctype.scheduled_job_type.scheduled_job_type.run_scheduled_jo..., kwargs={'job_type': 'frappe.monitor.flush', 'scheduled_job_type': 's60ssvifus'}, method='frappe.core.doctype.scheduled_job_type.scheduled_job_type.run_scheduled_jo..., site='erpnext.localhost', user='Administrator') (erpnext.localhost||scheduled_job||s60ssvifus)
2025-04-23 09:48:01,844 Successfully completed frappe.utils.background_jobs.execute_job(event=None, is_async=True, job_name='frappe.core.doctype.scheduled_job_type.scheduled_job_type.run_scheduled_jo..., kwargs={'job_type': 'frappe.monitor.flush', 'scheduled_job_type': 's60ssvifus'}, method='frappe.core.doctype.scheduled_job_type.scheduled_job_type.run_scheduled_jo..., site='erpnext.localhost', user='Administrator') job in 0:00:00.098073s on worker 788fcd017c71498f9ef65546fcf28348
2025-04-23 09:48:01,844 home-rohy-evalaivr-evaluation:default: Job OK (erpnext.localhost||scheduled_job||s60ssvifus)
2025-04-23 09:48:01,844 Result is kept for 600 seconds
2025-04-23 09:48:01,850 home-rohy-evalaivr-evaluation:default: frappe.utils.background_jobs.execute_job(event=None, is_async=True, job_name='frappe.core.doctype.scheduled_job_type.scheduled_job_type.run_scheduled_jo..., kwargs={'job_type': 'frappe.automation.doctype.reminder.reminder.send_reminders', ..., method='frappe.core.doctype.scheduled_job_type.scheduled_job_type.run_scheduled_jo..., site='erpnext.localhost', user='Administrator') (erpnext.localhost||scheduled_job||s60860egc9)
2025-04-23 09:48:01,981 Successfully completed frappe.utils.background_jobs.execute_job(event=None, is_async=True, job_name='frappe.core.doctype.scheduled_job_type.scheduled_job_type.run_scheduled_jo..., kwargs={'job_type': 'frappe.automation.doctype.reminder.reminder.send_reminders', ..., method='frappe.core.doctype.scheduled_job_type.scheduled_job_type.run_scheduled_jo..., site='erpnext.localhost', user='Administrator') job in 0:00:00.125897s on worker 788fcd017c71498f9ef65546fcf28348
2025-04-23 09:48:01,982 home-rohy-evalaivr-evaluation:default: Job OK (erpnext.localhost||scheduled_job||s60860egc9)
2025-04-23 09:48:01,982 Result is kept for 600 seconds
2025-04-23 09:48:01,987 home-rohy-evalaivr-evaluation:default: frappe.utils.background_jobs.execute_job(event=None, is_async=True, job_name='frappe.core.doctype.scheduled_job_type.scheduled_job_type.run_scheduled_jo..., kwargs={'job_type': 'erpnext.manufacturing.doctype.bom_update_log.bom_update_log.r..., method='frappe.core.doctype.scheduled_job_type.scheduled_job_type.run_scheduled_jo..., site='erpnext.localhost', user='Administrator') (erpnext.localhost||scheduled_job||tgsg535gbe)
2025-04-23 09:48:02,113 Successfully completed frappe.utils.background_jobs.execute_job(event=None, is_async=True, job_name='frappe.core.doctype.scheduled_job_type.scheduled_job_type.run_scheduled_jo..., kwargs={'job_type': 'erpnext.manufacturing.doctype.bom_update_log.bom_update_log.r..., method='frappe.core.doctype.scheduled_job_type.scheduled_job_type.run_scheduled_jo..., site='erpnext.localhost', user='Administrator') job in 0:00:00.119887s on worker 788fcd017c71498f9ef65546fcf28348
2025-04-23 09:48:02,113 home-rohy-evalaivr-evaluation:default: Job OK (erpnext.localhost||scheduled_job||tgsg535gbe)
2025-04-23 09:48:02,113 Result is kept for 600 seconds
2025-04-23 09:48:02,119 home-rohy-evalaivr-evaluation:default: frappe.utils.background_jobs.execute_job(event=None, is_async=True, job_name='frappe.core.doctype.scheduled_job_type.scheduled_job_type.run_scheduled_jo..., kwargs={'job_type': 'frappe.twofactor.delete_all_barcodes_for_users', 'scheduled_j..., method='frappe.core.doctype.scheduled_job_type.scheduled_job_type.run_scheduled_jo..., site='erpnext.localhost', user='Administrator') (erpnext.localhost||scheduled_job||s606f3j3k3)
2025-04-23 09:48:02,254 Successfully completed frappe.utils.background_jobs.execute_job(event=None, is_async=True, job_name='frappe.core.doctype.scheduled_job_type.scheduled_job_type.run_scheduled_jo..., kwargs={'job_type': 'frappe.twofactor.delete_all_barcodes_for_users', 'scheduled_j..., method='frappe.core.doctype.scheduled_job_type.scheduled_job_type.run_scheduled_jo..., site='erpnext.localhost', user='Administrator') job in 0:00:00.129156s on worker 788fcd017c71498f9ef65546fcf28348
2025-04-23 09:48:02,254 home-rohy-evalaivr-evaluation:default: Job OK (erpnext.localhost||scheduled_job||s606f3j3k3)
2025-04-23 09:48:02,254 Result is kept for 600 seconds
2025-04-23 09:48:02,260 home-rohy-evalaivr-evaluation:default: frappe.utils.background_jobs.execute_job(event=None, is_async=True, job_name='frappe.core.doctype.scheduled_job_type.scheduled_job_type.run_scheduled_jo..., kwargs={'job_type': 'frappe.email.doctype.notification.notification.trigger_offset..., method='frappe.core.doctype.scheduled_job_type.scheduled_job_type.run_scheduled_jo..., site='erpnext.localhost', user='Administrator') (erpnext.localhost||scheduled_job||s603rpotun)
2025-04-23 09:48:02,397 Successfully completed frappe.utils.background_jobs.execute_job(event=None, is_async=True, job_name='frappe.core.doctype.scheduled_job_type.scheduled_job_type.run_scheduled_jo..., kwargs={'job_type': 'frappe.email.doctype.notification.notification.trigger_offset..., method='frappe.core.doctype.scheduled_job_type.scheduled_job_type.run_scheduled_jo..., site='erpnext.localhost', user='Administrator') job in 0:00:00.131235s on worker 788fcd017c71498f9ef65546fcf28348
2025-04-23 09:48:02,397 home-rohy-evalaivr-evaluation:default: Job OK (erpnext.localhost||scheduled_job||s603rpotun)
2025-04-23 09:48:02,397 Result is kept for 600 seconds
2025-04-23 09:48:02,403 home-rohy-evalaivr-evaluation:default: frappe.utils.background_jobs.execute_job(event=None, is_async=True, job_name='frappe.core.doctype.scheduled_job_type.scheduled_job_type.run_scheduled_jo..., kwargs={'job_type': 'frappe.oauth.delete_oauth2_data', 'scheduled_job_type': 's607..., method='frappe.core.doctype.scheduled_job_type.scheduled_job_type.run_scheduled_jo..., site='erpnext.localhost', user='Administrator') (erpnext.localhost||scheduled_job||s607u2ss9g)
2025-04-23 09:48:02,541 Successfully completed frappe.utils.background_jobs.execute_job(event=None, is_async=True, job_name='frappe.core.doctype.scheduled_job_type.scheduled_job_type.run_scheduled_jo..., kwargs={'job_type': 'frappe.oauth.delete_oauth2_data', 'scheduled_job_type': 's607..., method='frappe.core.doctype.scheduled_job_type.scheduled_job_type.run_scheduled_jo..., site='erpnext.localhost', user='Administrator') job in 0:00:00.130926s on worker 788fcd017c71498f9ef65546fcf28348
2025-04-23 09:48:02,541 home-rohy-evalaivr-evaluation:default: Job OK (erpnext.localhost||scheduled_job||s607u2ss9g)
2025-04-23 09:48:02,541 Result is kept for 600 seconds
2025-04-23 09:52:00,531 home-rohy-evalaivr-evaluation:default: frappe.utils.background_jobs.execute_job(event=None, is_async=True, job_name='frappe.core.doctype.scheduled_job_type.scheduled_job_type.run_scheduled_jo..., kwargs={'job_type': 'frappe.integrations.doctype.google_calendar.google_calendar.s..., method='frappe.core.doctype.scheduled_job_type.scheduled_job_type.run_scheduled_jo..., site='erpnext.localhost', user='Administrator') (erpnext.localhost||scheduled_job||s60e2kq4sq)
2025-04-23 09:52:00,759 Successfully completed frappe.utils.background_jobs.execute_job(event=None, is_async=True, job_name='frappe.core.doctype.scheduled_job_type.scheduled_job_type.run_scheduled_jo..., kwargs={'job_type': 'frappe.integrations.doctype.google_calendar.google_calendar.s..., method='frappe.core.doctype.scheduled_job_type.scheduled_job_type.run_scheduled_jo..., site='erpnext.localhost', user='Administrator') job in 0:00:00.220251s on worker 788fcd017c71498f9ef65546fcf28348
2025-04-23 09:52:00,759 home-rohy-evalaivr-evaluation:default: Job OK (erpnext.localhost||scheduled_job||s60e2kq4sq)
2025-04-23 09:52:00,759 Result is kept for 600 seconds
2025-04-23 09:52:00,765 Cleaning registries for queue: home-rohy-evalaivr-evaluation:short
2025-04-23 09:52:00,767 Cleaning registries for queue: home-rohy-evalaivr-evaluation:default
2025-04-23 09:52:00,769 Cleaning registries for queue: home-rohy-evalaivr-evaluation:long
2025-04-23 09:52:00,771 home-rohy-evalaivr-evaluation:default: frappe.utils.background_jobs.execute_job(event=None, is_async=True, job_name='frappe.core.doctype.scheduled_job_type.scheduled_job_type.run_scheduled_jo..., kwargs={'job_type': 'frappe.email.queue.flush', 'scheduled_job_type': 's60b9alidp'..., method='frappe.core.doctype.scheduled_job_type.scheduled_job_type.run_scheduled_jo..., site='erpnext.localhost', user='Administrator') (erpnext.localhost||scheduled_job||s60b9alidp)
2025-04-23 09:52:00,952 Successfully completed frappe.utils.background_jobs.execute_job(event=None, is_async=True, job_name='frappe.core.doctype.scheduled_job_type.scheduled_job_type.run_scheduled_jo..., kwargs={'job_type': 'frappe.email.queue.flush', 'scheduled_job_type': 's60b9alidp'..., method='frappe.core.doctype.scheduled_job_type.scheduled_job_type.run_scheduled_jo..., site='erpnext.localhost', user='Administrator') job in 0:00:00.175766s on worker 788fcd017c71498f9ef65546fcf28348
2025-04-23 09:52:00,952 home-rohy-evalaivr-evaluation:default: Job OK (erpnext.localhost||scheduled_job||s60b9alidp)
2025-04-23 09:52:00,952 Result is kept for 600 seconds
2025-04-23 09:52:00,958 home-rohy-evalaivr-evaluation:default: frappe.utils.background_jobs.execute_job(event=None, is_async=True, job_name='frappe.core.doctype.scheduled_job_type.scheduled_job_type.run_scheduled_jo..., kwargs={'job_type': 'frappe.monitor.flush', 'scheduled_job_type': 's60ssvifus'}, method='frappe.core.doctype.scheduled_job_type.scheduled_job_type.run_scheduled_jo..., site='erpnext.localhost', user='Administrator') (erpnext.localhost||scheduled_job||s60ssvifus)
2025-04-23 09:52:01,078 Successfully completed frappe.utils.background_jobs.execute_job(event=None, is_async=True, job_name='frappe.core.doctype.scheduled_job_type.scheduled_job_type.run_scheduled_jo..., kwargs={'job_type': 'frappe.monitor.flush', 'scheduled_job_type': 's60ssvifus'}, method='frappe.core.doctype.scheduled_job_type.scheduled_job_type.run_scheduled_jo..., site='erpnext.localhost', user='Administrator') job in 0:00:00.113062s on worker 788fcd017c71498f9ef65546fcf28348
2025-04-23 09:52:01,078 home-rohy-evalaivr-evaluation:default: Job OK (erpnext.localhost||scheduled_job||s60ssvifus)
2025-04-23 09:52:01,078 Result is kept for 600 seconds
2025-04-23 09:52:01,084 home-rohy-evalaivr-evaluation:default: frappe.utils.background_jobs.execute_job(event=None, is_async=True, job_name='frappe.core.doctype.scheduled_job_type.scheduled_job_type.run_scheduled_jo..., kwargs={'job_type': 'frappe.email.doctype.notification.notification.trigger_offset..., method='frappe.core.doctype.scheduled_job_type.scheduled_job_type.run_scheduled_jo..., site='erpnext.localhost', user='Administrator') (erpnext.localhost||scheduled_job||s603rpotun)
2025-04-23 09:52:01,198 Successfully completed frappe.utils.background_jobs.execute_job(event=None, is_async=True, job_name='frappe.core.doctype.scheduled_job_type.scheduled_job_type.run_scheduled_jo..., kwargs={'job_type': 'frappe.email.doctype.notification.notification.trigger_offset..., method='frappe.core.doctype.scheduled_job_type.scheduled_job_type.run_scheduled_jo..., site='erpnext.localhost', user='Administrator') job in 0:00:00.107794s on worker 788fcd017c71498f9ef65546fcf28348
2025-04-23 09:52:01,198 home-rohy-evalaivr-evaluation:default: Job OK (erpnext.localhost||scheduled_job||s603rpotun)
2025-04-23 09:52:01,198 Result is kept for 600 seconds
2025-04-23 09:52:01,204 home-rohy-evalaivr-evaluation:default: frappe.utils.background_jobs.execute_job(event=None, is_async=True, job_name='frappe.core.doctype.scheduled_job_type.scheduled_job_type.run_scheduled_jo..., kwargs={'job_type': 'frappe.email.doctype.email_account.email_account.pull', 'sche..., method='frappe.core.doctype.scheduled_job_type.scheduled_job_type.run_scheduled_jo..., site='erpnext.localhost', user='Administrator') (erpnext.localhost||scheduled_job||s60v5h24ke)
2025-04-23 09:52:01,320 Successfully completed frappe.utils.background_jobs.execute_job(event=None, is_async=True, job_name='frappe.core.doctype.scheduled_job_type.scheduled_job_type.run_scheduled_jo..., kwargs={'job_type': 'frappe.email.doctype.email_account.email_account.pull', 'sche..., method='frappe.core.doctype.scheduled_job_type.scheduled_job_type.run_scheduled_jo..., site='erpnext.localhost', user='Administrator') job in 0:00:00.110765s on worker 788fcd017c71498f9ef65546fcf28348
2025-04-23 09:52:01,320 home-rohy-evalaivr-evaluation:default: Job OK (erpnext.localhost||scheduled_job||s60v5h24ke)
2025-04-23 09:52:01,320 Result is kept for 600 seconds
2025-04-23 09:56:42,506 home-rohy-evalaivr-evaluation:default: frappe.utils.background_jobs.execute_job(event=None, is_async=True, job_name='frappe.core.doctype.scheduled_job_type.scheduled_job_type.run_scheduled_jo..., kwargs={'job_type': 'frappe.email.doctype.notification.notification.trigger_offset..., method='frappe.core.doctype.scheduled_job_type.scheduled_job_type.run_scheduled_jo..., site='erpnext.localhost', user='Administrator') (erpnext.localhost||scheduled_job||s603rpotun)
2025-04-23 09:56:42,915 Successfully completed frappe.utils.background_jobs.execute_job(event=None, is_async=True, job_name='frappe.core.doctype.scheduled_job_type.scheduled_job_type.run_scheduled_jo..., kwargs={'job_type': 'frappe.email.doctype.notification.notification.trigger_offset..., method='frappe.core.doctype.scheduled_job_type.scheduled_job_type.run_scheduled_jo..., site='erpnext.localhost', user='Administrator') job in 0:00:00.394595s on worker 788fcd017c71498f9ef65546fcf28348
2025-04-23 09:56:42,915 home-rohy-evalaivr-evaluation:default: Job OK (erpnext.localhost||scheduled_job||s603rpotun)
2025-04-23 09:56:42,915 Result is kept for 600 seconds
2025-04-23 09:56:42,928 home-rohy-evalaivr-evaluation:default: frappe.utils.background_jobs.execute_job(event=None, is_async=True, job_name='frappe.core.doctype.scheduled_job_type.scheduled_job_type.run_scheduled_jo..., kwargs={'job_type': 'frappe.integrations.doctype.google_calendar.google_calendar.s..., method='frappe.core.doctype.scheduled_job_type.scheduled_job_type.run_scheduled_jo..., site='erpnext.localhost', user='Administrator') (erpnext.localhost||scheduled_job||s60e2kq4sq)
2025-04-23 09:56:43,479 Successfully completed frappe.utils.background_jobs.execute_job(event=None, is_async=True, job_name='frappe.core.doctype.scheduled_job_type.scheduled_job_type.run_scheduled_jo..., kwargs={'job_type': 'frappe.integrations.doctype.google_calendar.google_calendar.s..., method='frappe.core.doctype.scheduled_job_type.scheduled_job_type.run_scheduled_jo..., site='erpnext.localhost', user='Administrator') job in 0:00:00.538539s on worker 788fcd017c71498f9ef65546fcf28348
2025-04-23 09:56:43,479 home-rohy-evalaivr-evaluation:default: Job OK (erpnext.localhost||scheduled_job||s60e2kq4sq)
2025-04-23 09:56:43,479 Result is kept for 600 seconds
2025-04-23 09:56:43,500 home-rohy-evalaivr-evaluation:default: frappe.utils.background_jobs.execute_job(event=None, is_async=True, job_name='frappe.core.doctype.scheduled_job_type.scheduled_job_type.run_scheduled_jo..., kwargs={'job_type': 'frappe.monitor.flush', 'scheduled_job_type': 's60ssvifus'}, method='frappe.core.doctype.scheduled_job_type.scheduled_job_type.run_scheduled_jo..., site='erpnext.localhost', user='Administrator') (erpnext.localhost||scheduled_job||s60ssvifus)
2025-04-23 09:56:43,841 Successfully completed frappe.utils.background_jobs.execute_job(event=None, is_async=True, job_name='frappe.core.doctype.scheduled_job_type.scheduled_job_type.run_scheduled_jo..., kwargs={'job_type': 'frappe.monitor.flush', 'scheduled_job_type': 's60ssvifus'}, method='frappe.core.doctype.scheduled_job_type.scheduled_job_type.run_scheduled_jo..., site='erpnext.localhost', user='Administrator') job in 0:00:00.327001s on worker 788fcd017c71498f9ef65546fcf28348
2025-04-23 09:56:43,841 home-rohy-evalaivr-evaluation:default: Job OK (erpnext.localhost||scheduled_job||s60ssvifus)
2025-04-23 09:56:43,842 Result is kept for 600 seconds
2025-04-23 09:56:43,855 home-rohy-evalaivr-evaluation:default: frappe.utils.background_jobs.execute_job(event=None, is_async=True, job_name='frappe.core.doctype.scheduled_job_type.scheduled_job_type.run_scheduled_jo..., kwargs={'job_type': 'frappe.email.queue.flush', 'scheduled_job_type': 's60b9alidp'..., method='frappe.core.doctype.scheduled_job_type.scheduled_job_type.run_scheduled_jo..., site='erpnext.localhost', user='Administrator') (erpnext.localhost||scheduled_job||s60b9alidp)
2025-04-23 09:56:45,411 Successfully completed frappe.utils.background_jobs.execute_job(event=None, is_async=True, job_name='frappe.core.doctype.scheduled_job_type.scheduled_job_type.run_scheduled_jo..., kwargs={'job_type': 'frappe.email.queue.flush', 'scheduled_job_type': 's60b9alidp'..., method='frappe.core.doctype.scheduled_job_type.scheduled_job_type.run_scheduled_jo..., site='erpnext.localhost', user='Administrator') job in 0:00:01.543773s on worker 788fcd017c71498f9ef65546fcf28348
2025-04-23 09:56:45,412 home-rohy-evalaivr-evaluation:default: Job OK (erpnext.localhost||scheduled_job||s60b9alidp)
2025-04-23 09:56:45,412 Result is kept for 600 seconds
2025-04-23 10:00:00,088 home-rohy-evalaivr-evaluation:default: frappe.utils.background_jobs.execute_job(event=None, is_async=True, job_name='frappe.core.doctype.scheduled_job_type.scheduled_job_type.run_scheduled_jo..., kwargs={'job_type': 'frappe.desk.page.backups.backups.delete_downloadable_backups'..., method='frappe.core.doctype.scheduled_job_type.scheduled_job_type.run_scheduled_jo..., site='erpnext.localhost', user='Administrator') (erpnext.localhost||scheduled_job||s60eklalh1)
2025-04-23 10:00:00,517 Successfully completed frappe.utils.background_jobs.execute_job(event=None, is_async=True, job_name='frappe.core.doctype.scheduled_job_type.scheduled_job_type.run_scheduled_jo..., kwargs={'job_type': 'frappe.desk.page.backups.backups.delete_downloadable_backups'..., method='frappe.core.doctype.scheduled_job_type.scheduled_job_type.run_scheduled_jo..., site='erpnext.localhost', user='Administrator') job in 0:00:00.412367s on worker 788fcd017c71498f9ef65546fcf28348
2025-04-23 10:00:00,518 home-rohy-evalaivr-evaluation:default: Job OK (erpnext.localhost||scheduled_job||s60eklalh1)
2025-04-23 10:00:00,518 Result is kept for 600 seconds
2025-04-23 10:00:00,532 home-rohy-evalaivr-evaluation:default: frappe.utils.background_jobs.execute_job(event=None, is_async=True, job_name='frappe.core.doctype.scheduled_job_type.scheduled_job_type.run_scheduled_jo..., kwargs={'job_type': 'frappe.utils.global_search.sync_global_search', 'scheduled_jo..., method='frappe.core.doctype.scheduled_job_type.scheduled_job_type.run_scheduled_jo..., site='erpnext.localhost', user='Administrator') (erpnext.localhost||scheduled_job||s6091q3nn9)
2025-04-23 10:00:00,777 Successfully completed frappe.utils.background_jobs.execute_job(event=None, is_async=True, job_name='frappe.core.doctype.scheduled_job_type.scheduled_job_type.run_scheduled_jo..., kwargs={'job_type': 'frappe.utils.global_search.sync_global_search', 'scheduled_jo..., method='frappe.core.doctype.scheduled_job_type.scheduled_job_type.run_scheduled_jo..., site='erpnext.localhost', user='Administrator') job in 0:00:00.230204s on worker 788fcd017c71498f9ef65546fcf28348
2025-04-23 10:00:00,777 home-rohy-evalaivr-evaluation:default: Job OK (erpnext.localhost||scheduled_job||s6091q3nn9)
2025-04-23 10:00:00,777 Result is kept for 600 seconds
2025-04-23 10:00:00,791 home-rohy-evalaivr-evaluation:default: frappe.utils.background_jobs.execute_job(event=None, is_async=True, job_name='frappe.core.doctype.scheduled_job_type.scheduled_job_type.run_scheduled_jo..., kwargs={'job_type': 'frappe.integrations.doctype.google_calendar.google_calendar.s..., method='frappe.core.doctype.scheduled_job_type.scheduled_job_type.run_scheduled_jo..., site='erpnext.localhost', user='Administrator') (erpnext.localhost||scheduled_job||s60e2kq4sq)
2025-04-23 10:00:01,348 Successfully completed frappe.utils.background_jobs.execute_job(event=None, is_async=True, job_name='frappe.core.doctype.scheduled_job_type.scheduled_job_type.run_scheduled_jo..., kwargs={'job_type': 'frappe.integrations.doctype.google_calendar.google_calendar.s..., method='frappe.core.doctype.scheduled_job_type.scheduled_job_type.run_scheduled_jo..., site='erpnext.localhost', user='Administrator') job in 0:00:00.543897s on worker 788fcd017c71498f9ef65546fcf28348
2025-04-23 10:00:01,349 home-rohy-evalaivr-evaluation:default: Job OK (erpnext.localhost||scheduled_job||s60e2kq4sq)
2025-04-23 10:00:01,349 Result is kept for 600 seconds
2025-04-23 10:00:01,362 home-rohy-evalaivr-evaluation:default: frappe.utils.background_jobs.execute_job(event=None, is_async=True, job_name='frappe.core.doctype.scheduled_job_type.scheduled_job_type.run_scheduled_jo..., kwargs={'job_type': 'erpnext.manufacturing.doctype.bom_update_log.bom_update_log.r..., method='frappe.core.doctype.scheduled_job_type.scheduled_job_type.run_scheduled_jo..., site='erpnext.localhost', user='Administrator') (erpnext.localhost||scheduled_job||tgsg535gbe)
2025-04-23 10:00:01,614 Successfully completed frappe.utils.background_jobs.execute_job(event=None, is_async=True, job_name='frappe.core.doctype.scheduled_job_type.scheduled_job_type.run_scheduled_jo..., kwargs={'job_type': 'erpnext.manufacturing.doctype.bom_update_log.bom_update_log.r..., method='frappe.core.doctype.scheduled_job_type.scheduled_job_type.run_scheduled_jo..., site='erpnext.localhost', user='Administrator') job in 0:00:00.239143s on worker 788fcd017c71498f9ef65546fcf28348
2025-04-23 10:00:01,615 home-rohy-evalaivr-evaluation:default: Job OK (erpnext.localhost||scheduled_job||tgsg535gbe)
2025-04-23 10:00:01,615 Result is kept for 600 seconds
2025-04-23 10:00:01,626 home-rohy-evalaivr-evaluation:default: frappe.utils.background_jobs.execute_job(event=None, is_async=True, job_name='frappe.core.doctype.scheduled_job_type.scheduled_job_type.run_scheduled_jo..., kwargs={'job_type': 'erpnext.projects.doctype.project.project.project_status_updat..., method='frappe.core.doctype.scheduled_job_type.scheduled_job_type.run_scheduled_jo..., site='erpnext.localhost', user='Administrator') (erpnext.localhost||scheduled_job||tgsqk4bptv)
2025-04-23 10:00:01,983 Successfully completed frappe.utils.background_jobs.execute_job(event=None, is_async=True, job_name='frappe.core.doctype.scheduled_job_type.scheduled_job_type.run_scheduled_jo..., kwargs={'job_type': 'erpnext.projects.doctype.project.project.project_status_updat..., method='frappe.core.doctype.scheduled_job_type.scheduled_job_type.run_scheduled_jo..., site='erpnext.localhost', user='Administrator') job in 0:00:00.343640s on worker 788fcd017c71498f9ef65546fcf28348
2025-04-23 10:00:01,984 home-rohy-evalaivr-evaluation:default: Job OK (erpnext.localhost||scheduled_job||tgsqk4bptv)
2025-04-23 10:00:01,984 Result is kept for 600 seconds
2025-04-23 10:00:01,998 home-rohy-evalaivr-evaluation:default: frappe.utils.background_jobs.execute_job(event=None, is_async=True, job_name='frappe.core.doctype.scheduled_job_type.scheduled_job_type.run_scheduled_jo..., kwargs={'job_type': 'frappe.email.doctype.email_account.email_account.notify_unrep..., method='frappe.core.doctype.scheduled_job_type.scheduled_job_type.run_scheduled_jo..., site='erpnext.localhost', user='Administrator') (erpnext.localhost||scheduled_job||s60tvhcbpc)
2025-04-23 10:00:02,268 Successfully completed frappe.utils.background_jobs.execute_job(event=None, is_async=True, job_name='frappe.core.doctype.scheduled_job_type.scheduled_job_type.run_scheduled_jo..., kwargs={'job_type': 'frappe.email.doctype.email_account.email_account.notify_unrep..., method='frappe.core.doctype.scheduled_job_type.scheduled_job_type.run_scheduled_jo..., site='erpnext.localhost', user='Administrator') job in 0:00:00.257612s on worker 788fcd017c71498f9ef65546fcf28348
2025-04-23 10:00:02,269 home-rohy-evalaivr-evaluation:default: Job OK (erpnext.localhost||scheduled_job||s60tvhcbpc)
2025-04-23 10:00:02,269 Result is kept for 600 seconds
2025-04-23 10:00:02,281 home-rohy-evalaivr-evaluation:default: frappe.utils.background_jobs.execute_job(event=None, is_async=True, job_name='frappe.core.doctype.scheduled_job_type.scheduled_job_type.run_scheduled_jo..., kwargs={'job_type': 'frappe.monitor.flush', 'scheduled_job_type': 's60ssvifus'}, method='frappe.core.doctype.scheduled_job_type.scheduled_job_type.run_scheduled_jo..., site='erpnext.localhost', user='Administrator') (erpnext.localhost||scheduled_job||s60ssvifus)
2025-04-23 10:00:02,525 Successfully completed frappe.utils.background_jobs.execute_job(event=None, is_async=True, job_name='frappe.core.doctype.scheduled_job_type.scheduled_job_type.run_scheduled_jo..., kwargs={'job_type': 'frappe.monitor.flush', 'scheduled_job_type': 's60ssvifus'}, method='frappe.core.doctype.scheduled_job_type.scheduled_job_type.run_scheduled_jo..., site='erpnext.localhost', user='Administrator') job in 0:00:00.230719s on worker 788fcd017c71498f9ef65546fcf28348
2025-04-23 10:00:02,525 home-rohy-evalaivr-evaluation:default: Job OK (erpnext.localhost||scheduled_job||s60ssvifus)
2025-04-23 10:00:02,525 Result is kept for 600 seconds
2025-04-23 10:00:02,537 home-rohy-evalaivr-evaluation:default: frappe.utils.background_jobs.execute_job(event=None, is_async=True, job_name='frappe.core.doctype.scheduled_job_type.scheduled_job_type.run_scheduled_jo..., kwargs={'job_type': 'erpnext.projects.doctype.project.project.hourly_reminder', 's..., method='frappe.core.doctype.scheduled_job_type.scheduled_job_type.run_scheduled_jo..., site='erpnext.localhost', user='Administrator') (erpnext.localhost||scheduled_job||tgsn011kqd)
2025-04-23 10:00:02,864 Successfully completed frappe.utils.background_jobs.execute_job(event=None, is_async=True, job_name='frappe.core.doctype.scheduled_job_type.scheduled_job_type.run_scheduled_jo..., kwargs={'job_type': 'erpnext.projects.doctype.project.project.hourly_reminder', 's..., method='frappe.core.doctype.scheduled_job_type.scheduled_job_type.run_scheduled_jo..., site='erpnext.localhost', user='Administrator') job in 0:00:00.314210s on worker 788fcd017c71498f9ef65546fcf28348
2025-04-23 10:00:02,864 home-rohy-evalaivr-evaluation:default: Job OK (erpnext.localhost||scheduled_job||tgsn011kqd)
2025-04-23 10:00:02,864 Result is kept for 600 seconds
2025-04-23 10:00:02,878 home-rohy-evalaivr-evaluation:default: frappe.utils.background_jobs.execute_job(event=None, is_async=True, job_name='frappe.core.doctype.scheduled_job_type.scheduled_job_type.run_scheduled_jo..., kwargs={'job_type': 'frappe.model.utils.link_count.update_link_count', 'scheduled_..., method='frappe.core.doctype.scheduled_job_type.scheduled_job_type.run_scheduled_jo..., site='erpnext.localhost', user='Administrator') (erpnext.localhost||scheduled_job||s608b5ancb)
2025-04-23 10:00:03,162 Successfully completed frappe.utils.background_jobs.execute_job(event=None, is_async=True, job_name='frappe.core.doctype.scheduled_job_type.scheduled_job_type.run_scheduled_jo..., kwargs={'job_type': 'frappe.model.utils.link_count.update_link_count', 'scheduled_..., method='frappe.core.doctype.scheduled_job_type.scheduled_job_type.run_scheduled_jo..., site='erpnext.localhost', user='Administrator') job in 0:00:00.271114s on worker 788fcd017c71498f9ef65546fcf28348
2025-04-23 10:00:03,162 home-rohy-evalaivr-evaluation:default: Job OK (erpnext.localhost||scheduled_job||s608b5ancb)
2025-04-23 10:00:03,162 Result is kept for 600 seconds
2025-04-23 10:00:03,175 home-rohy-evalaivr-evaluation:default: frappe.utils.background_jobs.execute_job(event=None, is_async=True, job_name='frappe.core.doctype.scheduled_job_type.scheduled_job_type.run_scheduled_jo..., kwargs={'job_type': 'frappe.oauth.delete_oauth2_data', 'scheduled_job_type': 's607..., method='frappe.core.doctype.scheduled_job_type.scheduled_job_type.run_scheduled_jo..., site='erpnext.localhost', user='Administrator') (erpnext.localhost||scheduled_job||s607u2ss9g)
2025-04-23 10:00:03,522 Successfully completed frappe.utils.background_jobs.execute_job(event=None, is_async=True, job_name='frappe.core.doctype.scheduled_job_type.scheduled_job_type.run_scheduled_jo..., kwargs={'job_type': 'frappe.oauth.delete_oauth2_data', 'scheduled_job_type': 's607..., method='frappe.core.doctype.scheduled_job_type.scheduled_job_type.run_scheduled_jo..., site='erpnext.localhost', user='Administrator') job in 0:00:00.333500s on worker 788fcd017c71498f9ef65546fcf28348
2025-04-23 10:00:03,522 home-rohy-evalaivr-evaluation:default: Job OK (erpnext.localhost||scheduled_job||s607u2ss9g)
2025-04-23 10:00:03,522 Result is kept for 600 seconds
2025-04-23 10:00:03,535 home-rohy-evalaivr-evaluation:default: frappe.utils.background_jobs.execute_job(event=None, is_async=True, job_name='frappe.core.doctype.scheduled_job_type.scheduled_job_type.run_scheduled_jo..., kwargs={'job_type': 'erpnext.projects.doctype.project.project.collect_project_stat..., method='frappe.core.doctype.scheduled_job_type.scheduled_job_type.run_scheduled_jo..., site='erpnext.localhost', user='Administrator') (erpnext.localhost||scheduled_job||tgs4o4k734)
2025-04-23 10:00:03,852 Successfully completed frappe.utils.background_jobs.execute_job(event=None, is_async=True, job_name='frappe.core.doctype.scheduled_job_type.scheduled_job_type.run_scheduled_jo..., kwargs={'job_type': 'erpnext.projects.doctype.project.project.collect_project_stat..., method='frappe.core.doctype.scheduled_job_type.scheduled_job_type.run_scheduled_jo..., site='erpnext.localhost', user='Administrator') job in 0:00:00.305395s on worker 788fcd017c71498f9ef65546fcf28348
2025-04-23 10:00:03,852 home-rohy-evalaivr-evaluation:default: Job OK (erpnext.localhost||scheduled_job||tgs4o4k734)
2025-04-23 10:00:03,852 Result is kept for 600 seconds
2025-04-23 10:00:03,864 home-rohy-evalaivr-evaluation:default: frappe.utils.background_jobs.execute_job(event=None, is_async=True, job_name='frappe.core.doctype.scheduled_job_type.scheduled_job_type.run_scheduled_jo..., kwargs={'job_type': 'erpnext.erpnext_integrations.doctype.plaid_settings.plaid_set..., method='frappe.core.doctype.scheduled_job_type.scheduled_job_type.run_scheduled_jo..., site='erpnext.localhost', user='Administrator') (erpnext.localhost||scheduled_job||tgsq64od4l)
2025-04-23 10:00:04,174 Successfully completed frappe.utils.background_jobs.execute_job(event=None, is_async=True, job_name='frappe.core.doctype.scheduled_job_type.scheduled_job_type.run_scheduled_jo..., kwargs={'job_type': 'erpnext.erpnext_integrations.doctype.plaid_settings.plaid_set..., method='frappe.core.doctype.scheduled_job_type.scheduled_job_type.run_scheduled_jo..., site='erpnext.localhost', user='Administrator') job in 0:00:00.297527s on worker 788fcd017c71498f9ef65546fcf28348
2025-04-23 10:00:04,174 home-rohy-evalaivr-evaluation:default: Job OK (erpnext.localhost||scheduled_job||tgsq64od4l)
2025-04-23 10:00:04,175 Result is kept for 600 seconds
2025-04-23 10:00:04,190 home-rohy-evalaivr-evaluation:default: frappe.utils.background_jobs.execute_job(event=None, is_async=True, job_name='frappe.core.doctype.scheduled_job_type.scheduled_job_type.run_scheduled_jo..., kwargs={'job_type': 'frappe.website.doctype.personal_data_deletion_request.persona..., method='frappe.core.doctype.scheduled_job_type.scheduled_job_type.run_scheduled_jo..., site='erpnext.localhost', user='Administrator') (erpnext.localhost||scheduled_job||s60gv7ka84)
2025-04-23 10:00:04,526 Successfully completed frappe.utils.background_jobs.execute_job(event=None, is_async=True, job_name='frappe.core.doctype.scheduled_job_type.scheduled_job_type.run_scheduled_jo..., kwargs={'job_type': 'frappe.website.doctype.personal_data_deletion_request.persona..., method='frappe.core.doctype.scheduled_job_type.scheduled_job_type.run_scheduled_jo..., site='erpnext.localhost', user='Administrator') job in 0:00:00.324599s on worker 788fcd017c71498f9ef65546fcf28348
2025-04-23 10:00:04,526 home-rohy-evalaivr-evaluation:default: Job OK (erpnext.localhost||scheduled_job||s60gv7ka84)
2025-04-23 10:00:04,526 Result is kept for 600 seconds
2025-04-23 10:00:04,536 home-rohy-evalaivr-evaluation:default: frappe.utils.background_jobs.execute_job(event=None, is_async=True, job_name='frappe.core.doctype.scheduled_job_type.scheduled_job_type.run_scheduled_jo..., kwargs={'job_type': 'frappe.email.doctype.newsletter.newsletter.send_scheduled_ema..., method='frappe.core.doctype.scheduled_job_type.scheduled_job_type.run_scheduled_jo..., site='erpnext.localhost', user='Administrator') (erpnext.localhost||scheduled_job||s60i57jue2)
2025-04-23 10:00:04,903 Successfully completed frappe.utils.background_jobs.execute_job(event=None, is_async=True, job_name='frappe.core.doctype.scheduled_job_type.scheduled_job_type.run_scheduled_jo..., kwargs={'job_type': 'frappe.email.doctype.newsletter.newsletter.send_scheduled_ema..., method='frappe.core.doctype.scheduled_job_type.scheduled_job_type.run_scheduled_jo..., site='erpnext.localhost', user='Administrator') job in 0:00:00.355512s on worker 788fcd017c71498f9ef65546fcf28348
2025-04-23 10:00:04,903 home-rohy-evalaivr-evaluation:default: Job OK (erpnext.localhost||scheduled_job||s60i57jue2)
2025-04-23 10:00:04,904 Result is kept for 600 seconds
2025-04-23 10:00:04,916 home-rohy-evalaivr-evaluation:default: frappe.utils.background_jobs.execute_job(event=None, is_async=True, job_name='frappe.core.doctype.scheduled_job_type.scheduled_job_type.run_scheduled_jo..., kwargs={'job_type': 'frappe.website.doctype.web_page.web_page.check_publish_status..., method='frappe.core.doctype.scheduled_job_type.scheduled_job_type.run_scheduled_jo..., site='erpnext.localhost', user='Administrator') (erpnext.localhost||scheduled_job||s609qc5grc)
2025-04-23 10:00:05,300 Successfully completed frappe.utils.background_jobs.execute_job(event=None, is_async=True, job_name='frappe.core.doctype.scheduled_job_type.scheduled_job_type.run_scheduled_jo..., kwargs={'job_type': 'frappe.website.doctype.web_page.web_page.check_publish_status..., method='frappe.core.doctype.scheduled_job_type.scheduled_job_type.run_scheduled_jo..., site='erpnext.localhost', user='Administrator') job in 0:00:00.371230s on worker 788fcd017c71498f9ef65546fcf28348
2025-04-23 10:00:05,301 home-rohy-evalaivr-evaluation:default: Job OK (erpnext.localhost||scheduled_job||s609qc5grc)
2025-04-23 10:00:05,301 Result is kept for 600 seconds
2025-04-23 10:00:05,314 home-rohy-evalaivr-evaluation:default: frappe.utils.background_jobs.execute_job(event=None, is_async=True, job_name='frappe.core.doctype.scheduled_job_type.scheduled_job_type.run_scheduled_jo..., kwargs={'job_type': 'frappe.email.queue.flush', 'scheduled_job_type': 's60b9alidp'..., method='frappe.core.doctype.scheduled_job_type.scheduled_job_type.run_scheduled_jo..., site='erpnext.localhost', user='Administrator') (erpnext.localhost||scheduled_job||s60b9alidp)
2025-04-23 10:00:05,732 Successfully completed frappe.utils.background_jobs.execute_job(event=None, is_async=True, job_name='frappe.core.doctype.scheduled_job_type.scheduled_job_type.run_scheduled_jo..., kwargs={'job_type': 'frappe.email.queue.flush', 'scheduled_job_type': 's60b9alidp'..., method='frappe.core.doctype.scheduled_job_type.scheduled_job_type.run_scheduled_jo..., site='erpnext.localhost', user='Administrator') job in 0:00:00.405638s on worker 788fcd017c71498f9ef65546fcf28348
2025-04-23 10:00:05,732 home-rohy-evalaivr-evaluation:default: Job OK (erpnext.localhost||scheduled_job||s60b9alidp)
2025-04-23 10:00:05,732 Result is kept for 600 seconds
2025-04-23 10:00:05,745 home-rohy-evalaivr-evaluation:default: frappe.utils.background_jobs.execute_job(event=None, is_async=True, job_name='frappe.core.doctype.scheduled_job_type.scheduled_job_type.run_scheduled_jo..., kwargs={'job_type': 'frappe.desk.form.document_follow.send_hourly_updates', 'sched..., method='frappe.core.doctype.scheduled_job_type.scheduled_job_type.run_scheduled_jo..., site='erpnext.localhost', user='Administrator') (erpnext.localhost||scheduled_job||s60s4fqf9p)
2025-04-23 10:00:06,029 Successfully completed frappe.utils.background_jobs.execute_job(event=None, is_async=True, job_name='frappe.core.doctype.scheduled_job_type.scheduled_job_type.run_scheduled_jo..., kwargs={'job_type': 'frappe.desk.form.document_follow.send_hourly_updates', 'sched..., method='frappe.core.doctype.scheduled_job_type.scheduled_job_type.run_scheduled_jo..., site='erpnext.localhost', user='Administrator') job in 0:00:00.272340s on worker 788fcd017c71498f9ef65546fcf28348
2025-04-23 10:00:06,030 home-rohy-evalaivr-evaluation:default: Job OK (erpnext.localhost||scheduled_job||s60s4fqf9p)
2025-04-23 10:00:06,030 Result is kept for 600 seconds
2025-04-23 10:00:06,041 home-rohy-evalaivr-evaluation:default: frappe.utils.background_jobs.execute_job(event=None, is_async=True, job_name='frappe.core.doctype.scheduled_job_type.scheduled_job_type.run_scheduled_jo..., kwargs={'job_type': 'frappe.deferred_insert.save_to_db', 'scheduled_job_type': 's6..., method='frappe.core.doctype.scheduled_job_type.scheduled_job_type.run_scheduled_jo..., site='erpnext.localhost', user='Administrator') (erpnext.localhost||scheduled_job||s6065rp0ec)
2025-04-23 10:00:06,284 Successfully completed frappe.utils.background_jobs.execute_job(event=None, is_async=True, job_name='frappe.core.doctype.scheduled_job_type.scheduled_job_type.run_scheduled_jo..., kwargs={'job_type': 'frappe.deferred_insert.save_to_db', 'scheduled_job_type': 's6..., method='frappe.core.doctype.scheduled_job_type.scheduled_job_type.run_scheduled_jo..., site='erpnext.localhost', user='Administrator') job in 0:00:00.229576s on worker 788fcd017c71498f9ef65546fcf28348
2025-04-23 10:00:06,284 home-rohy-evalaivr-evaluation:default: Job OK (erpnext.localhost||scheduled_job||s6065rp0ec)
2025-04-23 10:00:06,285 Result is kept for 600 seconds
2025-04-23 10:00:06,296 home-rohy-evalaivr-evaluation:default: frappe.utils.background_jobs.execute_job(event=None, is_async=True, job_name='frappe.core.doctype.scheduled_job_type.scheduled_job_type.run_scheduled_jo..., kwargs={'job_type': 'frappe.automation.doctype.reminder.reminder.send_reminders', ..., method='frappe.core.doctype.scheduled_job_type.scheduled_job_type.run_scheduled_jo..., site='erpnext.localhost', user='Administrator') (erpnext.localhost||scheduled_job||s60860egc9)
2025-04-23 10:00:06,558 Successfully completed frappe.utils.background_jobs.execute_job(event=None, is_async=True, job_name='frappe.core.doctype.scheduled_job_type.scheduled_job_type.run_scheduled_jo..., kwargs={'job_type': 'frappe.automation.doctype.reminder.reminder.send_reminders', ..., method='frappe.core.doctype.scheduled_job_type.scheduled_job_type.run_scheduled_jo..., site='erpnext.localhost', user='Administrator') job in 0:00:00.248945s on worker 788fcd017c71498f9ef65546fcf28348
2025-04-23 10:00:06,559 home-rohy-evalaivr-evaluation:default: Job OK (erpnext.localhost||scheduled_job||s60860egc9)
2025-04-23 10:00:06,559 Result is kept for 600 seconds
2025-04-23 10:00:06,572 home-rohy-evalaivr-evaluation:default: frappe.utils.background_jobs.execute_job(event=None, is_async=True, job_name='frappe.core.doctype.scheduled_job_type.scheduled_job_type.run_scheduled_jo..., kwargs={'job_type': 'frappe.twofactor.delete_all_barcodes_for_users', 'scheduled_j..., method='frappe.core.doctype.scheduled_job_type.scheduled_job_type.run_scheduled_jo..., site='erpnext.localhost', user='Administrator') (erpnext.localhost||scheduled_job||s606f3j3k3)
2025-04-23 10:00:06,843 Successfully completed frappe.utils.background_jobs.execute_job(event=None, is_async=True, job_name='frappe.core.doctype.scheduled_job_type.scheduled_job_type.run_scheduled_jo..., kwargs={'job_type': 'frappe.twofactor.delete_all_barcodes_for_users', 'scheduled_j..., method='frappe.core.doctype.scheduled_job_type.scheduled_job_type.run_scheduled_jo..., site='erpnext.localhost', user='Administrator') job in 0:00:00.254228s on worker 788fcd017c71498f9ef65546fcf28348
2025-04-23 10:00:06,843 home-rohy-evalaivr-evaluation:default: Job OK (erpnext.localhost||scheduled_job||s606f3j3k3)
2025-04-23 10:00:06,844 Result is kept for 600 seconds
2025-04-23 10:00:06,856 home-rohy-evalaivr-evaluation:default: frappe.utils.background_jobs.execute_job(event=None, is_async=True, job_name='frappe.core.doctype.scheduled_job_type.scheduled_job_type.run_scheduled_jo..., kwargs={'job_type': 'frappe.model.utils.user_settings.sync_user_settings', 'schedu..., method='frappe.core.doctype.scheduled_job_type.scheduled_job_type.run_scheduled_jo..., site='erpnext.localhost', user='Administrator') (erpnext.localhost||scheduled_job||s605plhvkj)
2025-04-23 10:00:07,163 Successfully completed frappe.utils.background_jobs.execute_job(event=None, is_async=True, job_name='frappe.core.doctype.scheduled_job_type.scheduled_job_type.run_scheduled_jo..., kwargs={'job_type': 'frappe.model.utils.user_settings.sync_user_settings', 'schedu..., method='frappe.core.doctype.scheduled_job_type.scheduled_job_type.run_scheduled_jo..., site='erpnext.localhost', user='Administrator') job in 0:00:00.293748s on worker 788fcd017c71498f9ef65546fcf28348
2025-04-23 10:00:07,163 home-rohy-evalaivr-evaluation:default: Job OK (erpnext.localhost||scheduled_job||s605plhvkj)
2025-04-23 10:00:07,163 Result is kept for 600 seconds
2025-04-23 10:00:07,176 home-rohy-evalaivr-evaluation:default: frappe.utils.background_jobs.execute_job(event=None, is_async=True, job_name='frappe.core.doctype.scheduled_job_type.scheduled_job_type.run_scheduled_jo..., kwargs={'job_type': 'frappe.email.doctype.email_account.email_account.pull', 'sche..., method='frappe.core.doctype.scheduled_job_type.scheduled_job_type.run_scheduled_jo..., site='erpnext.localhost', user='Administrator') (erpnext.localhost||scheduled_job||s60v5h24ke)
2025-04-23 10:00:07,454 Successfully completed frappe.utils.background_jobs.execute_job(event=None, is_async=True, job_name='frappe.core.doctype.scheduled_job_type.scheduled_job_type.run_scheduled_jo..., kwargs={'job_type': 'frappe.email.doctype.email_account.email_account.pull', 'sche..., method='frappe.core.doctype.scheduled_job_type.scheduled_job_type.run_scheduled_jo..., site='erpnext.localhost', user='Administrator') job in 0:00:00.264942s on worker 788fcd017c71498f9ef65546fcf28348
2025-04-23 10:00:07,454 home-rohy-evalaivr-evaluation:default: Job OK (erpnext.localhost||scheduled_job||s60v5h24ke)
2025-04-23 10:00:07,455 Result is kept for 600 seconds
2025-04-23 10:00:07,466 home-rohy-evalaivr-evaluation:default: frappe.utils.background_jobs.execute_job(event=None, is_async=True, job_name='frappe.core.doctype.scheduled_job_type.scheduled_job_type.run_scheduled_jo..., kwargs={'job_type': 'frappe.email.doctype.notification.notification.trigger_offset..., method='frappe.core.doctype.scheduled_job_type.scheduled_job_type.run_scheduled_jo..., site='erpnext.localhost', user='Administrator') (erpnext.localhost||scheduled_job||s603rpotun)
2025-04-23 10:00:07,753 Successfully completed frappe.utils.background_jobs.execute_job(event=None, is_async=True, job_name='frappe.core.doctype.scheduled_job_type.scheduled_job_type.run_scheduled_jo..., kwargs={'job_type': 'frappe.email.doctype.notification.notification.trigger_offset..., method='frappe.core.doctype.scheduled_job_type.scheduled_job_type.run_scheduled_jo..., site='erpnext.localhost', user='Administrator') job in 0:00:00.274509s on worker 788fcd017c71498f9ef65546fcf28348
2025-04-23 10:00:07,753 home-rohy-evalaivr-evaluation:default: Job OK (erpnext.localhost||scheduled_job||s603rpotun)
2025-04-23 10:00:07,753 Result is kept for 600 seconds
2025-04-23 10:00:07,763 home-rohy-evalaivr-evaluation:default: frappe.utils.background_jobs.execute_job(event=None, is_async=True, job_name='frappe.core.doctype.scheduled_job_type.scheduled_job_type.run_scheduled_jo..., kwargs={'job_type': 'erpnext.utilities.doctype.video.video.update_youtube_data', '..., method='frappe.core.doctype.scheduled_job_type.scheduled_job_type.run_scheduled_jo..., site='erpnext.localhost', user='Administrator') (erpnext.localhost||scheduled_job||tgspm1s388)
2025-04-23 10:00:08,432 Successfully completed frappe.utils.background_jobs.execute_job(event=None, is_async=True, job_name='frappe.core.doctype.scheduled_job_type.scheduled_job_type.run_scheduled_jo..., kwargs={'job_type': 'erpnext.utilities.doctype.video.video.update_youtube_data', '..., method='frappe.core.doctype.scheduled_job_type.scheduled_job_type.run_scheduled_jo..., site='erpnext.localhost', user='Administrator') job in 0:00:00.656492s on worker 788fcd017c71498f9ef65546fcf28348
2025-04-23 10:00:08,433 home-rohy-evalaivr-evaluation:default: Job OK (erpnext.localhost||scheduled_job||tgspm1s388)
2025-04-23 10:00:08,433 Result is kept for 600 seconds
2025-04-23 10:03:59,996 home-rohy-evalaivr-evaluation:long: frappe.utils.background_jobs.execute_job(event=None, is_async=True, job_name='frappe.core.doctype.scheduled_job_type.scheduled_job_type.run_scheduled_jo..., kwargs={'job_type': 'erpnext.stock.doctype.repost_item_valuation.repost_item_valua..., method='frappe.core.doctype.scheduled_job_type.scheduled_job_type.run_scheduled_jo..., site='erpnext.localhost', user='Administrator') (erpnext.localhost||scheduled_job||tgvgbvpl46)
2025-04-23 10:04:00,394 Successfully completed frappe.utils.background_jobs.execute_job(event=None, is_async=True, job_name='frappe.core.doctype.scheduled_job_type.scheduled_job_type.run_scheduled_jo..., kwargs={'job_type': 'erpnext.stock.doctype.repost_item_valuation.repost_item_valua..., method='frappe.core.doctype.scheduled_job_type.scheduled_job_type.run_scheduled_jo..., site='erpnext.localhost', user='Administrator') job in 0:00:00.383029s on worker 788fcd017c71498f9ef65546fcf28348
2025-04-23 10:04:00,394 home-rohy-evalaivr-evaluation:long: Job OK (erpnext.localhost||scheduled_job||tgvgbvpl46)
2025-04-23 10:04:00,394 Result is kept for 600 seconds
2025-04-23 10:04:00,405 Cleaning registries for queue: home-rohy-evalaivr-evaluation:short
2025-04-23 10:04:00,411 Cleaning registries for queue: home-rohy-evalaivr-evaluation:default
2025-04-23 10:04:00,415 Cleaning registries for queue: home-rohy-evalaivr-evaluation:long
2025-04-23 10:04:00,422 home-rohy-evalaivr-evaluation:default: frappe.utils.background_jobs.execute_job(event=None, is_async=True, job_name='frappe.core.doctype.scheduled_job_type.scheduled_job_type.run_scheduled_jo..., kwargs={'job_type': 'frappe.monitor.flush', 'scheduled_job_type': 's60ssvifus'}, method='frappe.core.doctype.scheduled_job_type.scheduled_job_type.run_scheduled_jo..., site='erpnext.localhost', user='Administrator') (erpnext.localhost||scheduled_job||s60ssvifus)
2025-04-23 10:04:00,668 Successfully completed frappe.utils.background_jobs.execute_job(event=None, is_async=True, job_name='frappe.core.doctype.scheduled_job_type.scheduled_job_type.run_scheduled_jo..., kwargs={'job_type': 'frappe.monitor.flush', 'scheduled_job_type': 's60ssvifus'}, method='frappe.core.doctype.scheduled_job_type.scheduled_job_type.run_scheduled_jo..., site='erpnext.localhost', user='Administrator') job in 0:00:00.233418s on worker 788fcd017c71498f9ef65546fcf28348
2025-04-23 10:04:00,669 home-rohy-evalaivr-evaluation:default: Job OK (erpnext.localhost||scheduled_job||s60ssvifus)
2025-04-23 10:04:00,669 Result is kept for 600 seconds
2025-04-23 10:07:59,868 home-rohy-evalaivr-evaluation:default: frappe.utils.background_jobs.execute_job(event=None, is_async=True, job_name='frappe.core.doctype.scheduled_job_type.scheduled_job_type.run_scheduled_jo..., kwargs={'job_type': 'frappe.email.doctype.notification.notification.trigger_offset..., method='frappe.core.doctype.scheduled_job_type.scheduled_job_type.run_scheduled_jo..., site='erpnext.localhost', user='Administrator') (erpnext.localhost||scheduled_job||s603rpotun)
2025-04-23 10:08:00,153 Successfully completed frappe.utils.background_jobs.execute_job(event=None, is_async=True, job_name='frappe.core.doctype.scheduled_job_type.scheduled_job_type.run_scheduled_jo..., kwargs={'job_type': 'frappe.email.doctype.notification.notification.trigger_offset..., method='frappe.core.doctype.scheduled_job_type.scheduled_job_type.run_scheduled_jo..., site='erpnext.localhost', user='Administrator') job in 0:00:00.270763s on worker 788fcd017c71498f9ef65546fcf28348
2025-04-23 10:08:00,153 home-rohy-evalaivr-evaluation:default: Job OK (erpnext.localhost||scheduled_job||s603rpotun)
2025-04-23 10:08:00,153 Result is kept for 600 seconds
2025-04-23 10:08:00,166 home-rohy-evalaivr-evaluation:default: frappe.utils.background_jobs.execute_job(event=None, is_async=True, job_name='frappe.core.doctype.scheduled_job_type.scheduled_job_type.run_scheduled_jo..., kwargs={'job_type': 'frappe.email.queue.flush', 'scheduled_job_type': 's60b9alidp'..., method='frappe.core.doctype.scheduled_job_type.scheduled_job_type.run_scheduled_jo..., site='erpnext.localhost', user='Administrator') (erpnext.localhost||scheduled_job||s60b9alidp)
2025-04-23 10:08:00,557 Successfully completed frappe.utils.background_jobs.execute_job(event=None, is_async=True, job_name='frappe.core.doctype.scheduled_job_type.scheduled_job_type.run_scheduled_jo..., kwargs={'job_type': 'frappe.email.queue.flush', 'scheduled_job_type': 's60b9alidp'..., method='frappe.core.doctype.scheduled_job_type.scheduled_job_type.run_scheduled_jo..., site='erpnext.localhost', user='Administrator') job in 0:00:00.376870s on worker 788fcd017c71498f9ef65546fcf28348
2025-04-23 10:08:00,557 home-rohy-evalaivr-evaluation:default: Job OK (erpnext.localhost||scheduled_job||s60b9alidp)
2025-04-23 10:08:00,558 Result is kept for 600 seconds
2025-04-23 10:08:00,570 home-rohy-evalaivr-evaluation:default: frappe.utils.background_jobs.execute_job(event=None, is_async=True, job_name='frappe.core.doctype.scheduled_job_type.scheduled_job_type.run_scheduled_jo..., kwargs={'job_type': 'frappe.integrations.doctype.google_calendar.google_calendar.s..., method='frappe.core.doctype.scheduled_job_type.scheduled_job_type.run_scheduled_jo..., site='erpnext.localhost', user='Administrator') (erpnext.localhost||scheduled_job||s60e2kq4sq)
2025-04-23 10:08:01,023 Successfully completed frappe.utils.background_jobs.execute_job(event=None, is_async=True, job_name='frappe.core.doctype.scheduled_job_type.scheduled_job_type.run_scheduled_jo..., kwargs={'job_type': 'frappe.integrations.doctype.google_calendar.google_calendar.s..., method='frappe.core.doctype.scheduled_job_type.scheduled_job_type.run_scheduled_jo..., site='erpnext.localhost', user='Administrator') job in 0:00:00.440819s on worker 788fcd017c71498f9ef65546fcf28348
2025-04-23 10:08:01,023 home-rohy-evalaivr-evaluation:default: Job OK (erpnext.localhost||scheduled_job||s60e2kq4sq)
2025-04-23 10:08:01,024 Result is kept for 600 seconds
2025-04-23 10:08:01,037 home-rohy-evalaivr-evaluation:default: frappe.utils.background_jobs.execute_job(event=None, is_async=True, job_name='frappe.core.doctype.scheduled_job_type.scheduled_job_type.run_scheduled_jo..., kwargs={'job_type': 'frappe.monitor.flush', 'scheduled_job_type': 's60ssvifus'}, method='frappe.core.doctype.scheduled_job_type.scheduled_job_type.run_scheduled_jo..., site='erpnext.localhost', user='Administrator') (erpnext.localhost||scheduled_job||s60ssvifus)
2025-04-23 10:08:01,260 Successfully completed frappe.utils.background_jobs.execute_job(event=None, is_async=True, job_name='frappe.core.doctype.scheduled_job_type.scheduled_job_type.run_scheduled_jo..., kwargs={'job_type': 'frappe.monitor.flush', 'scheduled_job_type': 's60ssvifus'}, method='frappe.core.doctype.scheduled_job_type.scheduled_job_type.run_scheduled_jo..., site='erpnext.localhost', user='Administrator') job in 0:00:00.211231s on worker 788fcd017c71498f9ef65546fcf28348
2025-04-23 10:08:01,261 home-rohy-evalaivr-evaluation:default: Job OK (erpnext.localhost||scheduled_job||s60ssvifus)
2025-04-23 10:08:01,261 Result is kept for 600 seconds
2025-04-23 10:08:01,271 home-rohy-evalaivr-evaluation:long: frappe.utils.background_jobs.execute_job(event=None, is_async=True, job_name='frappe.core.doctype.scheduled_job_type.scheduled_job_type.run_scheduled_jo..., kwargs={'job_type': 'erpnext.utilities.bulk_transaction.retry', 'scheduled_job_typ..., method='frappe.core.doctype.scheduled_job_type.scheduled_job_type.run_scheduled_jo..., site='erpnext.localhost', user='Administrator') (erpnext.localhost||scheduled_job||tgv8dg7hqb)
2025-04-23 10:08:01,589 Successfully completed frappe.utils.background_jobs.execute_job(event=None, is_async=True, job_name='frappe.core.doctype.scheduled_job_type.scheduled_job_type.run_scheduled_jo..., kwargs={'job_type': 'erpnext.utilities.bulk_transaction.retry', 'scheduled_job_typ..., method='frappe.core.doctype.scheduled_job_type.scheduled_job_type.run_scheduled_jo..., site='erpnext.localhost', user='Administrator') job in 0:00:00.304571s on worker 788fcd017c71498f9ef65546fcf28348
2025-04-23 10:08:01,590 home-rohy-evalaivr-evaluation:long: Job OK (erpnext.localhost||scheduled_job||tgv8dg7hqb)
2025-04-23 10:08:01,590 Result is kept for 600 seconds
2025-04-23 10:12:00,792 home-rohy-evalaivr-evaluation:default: frappe.utils.background_jobs.execute_job(event=None, is_async=True, job_name='frappe.core.doctype.scheduled_job_type.scheduled_job_type.run_scheduled_jo..., kwargs={'job_type': 'frappe.monitor.flush', 'scheduled_job_type': 's60ssvifus'}, method='frappe.core.doctype.scheduled_job_type.scheduled_job_type.run_scheduled_jo..., site='erpnext.localhost', user='Administrator') (erpnext.localhost||scheduled_job||s60ssvifus)
2025-04-23 10:12:02,175 Successfully completed frappe.utils.background_jobs.execute_job(event=None, is_async=True, job_name='frappe.core.doctype.scheduled_job_type.scheduled_job_type.run_scheduled_jo..., kwargs={'job_type': 'frappe.monitor.flush', 'scheduled_job_type': 's60ssvifus'}, method='frappe.core.doctype.scheduled_job_type.scheduled_job_type.run_scheduled_jo..., site='erpnext.localhost', user='Administrator') job in 0:00:01.260897s on worker 788fcd017c71498f9ef65546fcf28348
2025-04-23 10:12:02,186 home-rohy-evalaivr-evaluation:default: Job OK (erpnext.localhost||scheduled_job||s60ssvifus)
2025-04-23 10:12:02,186 Result is kept for 600 seconds
2025-04-23 10:12:02,205 home-rohy-evalaivr-evaluation:default: frappe.utils.background_jobs.execute_job(event=None, is_async=True, job_name='frappe.core.doctype.scheduled_job_type.scheduled_job_type.run_scheduled_jo..., kwargs={'job_type': 'frappe.email.queue.flush', 'scheduled_job_type': 's60b9alidp'..., method='frappe.core.doctype.scheduled_job_type.scheduled_job_type.run_scheduled_jo..., site='erpnext.localhost', user='Administrator') (erpnext.localhost||scheduled_job||s60b9alidp)
2025-04-23 10:12:03,147 Successfully completed frappe.utils.background_jobs.execute_job(event=None, is_async=True, job_name='frappe.core.doctype.scheduled_job_type.scheduled_job_type.run_scheduled_jo..., kwargs={'job_type': 'frappe.email.queue.flush', 'scheduled_job_type': 's60b9alidp'..., method='frappe.core.doctype.scheduled_job_type.scheduled_job_type.run_scheduled_jo..., site='erpnext.localhost', user='Administrator') job in 0:00:00.904208s on worker 788fcd017c71498f9ef65546fcf28348
2025-04-23 10:12:03,157 home-rohy-evalaivr-evaluation:default: Job OK (erpnext.localhost||scheduled_job||s60b9alidp)
2025-04-23 10:12:03,157 Result is kept for 600 seconds
2025-04-23 10:12:03,181 home-rohy-evalaivr-evaluation:default: frappe.utils.background_jobs.execute_job(event=None, is_async=True, job_name='frappe.core.doctype.scheduled_job_type.scheduled_job_type.run_scheduled_jo..., kwargs={'job_type': 'frappe.integrations.doctype.google_calendar.google_calendar.s..., method='frappe.core.doctype.scheduled_job_type.scheduled_job_type.run_scheduled_jo..., site='erpnext.localhost', user='Administrator') (erpnext.localhost||scheduled_job||s60e2kq4sq)
2025-04-23 10:12:03,876 Successfully completed frappe.utils.background_jobs.execute_job(event=None, is_async=True, job_name='frappe.core.doctype.scheduled_job_type.scheduled_job_type.run_scheduled_jo..., kwargs={'job_type': 'frappe.integrations.doctype.google_calendar.google_calendar.s..., method='frappe.core.doctype.scheduled_job_type.scheduled_job_type.run_scheduled_jo..., site='erpnext.localhost', user='Administrator') job in 0:00:00.678653s on worker 788fcd017c71498f9ef65546fcf28348
2025-04-23 10:12:03,877 home-rohy-evalaivr-evaluation:default: Job OK (erpnext.localhost||scheduled_job||s60e2kq4sq)
2025-04-23 10:12:03,877 Result is kept for 600 seconds
2025-04-23 10:12:03,893 home-rohy-evalaivr-evaluation:default: frappe.utils.background_jobs.execute_job(event=None, is_async=True, job_name='frappe.core.doctype.scheduled_job_type.scheduled_job_type.run_scheduled_jo..., kwargs={'job_type': 'frappe.email.doctype.email_account.email_account.pull', 'sche..., method='frappe.core.doctype.scheduled_job_type.scheduled_job_type.run_scheduled_jo..., site='erpnext.localhost', user='Administrator') (erpnext.localhost||scheduled_job||s60v5h24ke)
2025-04-23 10:12:04,377 Successfully completed frappe.utils.background_jobs.execute_job(event=None, is_async=True, job_name='frappe.core.doctype.scheduled_job_type.scheduled_job_type.run_scheduled_jo..., kwargs={'job_type': 'frappe.email.doctype.email_account.email_account.pull', 'sche..., method='frappe.core.doctype.scheduled_job_type.scheduled_job_type.run_scheduled_jo..., site='erpnext.localhost', user='Administrator') job in 0:00:00.469613s on worker 788fcd017c71498f9ef65546fcf28348
2025-04-23 10:12:04,377 home-rohy-evalaivr-evaluation:default: Job OK (erpnext.localhost||scheduled_job||s60v5h24ke)
2025-04-23 10:12:04,377 Result is kept for 600 seconds
2025-04-23 10:12:04,387 home-rohy-evalaivr-evaluation:default: frappe.utils.background_jobs.execute_job(event=None, is_async=True, job_name='frappe.core.doctype.scheduled_job_type.scheduled_job_type.run_scheduled_jo..., kwargs={'job_type': 'frappe.email.doctype.notification.notification.trigger_offset..., method='frappe.core.doctype.scheduled_job_type.scheduled_job_type.run_scheduled_jo..., site='erpnext.localhost', user='Administrator') (erpnext.localhost||scheduled_job||s603rpotun)
2025-04-23 10:12:04,702 Successfully completed frappe.utils.background_jobs.execute_job(event=None, is_async=True, job_name='frappe.core.doctype.scheduled_job_type.scheduled_job_type.run_scheduled_jo..., kwargs={'job_type': 'frappe.email.doctype.notification.notification.trigger_offset..., method='frappe.core.doctype.scheduled_job_type.scheduled_job_type.run_scheduled_jo..., site='erpnext.localhost', user='Administrator') job in 0:00:00.300791s on worker 788fcd017c71498f9ef65546fcf28348
2025-04-23 10:12:04,702 home-rohy-evalaivr-evaluation:default: Job OK (erpnext.localhost||scheduled_job||s603rpotun)
2025-04-23 10:12:04,702 Result is kept for 600 seconds
2025-04-23 10:15:59,546 home-rohy-evalaivr-evaluation:default: frappe.utils.background_jobs.execute_job(event=None, is_async=True, job_name='frappe.core.doctype.scheduled_job_type.scheduled_job_type.run_scheduled_jo..., kwargs={'job_type': 'frappe.deferred_insert.save_to_db', 'scheduled_job_type': 's6..., method='frappe.core.doctype.scheduled_job_type.scheduled_job_type.run_scheduled_jo..., site='erpnext.localhost', user='Administrator') (erpnext.localhost||scheduled_job||s6065rp0ec)
2025-04-23 10:15:59,871 Successfully completed frappe.utils.background_jobs.execute_job(event=None, is_async=True, job_name='frappe.core.doctype.scheduled_job_type.scheduled_job_type.run_scheduled_jo..., kwargs={'job_type': 'frappe.deferred_insert.save_to_db', 'scheduled_job_type': 's6..., method='frappe.core.doctype.scheduled_job_type.scheduled_job_type.run_scheduled_jo..., site='erpnext.localhost', user='Administrator') job in 0:00:00.309672s on worker 788fcd017c71498f9ef65546fcf28348
2025-04-23 10:15:59,871 home-rohy-evalaivr-evaluation:default: Job OK (erpnext.localhost||scheduled_job||s6065rp0ec)
2025-04-23 10:15:59,871 Result is kept for 600 seconds
2025-04-23 10:15:59,884 Cleaning registries for queue: home-rohy-evalaivr-evaluation:short
2025-04-23 10:15:59,890 Cleaning registries for queue: home-rohy-evalaivr-evaluation:default
2025-04-23 10:15:59,895 Cleaning registries for queue: home-rohy-evalaivr-evaluation:long
2025-04-23 10:15:59,902 home-rohy-evalaivr-evaluation:default: frappe.utils.background_jobs.execute_job(event=None, is_async=True, job_name='frappe.core.doctype.scheduled_job_type.scheduled_job_type.run_scheduled_jo..., kwargs={'job_type': 'frappe.email.doctype.notification.notification.trigger_offset..., method='frappe.core.doctype.scheduled_job_type.scheduled_job_type.run_scheduled_jo..., site='erpnext.localhost', user='Administrator') (erpnext.localhost||scheduled_job||s603rpotun)
2025-04-23 10:16:00,162 Successfully completed frappe.utils.background_jobs.execute_job(event=None, is_async=True, job_name='frappe.core.doctype.scheduled_job_type.scheduled_job_type.run_scheduled_jo..., kwargs={'job_type': 'frappe.email.doctype.notification.notification.trigger_offset..., method='frappe.core.doctype.scheduled_job_type.scheduled_job_type.run_scheduled_jo..., site='erpnext.localhost', user='Administrator') job in 0:00:00.244985s on worker 788fcd017c71498f9ef65546fcf28348
2025-04-23 10:16:00,163 home-rohy-evalaivr-evaluation:default: Job OK (erpnext.localhost||scheduled_job||s603rpotun)
2025-04-23 10:16:00,163 Result is kept for 600 seconds
2025-04-23 10:16:00,175 home-rohy-evalaivr-evaluation:default: frappe.utils.background_jobs.execute_job(event=None, is_async=True, job_name='frappe.core.doctype.scheduled_job_type.scheduled_job_type.run_scheduled_jo..., kwargs={'job_type': 'frappe.twofactor.delete_all_barcodes_for_users', 'scheduled_j..., method='frappe.core.doctype.scheduled_job_type.scheduled_job_type.run_scheduled_jo..., site='erpnext.localhost', user='Administrator') (erpnext.localhost||scheduled_job||s606f3j3k3)
2025-04-23 10:16:00,441 Successfully completed frappe.utils.background_jobs.execute_job(event=None, is_async=True, job_name='frappe.core.doctype.scheduled_job_type.scheduled_job_type.run_scheduled_jo..., kwargs={'job_type': 'frappe.twofactor.delete_all_barcodes_for_users', 'scheduled_j..., method='frappe.core.doctype.scheduled_job_type.scheduled_job_type.run_scheduled_jo..., site='erpnext.localhost', user='Administrator') job in 0:00:00.252321s on worker 788fcd017c71498f9ef65546fcf28348
2025-04-23 10:16:00,441 home-rohy-evalaivr-evaluation:default: Job OK (erpnext.localhost||scheduled_job||s606f3j3k3)
2025-04-23 10:16:00,441 Result is kept for 600 seconds
2025-04-23 10:16:00,453 home-rohy-evalaivr-evaluation:default: frappe.utils.background_jobs.execute_job(event=None, is_async=True, job_name='frappe.core.doctype.scheduled_job_type.scheduled_job_type.run_scheduled_jo..., kwargs={'job_type': 'frappe.website.doctype.web_page.web_page.check_publish_status..., method='frappe.core.doctype.scheduled_job_type.scheduled_job_type.run_scheduled_jo..., site='erpnext.localhost', user='Administrator') (erpnext.localhost||scheduled_job||s609qc5grc)
2025-04-23 10:16:00,938 Successfully completed frappe.utils.background_jobs.execute_job(event=None, is_async=True, job_name='frappe.core.doctype.scheduled_job_type.scheduled_job_type.run_scheduled_jo..., kwargs={'job_type': 'frappe.website.doctype.web_page.web_page.check_publish_status..., method='frappe.core.doctype.scheduled_job_type.scheduled_job_type.run_scheduled_jo..., site='erpnext.localhost', user='Administrator') job in 0:00:00.473574s on worker 788fcd017c71498f9ef65546fcf28348
2025-04-23 10:16:00,938 home-rohy-evalaivr-evaluation:default: Job OK (erpnext.localhost||scheduled_job||s609qc5grc)
2025-04-23 10:16:00,939 Result is kept for 600 seconds
2025-04-23 10:16:00,950 home-rohy-evalaivr-evaluation:default: frappe.utils.background_jobs.execute_job(event=None, is_async=True, job_name='frappe.core.doctype.scheduled_job_type.scheduled_job_type.run_scheduled_jo..., kwargs={'job_type': 'frappe.automation.doctype.reminder.reminder.send_reminders', ..., method='frappe.core.doctype.scheduled_job_type.scheduled_job_type.run_scheduled_jo..., site='erpnext.localhost', user='Administrator') (erpnext.localhost||scheduled_job||s60860egc9)
2025-04-23 10:16:01,234 Successfully completed frappe.utils.background_jobs.execute_job(event=None, is_async=True, job_name='frappe.core.doctype.scheduled_job_type.scheduled_job_type.run_scheduled_jo..., kwargs={'job_type': 'frappe.automation.doctype.reminder.reminder.send_reminders', ..., method='frappe.core.doctype.scheduled_job_type.scheduled_job_type.run_scheduled_jo..., site='erpnext.localhost', user='Administrator') job in 0:00:00.273114s on worker 788fcd017c71498f9ef65546fcf28348
2025-04-23 10:16:01,234 home-rohy-evalaivr-evaluation:default: Job OK (erpnext.localhost||scheduled_job||s60860egc9)
2025-04-23 10:16:01,234 Result is kept for 600 seconds
2025-04-23 10:16:01,246 home-rohy-evalaivr-evaluation:default: frappe.utils.background_jobs.execute_job(event=None, is_async=True, job_name='frappe.core.doctype.scheduled_job_type.scheduled_job_type.run_scheduled_jo..., kwargs={'job_type': 'frappe.email.doctype.email_account.email_account.notify_unrep..., method='frappe.core.doctype.scheduled_job_type.scheduled_job_type.run_scheduled_jo..., site='erpnext.localhost', user='Administrator') (erpnext.localhost||scheduled_job||s60tvhcbpc)
2025-04-23 10:16:01,526 Successfully completed frappe.utils.background_jobs.execute_job(event=None, is_async=True, job_name='frappe.core.doctype.scheduled_job_type.scheduled_job_type.run_scheduled_jo..., kwargs={'job_type': 'frappe.email.doctype.email_account.email_account.notify_unrep..., method='frappe.core.doctype.scheduled_job_type.scheduled_job_type.run_scheduled_jo..., site='erpnext.localhost', user='Administrator') job in 0:00:00.267716s on worker 788fcd017c71498f9ef65546fcf28348
2025-04-23 10:16:01,526 home-rohy-evalaivr-evaluation:default: Job OK (erpnext.localhost||scheduled_job||s60tvhcbpc)
2025-04-23 10:16:01,527 Result is kept for 600 seconds
2025-04-23 10:16:01,540 home-rohy-evalaivr-evaluation:default: frappe.utils.background_jobs.execute_job(event=None, is_async=True, job_name='frappe.core.doctype.scheduled_job_type.scheduled_job_type.run_scheduled_jo..., kwargs={'job_type': 'frappe.oauth.delete_oauth2_data', 'scheduled_job_type': 's607..., method='frappe.core.doctype.scheduled_job_type.scheduled_job_type.run_scheduled_jo..., site='erpnext.localhost', user='Administrator') (erpnext.localhost||scheduled_job||s607u2ss9g)
2025-04-23 10:16:01,923 Successfully completed frappe.utils.background_jobs.execute_job(event=None, is_async=True, job_name='frappe.core.doctype.scheduled_job_type.scheduled_job_type.run_scheduled_jo..., kwargs={'job_type': 'frappe.oauth.delete_oauth2_data', 'scheduled_job_type': 's607..., method='frappe.core.doctype.scheduled_job_type.scheduled_job_type.run_scheduled_jo..., site='erpnext.localhost', user='Administrator') job in 0:00:00.366435s on worker 788fcd017c71498f9ef65546fcf28348
2025-04-23 10:16:01,924 home-rohy-evalaivr-evaluation:default: Job OK (erpnext.localhost||scheduled_job||s607u2ss9g)
2025-04-23 10:16:01,924 Result is kept for 600 seconds
2025-04-23 10:16:01,939 home-rohy-evalaivr-evaluation:default: frappe.utils.background_jobs.execute_job(event=None, is_async=True, job_name='frappe.core.doctype.scheduled_job_type.scheduled_job_type.run_scheduled_jo..., kwargs={'job_type': 'erpnext.manufacturing.doctype.bom_update_log.bom_update_log.r..., method='frappe.core.doctype.scheduled_job_type.scheduled_job_type.run_scheduled_jo..., site='erpnext.localhost', user='Administrator') (erpnext.localhost||scheduled_job||tgsg535gbe)
2025-04-23 10:16:02,263 Successfully completed frappe.utils.background_jobs.execute_job(event=None, is_async=True, job_name='frappe.core.doctype.scheduled_job_type.scheduled_job_type.run_scheduled_jo..., kwargs={'job_type': 'erpnext.manufacturing.doctype.bom_update_log.bom_update_log.r..., method='frappe.core.doctype.scheduled_job_type.scheduled_job_type.run_scheduled_jo..., site='erpnext.localhost', user='Administrator') job in 0:00:00.310058s on worker 788fcd017c71498f9ef65546fcf28348
2025-04-23 10:16:02,263 home-rohy-evalaivr-evaluation:default: Job OK (erpnext.localhost||scheduled_job||tgsg535gbe)
2025-04-23 10:16:02,263 Result is kept for 600 seconds
2025-04-23 10:16:02,274 home-rohy-evalaivr-evaluation:default: frappe.utils.background_jobs.execute_job(event=None, is_async=True, job_name='frappe.core.doctype.scheduled_job_type.scheduled_job_type.run_scheduled_jo..., kwargs={'job_type': 'frappe.utils.global_search.sync_global_search', 'scheduled_jo..., method='frappe.core.doctype.scheduled_job_type.scheduled_job_type.run_scheduled_jo..., site='erpnext.localhost', user='Administrator') (erpnext.localhost||scheduled_job||s6091q3nn9)
2025-04-23 10:16:02,548 Successfully completed frappe.utils.background_jobs.execute_job(event=None, is_async=True, job_name='frappe.core.doctype.scheduled_job_type.scheduled_job_type.run_scheduled_jo..., kwargs={'job_type': 'frappe.utils.global_search.sync_global_search', 'scheduled_jo..., method='frappe.core.doctype.scheduled_job_type.scheduled_job_type.run_scheduled_jo..., site='erpnext.localhost', user='Administrator') job in 0:00:00.261562s on worker 788fcd017c71498f9ef65546fcf28348
2025-04-23 10:16:02,549 home-rohy-evalaivr-evaluation:default: Job OK (erpnext.localhost||scheduled_job||s6091q3nn9)
2025-04-23 10:16:02,549 Result is kept for 600 seconds
2025-04-23 10:16:02,560 home-rohy-evalaivr-evaluation:default: frappe.utils.background_jobs.execute_job(event=None, is_async=True, job_name='frappe.core.doctype.scheduled_job_type.scheduled_job_type.run_scheduled_jo..., kwargs={'job_type': 'frappe.email.queue.flush', 'scheduled_job_type': 's60b9alidp'..., method='frappe.core.doctype.scheduled_job_type.scheduled_job_type.run_scheduled_jo..., site='erpnext.localhost', user='Administrator') (erpnext.localhost||scheduled_job||s60b9alidp)
2025-04-23 10:16:03,021 Successfully completed frappe.utils.background_jobs.execute_job(event=None, is_async=True, job_name='frappe.core.doctype.scheduled_job_type.scheduled_job_type.run_scheduled_jo..., kwargs={'job_type': 'frappe.email.queue.flush', 'scheduled_job_type': 's60b9alidp'..., method='frappe.core.doctype.scheduled_job_type.scheduled_job_type.run_scheduled_jo..., site='erpnext.localhost', user='Administrator') job in 0:00:00.447931s on worker 788fcd017c71498f9ef65546fcf28348
2025-04-23 10:16:03,021 home-rohy-evalaivr-evaluation:default: Job OK (erpnext.localhost||scheduled_job||s60b9alidp)
2025-04-23 10:16:03,022 Result is kept for 600 seconds
2025-04-23 10:16:03,038 home-rohy-evalaivr-evaluation:default: frappe.utils.background_jobs.execute_job(event=None, is_async=True, job_name='frappe.core.doctype.scheduled_job_type.scheduled_job_type.run_scheduled_jo..., kwargs={'job_type': 'frappe.integrations.doctype.google_calendar.google_calendar.s..., method='frappe.core.doctype.scheduled_job_type.scheduled_job_type.run_scheduled_jo..., site='erpnext.localhost', user='Administrator') (erpnext.localhost||scheduled_job||s60e2kq4sq)
2025-04-23 10:16:03,593 Successfully completed frappe.utils.background_jobs.execute_job(event=None, is_async=True, job_name='frappe.core.doctype.scheduled_job_type.scheduled_job_type.run_scheduled_jo..., kwargs={'job_type': 'frappe.integrations.doctype.google_calendar.google_calendar.s..., method='frappe.core.doctype.scheduled_job_type.scheduled_job_type.run_scheduled_jo..., site='erpnext.localhost', user='Administrator') job in 0:00:00.539857s on worker 788fcd017c71498f9ef65546fcf28348
2025-04-23 10:16:03,594 home-rohy-evalaivr-evaluation:default: Job OK (erpnext.localhost||scheduled_job||s60e2kq4sq)
2025-04-23 10:16:03,594 Result is kept for 600 seconds
2025-04-23 10:16:03,608 home-rohy-evalaivr-evaluation:default: frappe.utils.background_jobs.execute_job(event=None, is_async=True, job_name='frappe.core.doctype.scheduled_job_type.scheduled_job_type.run_scheduled_jo..., kwargs={'job_type': 'frappe.monitor.flush', 'scheduled_job_type': 's60ssvifus'}, method='frappe.core.doctype.scheduled_job_type.scheduled_job_type.run_scheduled_jo..., site='erpnext.localhost', user='Administrator') (erpnext.localhost||scheduled_job||s60ssvifus)
2025-04-23 10:16:03,899 Successfully completed frappe.utils.background_jobs.execute_job(event=None, is_async=True, job_name='frappe.core.doctype.scheduled_job_type.scheduled_job_type.run_scheduled_jo..., kwargs={'job_type': 'frappe.monitor.flush', 'scheduled_job_type': 's60ssvifus'}, method='frappe.core.doctype.scheduled_job_type.scheduled_job_type.run_scheduled_jo..., site='erpnext.localhost', user='Administrator') job in 0:00:00.278888s on worker 788fcd017c71498f9ef65546fcf28348
2025-04-23 10:16:03,899 home-rohy-evalaivr-evaluation:default: Job OK (erpnext.localhost||scheduled_job||s60ssvifus)
2025-04-23 10:16:03,899 Result is kept for 600 seconds
2025-04-23 10:20:00,787 home-rohy-evalaivr-evaluation:default: frappe.utils.background_jobs.execute_job(event=None, is_async=True, job_name='frappe.core.doctype.scheduled_job_type.scheduled_job_type.run_scheduled_jo..., kwargs={'job_type': 'frappe.email.doctype.notification.notification.trigger_offset..., method='frappe.core.doctype.scheduled_job_type.scheduled_job_type.run_scheduled_jo..., site='erpnext.localhost', user='Administrator') (erpnext.localhost||scheduled_job||s603rpotun)
2025-04-23 10:20:01,296 Successfully completed frappe.utils.background_jobs.execute_job(event=None, is_async=True, job_name='frappe.core.doctype.scheduled_job_type.scheduled_job_type.run_scheduled_jo..., kwargs={'job_type': 'frappe.email.doctype.notification.notification.trigger_offset..., method='frappe.core.doctype.scheduled_job_type.scheduled_job_type.run_scheduled_jo..., site='erpnext.localhost', user='Administrator') job in 0:00:00.484359s on worker 788fcd017c71498f9ef65546fcf28348
2025-04-23 10:20:01,297 home-rohy-evalaivr-evaluation:default: Job OK (erpnext.localhost||scheduled_job||s603rpotun)
2025-04-23 10:20:01,297 Result is kept for 600 seconds
2025-04-23 10:20:01,311 home-rohy-evalaivr-evaluation:default: frappe.utils.background_jobs.execute_job(event=None, is_async=True, job_name='frappe.core.doctype.scheduled_job_type.scheduled_job_type.run_scheduled_jo..., kwargs={'job_type': 'frappe.monitor.flush', 'scheduled_job_type': 's60ssvifus'}, method='frappe.core.doctype.scheduled_job_type.scheduled_job_type.run_scheduled_jo..., site='erpnext.localhost', user='Administrator') (erpnext.localhost||scheduled_job||s60ssvifus)
2025-04-23 10:20:01,653 Successfully completed frappe.utils.background_jobs.execute_job(event=None, is_async=True, job_name='frappe.core.doctype.scheduled_job_type.scheduled_job_type.run_scheduled_jo..., kwargs={'job_type': 'frappe.monitor.flush', 'scheduled_job_type': 's60ssvifus'}, method='frappe.core.doctype.scheduled_job_type.scheduled_job_type.run_scheduled_jo..., site='erpnext.localhost', user='Administrator') job in 0:00:00.317091s on worker 788fcd017c71498f9ef65546fcf28348
2025-04-23 10:20:01,661 home-rohy-evalaivr-evaluation:default: Job OK (erpnext.localhost||scheduled_job||s60ssvifus)
2025-04-23 10:20:01,662 Result is kept for 600 seconds
2025-04-23 10:20:01,680 home-rohy-evalaivr-evaluation:default: frappe.utils.background_jobs.execute_job(event=None, is_async=True, job_name='frappe.core.doctype.scheduled_job_type.scheduled_job_type.run_scheduled_jo..., kwargs={'job_type': 'frappe.integrations.doctype.google_calendar.google_calendar.s..., method='frappe.core.doctype.scheduled_job_type.scheduled_job_type.run_scheduled_jo..., site='erpnext.localhost', user='Administrator') (erpnext.localhost||scheduled_job||s60e2kq4sq)
2025-04-23 10:20:02,337 Successfully completed frappe.utils.background_jobs.execute_job(event=None, is_async=True, job_name='frappe.core.doctype.scheduled_job_type.scheduled_job_type.run_scheduled_jo..., kwargs={'job_type': 'frappe.integrations.doctype.google_calendar.google_calendar.s..., method='frappe.core.doctype.scheduled_job_type.scheduled_job_type.run_scheduled_jo..., site='erpnext.localhost', user='Administrator') job in 0:00:00.642005s on worker 788fcd017c71498f9ef65546fcf28348
2025-04-23 10:20:02,338 home-rohy-evalaivr-evaluation:default: Job OK (erpnext.localhost||scheduled_job||s60e2kq4sq)
2025-04-23 10:20:02,338 Result is kept for 600 seconds
2025-04-23 10:20:02,352 home-rohy-evalaivr-evaluation:default: frappe.utils.background_jobs.execute_job(event=None, is_async=True, job_name='frappe.core.doctype.scheduled_job_type.scheduled_job_type.run_scheduled_jo..., kwargs={'job_type': 'frappe.email.doctype.email_account.email_account.pull', 'sche..., method='frappe.core.doctype.scheduled_job_type.scheduled_job_type.run_scheduled_jo..., site='erpnext.localhost', user='Administrator') (erpnext.localhost||scheduled_job||s60v5h24ke)
2025-04-23 10:20:02,675 Successfully completed frappe.utils.background_jobs.execute_job(event=None, is_async=True, job_name='frappe.core.doctype.scheduled_job_type.scheduled_job_type.run_scheduled_jo..., kwargs={'job_type': 'frappe.email.doctype.email_account.email_account.pull', 'sche..., method='frappe.core.doctype.scheduled_job_type.scheduled_job_type.run_scheduled_jo..., site='erpnext.localhost', user='Administrator') job in 0:00:00.310187s on worker 788fcd017c71498f9ef65546fcf28348
2025-04-23 10:20:02,676 home-rohy-evalaivr-evaluation:default: Job OK (erpnext.localhost||scheduled_job||s60v5h24ke)
2025-04-23 10:20:02,676 Result is kept for 600 seconds
2025-04-23 10:20:02,689 home-rohy-evalaivr-evaluation:default: frappe.utils.background_jobs.execute_job(event=None, is_async=True, job_name='frappe.core.doctype.scheduled_job_type.scheduled_job_type.run_scheduled_jo..., kwargs={'job_type': 'frappe.email.queue.flush', 'scheduled_job_type': 's60b9alidp'..., method='frappe.core.doctype.scheduled_job_type.scheduled_job_type.run_scheduled_jo..., site='erpnext.localhost', user='Administrator') (erpnext.localhost||scheduled_job||s60b9alidp)
2025-04-23 10:20:03,101 Successfully completed frappe.utils.background_jobs.execute_job(event=None, is_async=True, job_name='frappe.core.doctype.scheduled_job_type.scheduled_job_type.run_scheduled_jo..., kwargs={'job_type': 'frappe.email.queue.flush', 'scheduled_job_type': 's60b9alidp'..., method='frappe.core.doctype.scheduled_job_type.scheduled_job_type.run_scheduled_jo..., site='erpnext.localhost', user='Administrator') job in 0:00:00.398678s on worker 788fcd017c71498f9ef65546fcf28348
2025-04-23 10:20:03,101 home-rohy-evalaivr-evaluation:default: Job OK (erpnext.localhost||scheduled_job||s60b9alidp)
2025-04-23 10:20:03,102 Result is kept for 600 seconds
2025-04-23 10:24:00,116 home-rohy-evalaivr-evaluation:default: frappe.utils.background_jobs.execute_job(event=None, is_async=True, job_name='frappe.core.doctype.scheduled_job_type.scheduled_job_type.run_scheduled_jo..., kwargs={'job_type': 'frappe.integrations.doctype.google_calendar.google_calendar.s..., method='frappe.core.doctype.scheduled_job_type.scheduled_job_type.run_scheduled_jo..., site='erpnext.localhost', user='Administrator') (erpnext.localhost||scheduled_job||s60e2kq4sq)
2025-04-23 10:24:01,106 Successfully completed frappe.utils.background_jobs.execute_job(event=None, is_async=True, job_name='frappe.core.doctype.scheduled_job_type.scheduled_job_type.run_scheduled_jo..., kwargs={'job_type': 'frappe.integrations.doctype.google_calendar.google_calendar.s..., method='frappe.core.doctype.scheduled_job_type.scheduled_job_type.run_scheduled_jo..., site='erpnext.localhost', user='Administrator') job in 0:00:00.976134s on worker 788fcd017c71498f9ef65546fcf28348
2025-04-23 10:24:01,106 home-rohy-evalaivr-evaluation:default: Job OK (erpnext.localhost||scheduled_job||s60e2kq4sq)
2025-04-23 10:24:01,106 Result is kept for 600 seconds
2025-04-23 10:24:01,121 home-rohy-evalaivr-evaluation:default: frappe.utils.background_jobs.execute_job(event=None, is_async=True, job_name='frappe.core.doctype.scheduled_job_type.scheduled_job_type.run_scheduled_jo..., kwargs={'job_type': 'frappe.email.queue.flush', 'scheduled_job_type': 's60b9alidp'..., method='frappe.core.doctype.scheduled_job_type.scheduled_job_type.run_scheduled_jo..., site='erpnext.localhost', user='Administrator') (erpnext.localhost||scheduled_job||s60b9alidp)
2025-04-23 10:24:01,575 Successfully completed frappe.utils.background_jobs.execute_job(event=None, is_async=True, job_name='frappe.core.doctype.scheduled_job_type.scheduled_job_type.run_scheduled_jo..., kwargs={'job_type': 'frappe.email.queue.flush', 'scheduled_job_type': 's60b9alidp'..., method='frappe.core.doctype.scheduled_job_type.scheduled_job_type.run_scheduled_jo..., site='erpnext.localhost', user='Administrator') job in 0:00:00.438202s on worker 788fcd017c71498f9ef65546fcf28348
2025-04-23 10:24:01,576 home-rohy-evalaivr-evaluation:default: Job OK (erpnext.localhost||scheduled_job||s60b9alidp)
2025-04-23 10:24:01,576 Result is kept for 600 seconds
2025-04-23 10:24:01,589 home-rohy-evalaivr-evaluation:default: frappe.utils.background_jobs.execute_job(event=None, is_async=True, job_name='frappe.core.doctype.scheduled_job_type.scheduled_job_type.run_scheduled_jo..., kwargs={'job_type': 'frappe.monitor.flush', 'scheduled_job_type': 's60ssvifus'}, method='frappe.core.doctype.scheduled_job_type.scheduled_job_type.run_scheduled_jo..., site='erpnext.localhost', user='Administrator') (erpnext.localhost||scheduled_job||s60ssvifus)
2025-04-23 10:24:01,833 Successfully completed frappe.utils.background_jobs.execute_job(event=None, is_async=True, job_name='frappe.core.doctype.scheduled_job_type.scheduled_job_type.run_scheduled_jo..., kwargs={'job_type': 'frappe.monitor.flush', 'scheduled_job_type': 's60ssvifus'}, method='frappe.core.doctype.scheduled_job_type.scheduled_job_type.run_scheduled_jo..., site='erpnext.localhost', user='Administrator') job in 0:00:00.230553s on worker 788fcd017c71498f9ef65546fcf28348
2025-04-23 10:24:01,834 home-rohy-evalaivr-evaluation:default: Job OK (erpnext.localhost||scheduled_job||s60ssvifus)
2025-04-23 10:24:01,834 Result is kept for 600 seconds
2025-04-23 10:27:59,434 home-rohy-evalaivr-evaluation:default: frappe.utils.background_jobs.execute_job(event=None, is_async=True, job_name='frappe.core.doctype.scheduled_job_type.scheduled_job_type.run_scheduled_jo..., kwargs={'job_type': 'frappe.email.doctype.notification.notification.trigger_offset..., method='frappe.core.doctype.scheduled_job_type.scheduled_job_type.run_scheduled_jo..., site='erpnext.localhost', user='Administrator') (erpnext.localhost||scheduled_job||s603rpotun)
2025-04-23 10:27:59,781 Successfully completed frappe.utils.background_jobs.execute_job(event=None, is_async=True, job_name='frappe.core.doctype.scheduled_job_type.scheduled_job_type.run_scheduled_jo..., kwargs={'job_type': 'frappe.email.doctype.notification.notification.trigger_offset..., method='frappe.core.doctype.scheduled_job_type.scheduled_job_type.run_scheduled_jo..., site='erpnext.localhost', user='Administrator') job in 0:00:00.331031s on worker 788fcd017c71498f9ef65546fcf28348
2025-04-23 10:27:59,781 home-rohy-evalaivr-evaluation:default: Job OK (erpnext.localhost||scheduled_job||s603rpotun)
2025-04-23 10:27:59,781 Result is kept for 600 seconds
2025-04-23 10:27:59,793 Cleaning registries for queue: home-rohy-evalaivr-evaluation:short
2025-04-23 10:27:59,804 Cleaning registries for queue: home-rohy-evalaivr-evaluation:default
2025-04-23 10:27:59,810 Cleaning registries for queue: home-rohy-evalaivr-evaluation:long
2025-04-23 10:28:00,481 home-rohy-evalaivr-evaluation:default: frappe.utils.background_jobs.execute_job(event=None, is_async=True, job_name='frappe.core.doctype.scheduled_job_type.scheduled_job_type.run_scheduled_jo..., kwargs={'job_type': 'frappe.email.queue.flush', 'scheduled_job_type': 's60b9alidp'..., method='frappe.core.doctype.scheduled_job_type.scheduled_job_type.run_scheduled_jo..., site='erpnext.localhost', user='Administrator') (erpnext.localhost||scheduled_job||s60b9alidp)
2025-04-23 10:28:00,947 Successfully completed frappe.utils.background_jobs.execute_job(event=None, is_async=True, job_name='frappe.core.doctype.scheduled_job_type.scheduled_job_type.run_scheduled_jo..., kwargs={'job_type': 'frappe.email.queue.flush', 'scheduled_job_type': 's60b9alidp'..., method='frappe.core.doctype.scheduled_job_type.scheduled_job_type.run_scheduled_jo..., site='erpnext.localhost', user='Administrator') job in 0:00:00.453361s on worker 788fcd017c71498f9ef65546fcf28348
2025-04-23 10:28:00,947 home-rohy-evalaivr-evaluation:default: Job OK (erpnext.localhost||scheduled_job||s60b9alidp)
2025-04-23 10:28:00,947 Result is kept for 600 seconds
2025-04-23 10:28:00,963 home-rohy-evalaivr-evaluation:default: frappe.utils.background_jobs.execute_job(event=None, is_async=True, job_name='frappe.core.doctype.scheduled_job_type.scheduled_job_type.run_scheduled_jo..., kwargs={'job_type': 'frappe.integrations.doctype.google_calendar.google_calendar.s..., method='frappe.core.doctype.scheduled_job_type.scheduled_job_type.run_scheduled_jo..., site='erpnext.localhost', user='Administrator') (erpnext.localhost||scheduled_job||s60e2kq4sq)
2025-04-23 10:28:01,521 Successfully completed frappe.utils.background_jobs.execute_job(event=None, is_async=True, job_name='frappe.core.doctype.scheduled_job_type.scheduled_job_type.run_scheduled_jo..., kwargs={'job_type': 'frappe.integrations.doctype.google_calendar.google_calendar.s..., method='frappe.core.doctype.scheduled_job_type.scheduled_job_type.run_scheduled_jo..., site='erpnext.localhost', user='Administrator') job in 0:00:00.543969s on worker 788fcd017c71498f9ef65546fcf28348
2025-04-23 10:28:01,521 home-rohy-evalaivr-evaluation:default: Job OK (erpnext.localhost||scheduled_job||s60e2kq4sq)
2025-04-23 10:28:01,522 Result is kept for 600 seconds
2025-04-23 10:28:01,537 home-rohy-evalaivr-evaluation:default: frappe.utils.background_jobs.execute_job(event=None, is_async=True, job_name='frappe.core.doctype.scheduled_job_type.scheduled_job_type.run_scheduled_jo..., kwargs={'job_type': 'frappe.monitor.flush', 'scheduled_job_type': 's60ssvifus'}, method='frappe.core.doctype.scheduled_job_type.scheduled_job_type.run_scheduled_jo..., site='erpnext.localhost', user='Administrator') (erpnext.localhost||scheduled_job||s60ssvifus)
2025-04-23 10:28:01,784 Successfully completed frappe.utils.background_jobs.execute_job(event=None, is_async=True, job_name='frappe.core.doctype.scheduled_job_type.scheduled_job_type.run_scheduled_jo..., kwargs={'job_type': 'frappe.monitor.flush', 'scheduled_job_type': 's60ssvifus'}, method='frappe.core.doctype.scheduled_job_type.scheduled_job_type.run_scheduled_jo..., site='erpnext.localhost', user='Administrator') job in 0:00:00.233245s on worker 788fcd017c71498f9ef65546fcf28348
2025-04-23 10:28:01,784 home-rohy-evalaivr-evaluation:default: Job OK (erpnext.localhost||scheduled_job||s60ssvifus)
2025-04-23 10:28:01,784 Result is kept for 600 seconds
2025-04-23 10:31:59,895 home-rohy-evalaivr-evaluation:default: frappe.utils.background_jobs.execute_job(event=None, is_async=True, job_name='frappe.core.doctype.scheduled_job_type.scheduled_job_type.run_scheduled_jo..., kwargs={'job_type': 'frappe.deferred_insert.save_to_db', 'scheduled_job_type': 's6..., method='frappe.core.doctype.scheduled_job_type.scheduled_job_type.run_scheduled_jo..., site='erpnext.localhost', user='Administrator') (erpnext.localhost||scheduled_job||s6065rp0ec)
2025-04-23 10:32:01,009 Successfully completed frappe.utils.background_jobs.execute_job(event=None, is_async=True, job_name='frappe.core.doctype.scheduled_job_type.scheduled_job_type.run_scheduled_jo..., kwargs={'job_type': 'frappe.deferred_insert.save_to_db', 'scheduled_job_type': 's6..., method='frappe.core.doctype.scheduled_job_type.scheduled_job_type.run_scheduled_jo..., site='erpnext.localhost', user='Administrator') job in 0:00:01.067018s on worker 788fcd017c71498f9ef65546fcf28348
2025-04-23 10:32:01,021 home-rohy-evalaivr-evaluation:default: Job OK (erpnext.localhost||scheduled_job||s6065rp0ec)
2025-04-23 10:32:01,021 Result is kept for 600 seconds
2025-04-23 10:32:01,044 home-rohy-evalaivr-evaluation:default: frappe.utils.background_jobs.execute_job(event=None, is_async=True, job_name='frappe.core.doctype.scheduled_job_type.scheduled_job_type.run_scheduled_jo..., kwargs={'job_type': 'frappe.core.doctype.prepared_report.prepared_report.expire_st..., method='frappe.core.doctype.scheduled_job_type.scheduled_job_type.run_scheduled_jo..., site='erpnext.localhost', user='Administrator') (erpnext.localhost||scheduled_job||s608d12rfr)
2025-04-23 10:32:01,480 Successfully completed frappe.utils.background_jobs.execute_job(event=None, is_async=True, job_name='frappe.core.doctype.scheduled_job_type.scheduled_job_type.run_scheduled_jo..., kwargs={'job_type': 'frappe.core.doctype.prepared_report.prepared_report.expire_st..., method='frappe.core.doctype.scheduled_job_type.scheduled_job_type.run_scheduled_jo..., site='erpnext.localhost', user='Administrator') job in 0:00:00.406740s on worker 788fcd017c71498f9ef65546fcf28348
2025-04-23 10:32:01,489 home-rohy-evalaivr-evaluation:default: Job OK (erpnext.localhost||scheduled_job||s608d12rfr)
2025-04-23 10:32:01,490 Result is kept for 600 seconds
2025-04-23 10:32:01,528 home-rohy-evalaivr-evaluation:default: frappe.utils.background_jobs.execute_job(event=None, is_async=True, job_name='frappe.core.doctype.scheduled_job_type.scheduled_job_type.run_scheduled_jo..., kwargs={'job_type': 'frappe.email.doctype.notification.notification.trigger_offset..., method='frappe.core.doctype.scheduled_job_type.scheduled_job_type.run_scheduled_jo..., site='erpnext.localhost', user='Administrator') (erpnext.localhost||scheduled_job||s603rpotun)
2025-04-23 10:32:02,267 Successfully completed frappe.utils.background_jobs.execute_job(event=None, is_async=True, job_name='frappe.core.doctype.scheduled_job_type.scheduled_job_type.run_scheduled_jo..., kwargs={'job_type': 'frappe.email.doctype.notification.notification.trigger_offset..., method='frappe.core.doctype.scheduled_job_type.scheduled_job_type.run_scheduled_jo..., site='erpnext.localhost', user='Administrator') job in 0:00:00.708238s on worker 788fcd017c71498f9ef65546fcf28348
2025-04-23 10:32:02,270 home-rohy-evalaivr-evaluation:default: Job OK (erpnext.localhost||scheduled_job||s603rpotun)
2025-04-23 10:32:02,270 Result is kept for 600 seconds
2025-04-23 10:32:02,289 home-rohy-evalaivr-evaluation:default: frappe.utils.background_jobs.execute_job(event=None, is_async=True, job_name='frappe.core.doctype.scheduled_job_type.scheduled_job_type.run_scheduled_jo..., kwargs={'job_type': 'erpnext.manufacturing.doctype.bom_update_log.bom_update_log.r..., method='frappe.core.doctype.scheduled_job_type.scheduled_job_type.run_scheduled_jo..., site='erpnext.localhost', user='Administrator') (erpnext.localhost||scheduled_job||tgsg535gbe)
2025-04-23 10:32:02,674 Successfully completed frappe.utils.background_jobs.execute_job(event=None, is_async=True, job_name='frappe.core.doctype.scheduled_job_type.scheduled_job_type.run_scheduled_jo..., kwargs={'job_type': 'erpnext.manufacturing.doctype.bom_update_log.bom_update_log.r..., method='frappe.core.doctype.scheduled_job_type.scheduled_job_type.run_scheduled_jo..., site='erpnext.localhost', user='Administrator') job in 0:00:00.349462s on worker 788fcd017c71498f9ef65546fcf28348
2025-04-23 10:32:02,681 home-rohy-evalaivr-evaluation:default: Job OK (erpnext.localhost||scheduled_job||tgsg535gbe)
2025-04-23 10:32:02,681 Result is kept for 600 seconds
2025-04-23 10:32:02,709 home-rohy-evalaivr-evaluation:default: frappe.utils.background_jobs.execute_job(event=None, is_async=True, job_name='frappe.core.doctype.scheduled_job_type.scheduled_job_type.run_scheduled_jo..., kwargs={'job_type': 'frappe.oauth.delete_oauth2_data', 'scheduled_job_type': 's607..., method='frappe.core.doctype.scheduled_job_type.scheduled_job_type.run_scheduled_jo..., site='erpnext.localhost', user='Administrator') (erpnext.localhost||scheduled_job||s607u2ss9g)
2025-04-23 10:32:03,303 Successfully completed frappe.utils.background_jobs.execute_job(event=None, is_async=True, job_name='frappe.core.doctype.scheduled_job_type.scheduled_job_type.run_scheduled_jo..., kwargs={'job_type': 'frappe.oauth.delete_oauth2_data', 'scheduled_job_type': 's607..., method='frappe.core.doctype.scheduled_job_type.scheduled_job_type.run_scheduled_jo..., site='erpnext.localhost', user='Administrator') job in 0:00:00.550694s on worker 788fcd017c71498f9ef65546fcf28348
2025-04-23 10:32:03,306 home-rohy-evalaivr-evaluation:default: Job OK (erpnext.localhost||scheduled_job||s607u2ss9g)
2025-04-23 10:32:03,307 Result is kept for 600 seconds
2025-04-23 10:32:03,346 home-rohy-evalaivr-evaluation:default: frappe.utils.background_jobs.execute_job(event=None, is_async=True, job_name='frappe.core.doctype.scheduled_job_type.scheduled_job_type.run_scheduled_jo..., kwargs={'job_type': 'erpnext.accounts.doctype.gl_entry.gl_entry.rename_gle_sle_doc..., method='frappe.core.doctype.scheduled_job_type.scheduled_job_type.run_scheduled_jo..., site='erpnext.localhost', user='Administrator') (erpnext.localhost||scheduled_job||tgs1rnqh8d)
2025-04-23 10:32:04,047 Successfully completed frappe.utils.background_jobs.execute_job(event=None, is_async=True, job_name='frappe.core.doctype.scheduled_job_type.scheduled_job_type.run_scheduled_jo..., kwargs={'job_type': 'erpnext.accounts.doctype.gl_entry.gl_entry.rename_gle_sle_doc..., method='frappe.core.doctype.scheduled_job_type.scheduled_job_type.run_scheduled_jo..., site='erpnext.localhost', user='Administrator') job in 0:00:00.676761s on worker 788fcd017c71498f9ef65546fcf28348
2025-04-23 10:32:04,051 home-rohy-evalaivr-evaluation:default: Job OK (erpnext.localhost||scheduled_job||tgs1rnqh8d)
2025-04-23 10:32:04,051 Result is kept for 600 seconds
2025-04-23 10:32:04,065 home-rohy-evalaivr-evaluation:default: frappe.utils.background_jobs.execute_job(event=None, is_async=True, job_name='frappe.core.doctype.scheduled_job_type.scheduled_job_type.run_scheduled_jo..., kwargs={'job_type': 'erpnext.utilities.doctype.video.video.update_youtube_data', '..., method='frappe.core.doctype.scheduled_job_type.scheduled_job_type.run_scheduled_jo..., site='erpnext.localhost', user='Administrator') (erpnext.localhost||scheduled_job||tgspm1s388)
2025-04-23 10:32:05,153 Successfully completed frappe.utils.background_jobs.execute_job(event=None, is_async=True, job_name='frappe.core.doctype.scheduled_job_type.scheduled_job_type.run_scheduled_jo..., kwargs={'job_type': 'erpnext.utilities.doctype.video.video.update_youtube_data', '..., method='frappe.core.doctype.scheduled_job_type.scheduled_job_type.run_scheduled_jo..., site='erpnext.localhost', user='Administrator') job in 0:00:01.055897s on worker 788fcd017c71498f9ef65546fcf28348
2025-04-23 10:32:05,155 home-rohy-evalaivr-evaluation:default: Job OK (erpnext.localhost||scheduled_job||tgspm1s388)
2025-04-23 10:32:05,155 Result is kept for 600 seconds
2025-04-23 10:32:05,169 home-rohy-evalaivr-evaluation:default: frappe.utils.background_jobs.execute_job(event=None, is_async=True, job_name='frappe.core.doctype.scheduled_job_type.scheduled_job_type.run_scheduled_jo..., kwargs={'job_type': 'frappe.utils.global_search.sync_global_search', 'scheduled_jo..., method='frappe.core.doctype.scheduled_job_type.scheduled_job_type.run_scheduled_jo..., site='erpnext.localhost', user='Administrator') (erpnext.localhost||scheduled_job||s6091q3nn9)
2025-04-23 10:32:05,457 Successfully completed frappe.utils.background_jobs.execute_job(event=None, is_async=True, job_name='frappe.core.doctype.scheduled_job_type.scheduled_job_type.run_scheduled_jo..., kwargs={'job_type': 'frappe.utils.global_search.sync_global_search', 'scheduled_jo..., method='frappe.core.doctype.scheduled_job_type.scheduled_job_type.run_scheduled_jo..., site='erpnext.localhost', user='Administrator') job in 0:00:00.275988s on worker 788fcd017c71498f9ef65546fcf28348
2025-04-23 10:32:05,457 home-rohy-evalaivr-evaluation:default: Job OK (erpnext.localhost||scheduled_job||s6091q3nn9)
2025-04-23 10:32:05,457 Result is kept for 600 seconds
2025-04-23 10:32:05,469 home-rohy-evalaivr-evaluation:default: frappe.utils.background_jobs.execute_job(event=None, is_async=True, job_name='frappe.core.doctype.scheduled_job_type.scheduled_job_type.run_scheduled_jo..., kwargs={'job_type': 'frappe.email.doctype.email_account.email_account.notify_unrep..., method='frappe.core.doctype.scheduled_job_type.scheduled_job_type.run_scheduled_jo..., site='erpnext.localhost', user='Administrator') (erpnext.localhost||scheduled_job||s60tvhcbpc)
2025-04-23 10:32:05,765 Successfully completed frappe.utils.background_jobs.execute_job(event=None, is_async=True, job_name='frappe.core.doctype.scheduled_job_type.scheduled_job_type.run_scheduled_jo..., kwargs={'job_type': 'frappe.email.doctype.email_account.email_account.notify_unrep..., method='frappe.core.doctype.scheduled_job_type.scheduled_job_type.run_scheduled_jo..., site='erpnext.localhost', user='Administrator') job in 0:00:00.282204s on worker 788fcd017c71498f9ef65546fcf28348
2025-04-23 10:32:05,766 home-rohy-evalaivr-evaluation:default: Job OK (erpnext.localhost||scheduled_job||s60tvhcbpc)
2025-04-23 10:32:05,766 Result is kept for 600 seconds
2025-04-23 10:32:05,778 home-rohy-evalaivr-evaluation:default: frappe.utils.background_jobs.execute_job(event=None, is_async=True, job_name='frappe.core.doctype.scheduled_job_type.scheduled_job_type.run_scheduled_jo..., kwargs={'job_type': 'frappe.website.doctype.web_page.web_page.check_publish_status..., method='frappe.core.doctype.scheduled_job_type.scheduled_job_type.run_scheduled_jo..., site='erpnext.localhost', user='Administrator') (erpnext.localhost||scheduled_job||s609qc5grc)
2025-04-23 10:32:06,222 Successfully completed frappe.utils.background_jobs.execute_job(event=None, is_async=True, job_name='frappe.core.doctype.scheduled_job_type.scheduled_job_type.run_scheduled_jo..., kwargs={'job_type': 'frappe.website.doctype.web_page.web_page.check_publish_status..., method='frappe.core.doctype.scheduled_job_type.scheduled_job_type.run_scheduled_jo..., site='erpnext.localhost', user='Administrator') job in 0:00:00.431804s on worker 788fcd017c71498f9ef65546fcf28348
2025-04-23 10:32:06,223 home-rohy-evalaivr-evaluation:default: Job OK (erpnext.localhost||scheduled_job||s609qc5grc)
2025-04-23 10:32:06,223 Result is kept for 600 seconds
2025-04-23 10:32:06,236 home-rohy-evalaivr-evaluation:default: frappe.utils.background_jobs.execute_job(event=None, is_async=True, job_name='frappe.core.doctype.scheduled_job_type.scheduled_job_type.run_scheduled_jo..., kwargs={'job_type': 'frappe.automation.doctype.reminder.reminder.send_reminders', ..., method='frappe.core.doctype.scheduled_job_type.scheduled_job_type.run_scheduled_jo..., site='erpnext.localhost', user='Administrator') (erpnext.localhost||scheduled_job||s60860egc9)
2025-04-23 10:32:06,560 Successfully completed frappe.utils.background_jobs.execute_job(event=None, is_async=True, job_name='frappe.core.doctype.scheduled_job_type.scheduled_job_type.run_scheduled_jo..., kwargs={'job_type': 'frappe.automation.doctype.reminder.reminder.send_reminders', ..., method='frappe.core.doctype.scheduled_job_type.scheduled_job_type.run_scheduled_jo..., site='erpnext.localhost', user='Administrator') job in 0:00:00.312024s on worker 788fcd017c71498f9ef65546fcf28348
2025-04-23 10:32:06,560 home-rohy-evalaivr-evaluation:default: Job OK (erpnext.localhost||scheduled_job||s60860egc9)
2025-04-23 10:32:06,560 Result is kept for 600 seconds
2025-04-23 10:32:06,573 home-rohy-evalaivr-evaluation:default: frappe.utils.background_jobs.execute_job(event=None, is_async=True, job_name='frappe.core.doctype.scheduled_job_type.scheduled_job_type.run_scheduled_jo..., kwargs={'job_type': 'frappe.twofactor.delete_all_barcodes_for_users', 'scheduled_j..., method='frappe.core.doctype.scheduled_job_type.scheduled_job_type.run_scheduled_jo..., site='erpnext.localhost', user='Administrator') (erpnext.localhost||scheduled_job||s606f3j3k3)
2025-04-23 10:32:06,767 Successfully completed frappe.utils.background_jobs.execute_job(event=None, is_async=True, job_name='frappe.core.doctype.scheduled_job_type.scheduled_job_type.run_scheduled_jo..., kwargs={'job_type': 'frappe.twofactor.delete_all_barcodes_for_users', 'scheduled_j..., method='frappe.core.doctype.scheduled_job_type.scheduled_job_type.run_scheduled_jo..., site='erpnext.localhost', user='Administrator') job in 0:00:00.182867s on worker 788fcd017c71498f9ef65546fcf28348
2025-04-23 10:32:06,767 home-rohy-evalaivr-evaluation:default: Job OK (erpnext.localhost||scheduled_job||s606f3j3k3)
2025-04-23 10:32:06,767 Result is kept for 600 seconds
2025-04-23 10:32:06,780 home-rohy-evalaivr-evaluation:default: frappe.utils.background_jobs.execute_job(event=None, is_async=True, job_name='frappe.core.doctype.scheduled_job_type.scheduled_job_type.run_scheduled_jo..., kwargs={'job_type': 'frappe.email.doctype.email_account.email_account.pull', 'sche..., method='frappe.core.doctype.scheduled_job_type.scheduled_job_type.run_scheduled_jo..., site='erpnext.localhost', user='Administrator') (erpnext.localhost||scheduled_job||s60v5h24ke)
2025-04-23 10:32:07,086 Successfully completed frappe.utils.background_jobs.execute_job(event=None, is_async=True, job_name='frappe.core.doctype.scheduled_job_type.scheduled_job_type.run_scheduled_jo..., kwargs={'job_type': 'frappe.email.doctype.email_account.email_account.pull', 'sche..., method='frappe.core.doctype.scheduled_job_type.scheduled_job_type.run_scheduled_jo..., site='erpnext.localhost', user='Administrator') job in 0:00:00.294696s on worker 788fcd017c71498f9ef65546fcf28348
2025-04-23 10:32:07,087 home-rohy-evalaivr-evaluation:default: Job OK (erpnext.localhost||scheduled_job||s60v5h24ke)
2025-04-23 10:32:07,087 Result is kept for 600 seconds
2025-04-23 10:32:07,110 home-rohy-evalaivr-evaluation:default: frappe.utils.background_jobs.execute_job(event=None, is_async=True, job_name='frappe.core.doctype.scheduled_job_type.scheduled_job_type.run_scheduled_jo..., kwargs={'job_type': 'frappe.integrations.doctype.google_calendar.google_calendar.s..., method='frappe.core.doctype.scheduled_job_type.scheduled_job_type.run_scheduled_jo..., site='erpnext.localhost', user='Administrator') (erpnext.localhost||scheduled_job||s60e2kq4sq)
2025-04-23 10:32:07,740 Successfully completed frappe.utils.background_jobs.execute_job(event=None, is_async=True, job_name='frappe.core.doctype.scheduled_job_type.scheduled_job_type.run_scheduled_jo..., kwargs={'job_type': 'frappe.integrations.doctype.google_calendar.google_calendar.s..., method='frappe.core.doctype.scheduled_job_type.scheduled_job_type.run_scheduled_jo..., site='erpnext.localhost', user='Administrator') job in 0:00:00.595076s on worker 788fcd017c71498f9ef65546fcf28348
2025-04-23 10:32:07,743 home-rohy-evalaivr-evaluation:default: Job OK (erpnext.localhost||scheduled_job||s60e2kq4sq)
2025-04-23 10:32:07,743 Result is kept for 600 seconds
2025-04-23 10:32:07,757 home-rohy-evalaivr-evaluation:default: frappe.utils.background_jobs.execute_job(event=None, is_async=True, job_name='frappe.core.doctype.scheduled_job_type.scheduled_job_type.run_scheduled_jo..., kwargs={'job_type': 'frappe.email.queue.flush', 'scheduled_job_type': 's60b9alidp'..., method='frappe.core.doctype.scheduled_job_type.scheduled_job_type.run_scheduled_jo..., site='erpnext.localhost', user='Administrator') (erpnext.localhost||scheduled_job||s60b9alidp)
2025-04-23 10:32:08,225 Successfully completed frappe.utils.background_jobs.execute_job(event=None, is_async=True, job_name='frappe.core.doctype.scheduled_job_type.scheduled_job_type.run_scheduled_jo..., kwargs={'job_type': 'frappe.email.queue.flush', 'scheduled_job_type': 's60b9alidp'..., method='frappe.core.doctype.scheduled_job_type.scheduled_job_type.run_scheduled_jo..., site='erpnext.localhost', user='Administrator') job in 0:00:00.455337s on worker 788fcd017c71498f9ef65546fcf28348
2025-04-23 10:32:08,225 home-rohy-evalaivr-evaluation:default: Job OK (erpnext.localhost||scheduled_job||s60b9alidp)
2025-04-23 10:32:08,225 Result is kept for 600 seconds
2025-04-23 10:32:08,251 home-rohy-evalaivr-evaluation:default: frappe.utils.background_jobs.execute_job(event=None, is_async=True, job_name='frappe.core.doctype.scheduled_job_type.scheduled_job_type.run_scheduled_jo..., kwargs={'job_type': 'frappe.monitor.flush', 'scheduled_job_type': 's60ssvifus'}, method='frappe.core.doctype.scheduled_job_type.scheduled_job_type.run_scheduled_jo..., site='erpnext.localhost', user='Administrator') (erpnext.localhost||scheduled_job||s60ssvifus)
2025-04-23 10:32:08,519 Successfully completed frappe.utils.background_jobs.execute_job(event=None, is_async=True, job_name='frappe.core.doctype.scheduled_job_type.scheduled_job_type.run_scheduled_jo..., kwargs={'job_type': 'frappe.monitor.flush', 'scheduled_job_type': 's60ssvifus'}, method='frappe.core.doctype.scheduled_job_type.scheduled_job_type.run_scheduled_jo..., site='erpnext.localhost', user='Administrator') job in 0:00:00.255372s on worker 788fcd017c71498f9ef65546fcf28348
2025-04-23 10:32:08,519 home-rohy-evalaivr-evaluation:default: Job OK (erpnext.localhost||scheduled_job||s60ssvifus)
2025-04-23 10:32:08,520 Result is kept for 600 seconds
